desig,theta,gx,gy,gz
C/1890 F1,47.823332820473006,0.17601443107324047,-0.10403453859415059,0.9788747288767168
C/1898 L1,80.10281027999388,-0.4476422015530305,-0.5433318721241095,-0.7102161193065575
C/1902 R1,26.732179208357856,-0.39808367796625355,-0.9158629081071776,0.052196924146195166
C/1902 X1,103.94698793958848,-0.20945882832854354,0.9745441100100636,0.07994233471651059
C/1912 R1,68.80716081784753,-0.6005308182339092,-0.7432559804473114,0.2948445079709257
C/1913 Y1,62.45674030023734,-0.7455994749174178,-0.2832276192480637,0.6032110233557946
C/1914 M1,45.53750991013871,-0.07689827104993716,-0.9532689435400135,0.2921728549876549
C/1916 G1,73.52200972575226,0.8372486686916136,-0.18222969313395887,0.5155647444447921
C/1922 U1,100.46227156911299,0.4136057998637313,-0.4018503758809145,0.8169740006410553
C/1925 F1,77.8613178477599,-0.9113431042545505,0.36397847793434135,-0.19228472099540286
C/1925 G1,74.49375705885437,0.8929930579031404,-0.2618892829552568,0.36602923655082525
C/1925 W1,106.44839720142889,-0.5629409343583224,0.5094280447414103,0.6508306781757621
C/1932 M1,57.99652148574308,-0.496890469296445,-0.356571420863502,0.7911742433533475
C/1932 M2,41.68591451486618,-0.7535370845100007,-0.573106317337951,-0.3220729906333342
C/1935 Q1,81.79779270619946,0.7363272415118267,-0.2583912250288812,0.6253448394571256
C/1937 C1,24.76935840011698,-0.48769100401907894,-0.13564438275738555,0.8624141035634973
C/1941 K1,66.73668694520322,-0.7484932510942001,0.20151054000550864,0.6317842632838547
C/1942 C1,79.98635138298187,-0.21480471525725994,0.633365894621946,-0.7434423836673487
C/1944 K2,45.873627120390836,-0.9359828174503741,0.013187715826892769,-0.35179859236348404
C/1946 P1,51.20309172149465,-0.7947763327230943,-0.5308650323254325,-0.29413075051301024
C/1946 U1,168.62309863911736,0.9373687435006254,0.3066933292206902,-0.16516367796700332
C/1947 S1,54.54780525589649,0.5953781076286386,-0.8018414739009184,-0.050746031262986324
C/1947 Y1,43.020193356194206,0.158402881723935,-0.6164892264881378,0.7712649095386168
C/1948 E1,50.579923481958495,0.08080413366071332,0.06406255505470283,0.9946691314317564
C/1948 T1,139.21059218778808,0.3087006031075847,0.8491783407423916,0.42848580286283955
C/1950 K1,31.46258969425832,-0.648677080858349,-0.7523837217913361,-0.11461579277092813
C/1954 O2,113.82525560755352,-0.20591191888298205,0.8483262432082579,0.48779387731509294
C/1954 Y1,99.78575749684663,0.16975467005049333,0.395950209851145,0.9024448921207778
C/1955 G1,42.720337733572364,0.10384797647219696,-0.5844149125823961,0.8047824598821353
C/1958 R1,100.64242988259974,0.6103100084003537,0.3268858176283338,0.7215728347712489
C/1959 X1,41.86248649681285,-0.8816589272015577,-0.4251703618612427,0.20471370125269642
C/1960 M1,45.485152148365806,0.0302456521513039,-0.8667496277095242,0.4978255551810728
C/1973 A1,49.66792863735961,-0.983509778820528,-0.14099947670462282,-0.1132592712912222
C/1977 D1,78.84700612944415,-0.7819495456363791,0.4017560639171732,0.4765993843731238
C/1978 R3,149.92600098603484,-0.20098124625606337,0.8934950909252477,-0.40158817356322
C/1986 P1-A,45.243536047419376,0.41367751374413664,-0.5303853711107303,-0.7399745081651141
C/1990 M1,8.928400993964186,-0.44244485337970496,-0.8589585567056687,0.2577455132100773
C/1992 A1,81.04878298265838,-0.7471311303584355,0.48117836005146,-0.45854384726819103
C/2003 A2,88.35363727560905,-0.8299579720279312,0.5569082229753428,-0.03198430630370934
C/2003 WT42,79.17888808103362,-0.52335409728053,0.643023921589439,0.5591249637812826
C/2004 YJ35,97.09538722261519,0.15952933678739703,0.7171233181329931,0.6784427295609403
C/2008 FK75,60.50586020663946,-0.05552578907879983,-0.4986822536346005,0.8650045645296287
C/2008 S3,137.24470915595168,0.9123130349869197,0.36900214104144524,0.1775453353365965
C/2009 F4,97.99223138373527,0.07463671457675344,-0.39599892373677437,-0.9152126601159452
C/2010 S1,78.68454118396437,0.6260079316045097,-0.30066629238249676,0.7195233493036945
C/2010 U3,81.22498097331935,-0.26802948569864193,0.41326672528448394,0.8702705375736676
C/2011 F1,50.69113853255465,0.1324206667650105,-0.9840225552232953,-0.1190141916971532
C/2011 L2,91.06822349197469,-0.35534792845540814,-0.5264926965729465,-0.7723556759665832
C/2011 L4,164.29317077137708,0.9912119120725981,0.056426567641736265,-0.11964525828279576
C/2011 R1,64.38948695611636,-0.5107538475042622,-0.6738482683315159,-0.5339091856544614
C/2012 A1,137.90049363203218,-0.08567649494446607,0.9762313215767913,-0.1990777360391226
C/2012 B3,31.018790543749994,-0.39861588812402765,-0.675310113167913,0.6205333389820671
C/2012 CH17,36.61199665196125,-0.6052681811187659,-0.7612916071478211,0.23256293301269731
C/2012 F3,39.27599347687889,0.27347743732548846,-0.9409288727747734,0.19965707513804204
C/2012 K1,112.86183392230305,-0.7186596920019885,0.683318435036873,-0.12885714349761804
C/2012 K8,56.3941254326117,-0.16531636681676534,-0.27775731881870036,0.9463199092828765
C/2012 LP26,69.76178696147447,0.44782109159127426,-0.8476062678896122,0.28463992088293333
C/2012 S3,72.79801617682837,0.1306520982077438,-0.9878147250126158,-0.08457007911882466
C/2013 B2,89.52969338619411,-0.586426817748888,0.7783537180573702,0.22420766492513147
C/2013 E1,58.03107680085586,-0.9533650841448682,0.12333248121523079,-0.2754707160675036
C/2013 G3,52.74091183035789,-0.14619269361097126,-0.6055278552910288,0.7822810957714724
C/2013 G8,83.10253123781959,0.5494788273345035,-0.7072516374528303,0.44482371747849664
C/2013 G9,45.88387749963957,-0.877689106495839,-0.41547059625338517,-0.23884307816512562
C/2013 P3,125.41659927864424,0.9871488512838652,-0.1511211352268198,0.05195717367893175
C/2013 US10,37.250830937262336,-0.7701916730885771,-0.6326161227787841,-0.08125040249350711
C/2013 V1,105.39017316255122,0.3206907407828232,0.7938955694703198,0.5166113370335197
C/2013 V4,121.30524160967315,0.04244386367465704,0.7664200315642536,0.6409359200836037
C/2013 V5,96.5119318557859,-0.7530412640901523,-0.6103599881854626,-0.24574283183797596
C/2014 AA52,124.11028395422912,0.7082896766205675,-0.12230775094489203,-0.6952456746010969
C/2014 B1,82.6481584677101,-0.8667210255826748,0.4873859632475118,-0.10606406857277952
C/2014 M1,36.74118082392264,-0.4029127823857947,-0.9049642125669662,-0.1367518327598867
C/2014 N3,146.56043998549168,0.9754909630935231,0.20481301976464597,-0.08043014271874503
C/2014 OE4,51.59043920034312,-0.10462394238479472,-0.53793295218921,0.8364699454426705
C/2014 Q6,98.31491796332946,0.7722145603914095,-0.634749225225154,0.027894332678321317
C/2014 UN271,60.763446400689105,-0.7775092210893038,-0.2782902701564324,-0.5639449766221561
C/2014 W10,120.99932203826538,0.5809307577994332,0.48387825678734203,0.6545084317646485
C/2014 W3,111.95900407941579,-0.12528373441618043,0.9091003741072418,0.3972914493024095
C/2014 W6,64.96244961422282,-0.8265954645243491,0.04720553523907059,-0.5608133160603166
C/2015 D3,73.84761541068325,-0.8520441609680856,0.5220199308365511,0.03893506863475974
C/2015 H2,70.56096279792554,-0.023491770201279003,-0.8336236023131786,-0.5518331508700882
C/2015 K7,28.178821698722125,-0.1982504221352906,-0.9796951298169531,0.029903557248632032
C/2015 O1,38.68621026169809,-0.3050396300007203,-0.460247004995313,0.8337406782218726
C/2015 R3,107.41536926239965,0.2443847295835247,-0.1833866987086576,-0.9521793017510554
C/2015 V2,12.169941585482526,-0.7882862897626703,-0.4733863122974205,0.3930777591032753
C/2015 VL62,92.5545501941134,0.7203557957215235,-0.6256342781275656,0.2994482886947437
C/2015 X5,111.81725769939952,-0.2627874572066649,0.8579165929387748,0.44149957179501303
C/2015 X7,97.88679592117026,-0.667140230261946,0.7331554908111476,-0.1319353609139824
C/2015 XY1,141.45830067466432,0.12894161115852368,0.9826866109996383,-0.13304542635464625
C/2016 A1,102.71474099425284,-0.6738137658203374,0.7204646036522439,0.16402976521116824
C/2016 C1,77.05920460894161,-0.8484230973200646,0.2213835922165776,-0.48079886962337187
C/2016 E1,33.0669509184072,-0.8046243840365801,-0.13360550032063906,0.5785578371241944
C/2017 AB5,97.20405283824624,-0.34705004374505183,0.7457617549937995,0.568678882960433
C/2017 E3,45.035193830899786,-0.8081494653995006,-0.35417915907678893,-0.4705864052967958
C/2017 F1,113.30745922256202,-0.24213326969559992,0.7719745266465188,0.5877302186508713
C/2017 F2,44.361321744462686,-0.8808041168724765,-0.15274751122635405,0.44816548898219677
C/2017 K1,16.7385009918955,-0.6638578893533014,-0.7470895080376738,0.03391120350866842
C/2017 K5,51.65139879402243,0.3155000247369027,-0.9390568047329942,0.136499274267935
C/2017 M4,20.206023625798114,-0.17018462215991273,-0.9711404369086872,0.16710310045325816
C/2017 S6,114.13912205969977,0.9532039213066402,-0.22524573518261423,0.20165972128238224
C/2017 T2,64.51949653517819,-0.0618144074098342,0.5938879214842275,0.8021696302850881
C/2018 C2,7.1367387543019385,-0.6650546831839156,-0.35712541165002476,0.6558686672870888
C/2018 S3,96.46063343614148,-0.031859752311823565,-0.10325593157590507,-0.9941444406005705
C/2018 U1,31.17501783826206,-0.34691702268089514,-0.937876760079477,-0.005980156941641443
C/2019 F1,80.11427694838704,0.10660511422248495,-0.4126713673910193,-0.9046201922117576
C/2019 G4,63.63251156004515,-0.8072536632274493,-0.18264993970273868,-0.5612312560188089
C/2019 K7,66.72306330550414,0.563071760634627,-0.6362733016106417,0.5273580169422994
C/2019 N1,44.960407504121,-0.8056973099556495,-0.5695340318994885,-0.1627354639853968
C/2019 NJ3,98.29063730016628,0.019904629135787406,-0.460283547308948,-0.8875487940477741
C/2019 O3,66.21342485107105,0.34886655120768434,-0.4383299420136999,0.8283471442473395
C/2019 Q1,110.272891760716,0.9247741551547043,-0.003691702564852036,0.380498532572828
C/2020 F2,25.406588598017443,-0.9375587336123409,-0.27805799848267165,0.20896739101360776
C/2020 H6,11.453347843471313,-0.8108629171044971,-0.5085629899297077,0.28959456993966837
C/2020 K6,49.138517229117994,-0.059746301836649245,-0.7209741870689776,0.6903814894658393
C/2020 K8,148.6173252901632,-0.8425570732282522,0.49084760216325934,-0.2217345480605585
C/2020 N1,122.50986267784664,0.4894115720322861,0.8699996298458553,-0.0598076686467626
C/2020 O2,30.90808423622729,-0.37048362062565143,-0.9120159754794865,0.17597939458444872
C/2020 R7,52.08469336118704,-0.27756956577524544,-0.9412005508645211,-0.19260493038254148
C/2020 S4,89.23268578126051,-0.713701610068511,0.677651996331526,0.17725062384520038
C/2020 U4,150.79016395137356,0.6877952787057006,0.7028196375255511,0.1816100539579263
C/2021 A6,70.80988836897824,-0.8970980153520731,0.4162276363310804,-0.1482218121789557
C/2021 A9,125.45798125846044,-0.3325128606511833,0.9176467938445415,-0.21762251549047054
C/2021 C5,67.91371756792003,-0.1155667150253127,-0.6698295074321075,-0.7334662673576192
C/2021 D2,88.27570061682378,-0.02869296845504682,0.3237668204997012,0.9457017286146578
C/2021 E3,67.52208236328356,-0.02761908917121696,-0.20330057243554428,-0.9787267561279462
C/2021 G3,81.27938704374449,-0.885388641263659,0.4353263025677499,0.16302749526991991
C/2021 K3,65.62737962475312,0.44223451026190574,-0.8966637066251805,-0.020562955881992865
C/2021 Q6,116.21720513527109,0.9759749707113835,-0.1268819830100209,0.1771265619052062
C/2021 Y1,125.60263695010391,0.3037869609268812,0.6248118517225263,-0.7192521340377639
C/2022 K1,54.16676971247335,0.20033487210861964,-0.9214584427642982,0.3328367126319116
C/2022 T1,39.21474286457947,-0.744995096627159,-0.6157861187085899,-0.256495150065845
C/2025 D1,97.00632777189854,-0.6338861383700327,0.7665559695437073,-0.10286062968519388
