realization,grav_rms,ng_rms,A1,s_A1,A2,s_A2,A3,s_A3,n_keep
ctrl,0.4098,0.4088,6.349378e-08,4.073e-07,6.850582e-08,3.572e-07,4.893479e-08,2.808e-07,190
ent_full,0.3955,0.3952,-1.327901e-05,2.210e-03,-9.534438e-06,5.282e-04,-2.130359e-05,6.869e-04,190
ent_pos,0.3955,0.3953,-1.313105e-05,2.145e-03,-9.316085e-06,5.154e-04,-2.079494e-05,6.700e-04,190
ent_vel,0.4095,0.4085,7.031968e-08,4.392e-07,7.539037e-08,3.885e-07,5.445328e-08,3.091e-07,190
mid,201.7416,139.5878,4.355507e-05,3.598e-04,3.307173e-05,2.474e-04,-5.473590e-06,3.731e-04,167
lapse_-1.20e-03,6.4806,0.3535,6.893084e-07,3.979e-08,4.225341e-09,3.213e-08,1.431409e-08,1.601e-08,191
lapse_-6.00e-04,0.8042,0.3935,4.296210e-07,1.603e-07,5.999968e-08,1.328e-07,5.556698e-08,9.046e-08,190
lapse_-4.70e-04,1.1187,0.3995,3.386475e-07,1.993e-07,4.359579e-08,1.674e-07,3.937030e-08,1.179e-07,190
lapse_-3.00e-04,0.6880,0.4066,2.482584e-07,2.655e-07,6.186451e-08,2.271e-07,4.767587e-08,1.668e-07,190
lapse_-1.50e-04,0.4640,0.4089,1.482992e-07,3.323e-07,6.105697e-08,2.871e-07,4.440101e-08,2.182e-07,190
lapse_-7.50e-05,0.4334,0.4090,1.079567e-07,3.679e-07,6.699018e-08,3.198e-07,4.820287e-08,2.472e-07,190
lapse_+0.00e+00,0.4098,0.4088,6.349378e-08,4.073e-07,6.850582e-08,3.572e-07,4.893479e-08,2.808e-07,190
lapse_+7.50e-05,0.4158,0.4084,2.033248e-08,4.513e-07,7.113431e-08,4.006e-07,5.075468e-08,3.201e-07,190
lapse_+1.50e-04,0.4154,0.4080,-2.114090e-08,4.999e-07,7.566297e-08,4.502e-07,5.423783e-08,3.653e-07,190
lapse_+3.00e-04,0.4331,0.4072,-1.119172e-07,6.070e-07,7.922820e-08,5.663e-07,5.684299e-08,4.728e-07,190
lapse_+4.70e-04,0.4441,0.4064,-2.203258e-07,7.372e-07,8.236897e-08,7.213e-07,5.889626e-08,6.199e-07,190
lapse_+6.00e-04,0.4513,0.4058,-3.031619e-07,8.385e-07,8.959195e-08,8.545e-07,6.455091e-08,7.492e-07,190
lapse_+1.20e-03,0.4739,0.4035,-6.939160e-07,1.276e-06,2.356763e-07,1.646e-06,1.976932e-07,1.556e-06,190
REAL_RECORD,0.3805,0.2609,2.869148e-07,4.857e-07,5.987113e-08,4.261e-07,5.249884e-08,3.350e-07,173
