desig,cat_theta,our_dtau,W_in_res,W_out_res,dth_in_res,dt_pred,v_cross,G_in,G_out
C/1950 K1 (Minkowski),20.88926842995831,7.704244042710719,-2.590451144545215,2.812811223238001,-2.5911800720859786,-11.48724225604314,0.8890133647708724,-1.1926295483292337,-1.0695150934514472
C/1954 O2 (Baade),106.87712733649107,9.537564191306473,2.873177166071145,-2.708592611452225,2.875448099773431,12.740978427904356,0.8864478220013098,1.2066599069190977,1.0491136730004778
C/1954 Y1 (Haro-Chavira),97.45034730837217,14.064399713993266,-3.158562223679569,2.7689940527455725,-3.1595696158930235,-14.006505978928036,0.8867019380171,0.9306674667565342,1.0194697989320671
C/1958 R1 (Burnham-Slaughter),100.30216468476884,9.024186704738677,2.3943050557271937,-1.806283051080029,2.3962655553817225,10.617441007495161,0.8866349623345452,0.99192399823607,0.8183624887914965
C/1959 Y1 (Burnham),93.72799979856819,34.79310390828309,-0.46371486712883087,0.171537555690583,-0.463879334155396,-2.0563232885725475,0.8886725165313843,-0.1836081342633658,-0.1695386874625714
C/1961 R1 (Humason),77.50301352259677,24.35157637410052,-3.4754026605701576,1.4199624913841238,-3.4783711234022916,-15.411521033057427,0.7687053823153139,-0.3373204492723996,-0.24311854723192833
C/1963 F1 (Alcock),21.27944807512209,6.882266887770449,2.538534863575989,-0.3568757664107973,2.5454340127077373,11.257021779667005,0.8594185634410587,1.1331136840315401,0.9294256854900408
C/1966 P1 (Kilston),97.5589866986905,4.549116069364062,-2.630153242185727,2.9619600269813895,-2.631016542849433,-11.66329947087616,0.8890503257425197,0.09167764008012987,0.1667638345059317
C/1967 C2 (Wild),84.75453582883947,18.94610009072243,2.000303187182536,-1.7977468828341248,2.001965940452929,8.870256960871986,0.8736273923593372,1.5603599822423486,1.4285395656870374
C/1967 Y1 (Ikeya-Seki),37.954600190361845,19.211064490572532,1.6882570986019814,-2.8903427530837713,1.6887654708501332,7.486502234548113,0.8677647400552281,1.1282388592196018,1.0691678294785387
C/1968 H1 (Tago-Honda-Yamamoto),36.23605589573218,32.684389786989016,0.01022399663038745,-3.1257792193268963,0.010266000804786147,0.04533786570942969,0.7398289585544642,0.8957872728307924,0.8927115574051715
C/1968 N1 (Honda),128.23418923067746,24.5299164356141,-1.730037066690675,1.8515264534595564,-1.7314243416847361,-7.671773674966973,0.8898008242518438,0.480839181469215,0.6136385848762546
C/1968 Y1 (Thomas),99.8180698954141,3.8581354581905316,2.8551837076627207,-2.724964902836556,2.8569563513985003,12.661187223890781,0.8528952045696732,1.1387455276916854,1.0050254616719985
C/1969 T1 (Tago-Sato-Kosaka),115.19977958999485,24.33545876329819,-1.4966949674472483,0.5863941142110558,-1.4976225021433416,-6.637028345688242,0.8746291100373916,-0.723354193613286,-0.6525997849639156
C/1969 Y1 (Bennett),21.566138259533496,21.339645239873793,-2.8960643242183552,0.14372630784188622,-2.8979477139183407,-12.842470529287157,0.707312963459346,-0.8918378680315051,-0.8739353025840436
C/1970 N1 (Abe),65.61699513428971,22.65745418431922,2.799655921938434,-0.5672173198266418,2.800195718006336,12.414951687698679,0.8801562963680841,0.49291805693400015,0.45491650875253187
C/1971 E1 (Toba),75.5616762647101,17.13845370528806,-2.003763110438248,1.45294646893977,-2.005676998422976,-8.885599839161497,0.8890806686497016,0.09841017147806966,0.25982874360474606
C/1972 L1 (Sandage),47.36233902137435,18.822122700885707,-3.1364556227987297,3.134643210876633,-3.1364871664944975,-13.9084752245899,0.8864523998362889,0.6925804693365825,0.6973082487832221
C/1972 U1 (Kojima),150.96290898964494,11.172838677352033,-1.684897369902958,0.8938085835599477,-1.6981880110719887,-7.471603664636254,0.8791645443194575,1.1199978768477956,-1.4406217510990806
C/1972 X1 (Araya),124.96710450416991,2.5046899284245643,3.0741788546267093,-2.065905685681813,3.0783646523956336,13.632311621033102,0.878129677557425,-0.6246294505755975,-0.9868271244385192
C/1973 E1 (Kohoutek),79.70419789660481,29.037674886244268,0.18417020871627537,-0.3891865662283931,0.18443547667283725,0.8166947322379645,0.8891802100356179,0.027617559514091446,0.004317554793999099
C/1973 N1 (Sandage),27.222989057312407,7.437588091170155,2.941041797893314,-2.1989066486506115,2.9433525842021857,13.041921168322375,0.8771782431629669,1.1701773293882118,0.7403639070319166
C/1974 C1 (Bradfield),89.75055947132928,10.960067416738216,-0.9574919426638705,0.8963624317179507,-0.9583005918929675,-4.24595612495917,0.8690336020890761,-1.4363760082788382,-1.360317675556549
C/1974 F1 (Lovas),79.05856911660054,2.7093626240197906,2.150240993897664,-3.117346788481986,2.151890339131798,9.535149604264738,0.889452789076518,-0.49262921637929563,-0.6430765071365837
C/1975 E1 (Bradfield),134.06081556805884,38.656641266927224,-2.2137085508764636,1.6066748983083283,-2.215827055037093,-9.816593708682577,0.8858738994322546,-0.9653996547766956,-0.7394690084935931
C/1975 N1 (Kobayashi-Berger-Milon),89.86825026007158,12.584733499995176,0.7768771823855246,-1.0176773723094228,0.7778152263359208,3.445027873251583,0.8668544136689058,1.009836724665402,0.9407289241294361
C/1975 T1 (Mori-Sato-Fujikawa),113.28294332575511,16.357615653752536,1.7402859700934994,-2.2735752598619827,1.74229938336598,7.717221988668985,0.8425486896459349,-0.8975424005566554,-1.04442385226402
C/1975 V2 (Bradfield),58.11250857293262,49.327779895256654,0.7970682168017255,-0.7059100205556461,0.798088754356445,3.534564131917339,0.8849924042813107,-0.13885463791391744,-0.21828383047096986
C/1977 R1 (Kohler),130.70489965542575,14.57516518688665,-2.4017655630452697,0.9482400943768479,-2.4024782892263854,-10.650524300764824,0.8850528625988004,0.1782059143755221,0.22797075969468295
C/1978 H1 (Meier),45.78866677834855,11.655457562746028,1.7854864086217468,-1.5297670087400626,1.787390503362926,7.917661355590349,0.8842699444602312,-0.8630206890884269,-1.0431395099397855
C/1979 M1 (Bradfield),81.96184299156657,38.99204090760865,-0.8594762045594022,0.7384590485458846,-0.8602765053750381,-3.8113096229852537,0.8856481535845061,1.253122166031883,1.3200286469218019
C/1979 M3 (Torres),76.94958283516021,2.3790066176683853,2.5975949098797098,-2.607352405156555,2.60140877355024,11.518920970845565,0.8898304955092572,0.18187049841340192,-0.1239450620424177
C/1980 E1 (Bowell),42.49351792105261,382.290236311945,1.1310669013775543,-1.9314586092065704,1.1326566591176295,5.01566668465275,0.8841224267842849,-0.15971910128926686,-0.8678185045082543
C/1980 V1 (Meier),77.64111350533365,35.97865421972723,2.86784349658223,-1.5741238934051094,2.868855914823992,12.717326503928934,0.7938425219370399,0.7092345625959335,0.6657176967620633
C/1980 Y2 (Panther),76.67802446155825,17.227980362375543,2.321592992242437,-1.8371825493233076,2.3236755914729534,10.295002543467373,0.8705536832904051,1.0188521648796252,0.8614175070898519
C/1982 M1 (Austin),103.38410167202447,16.55581260813787,1.2648281938726114,-1.1170597894405367,1.2661439576064393,5.60882528353531,0.8466317197045736,0.35361688213529757,0.26077278544760274
C/1983 R1 (Shoemaker),131.34836546825724,9.582342989739843,-2.5798570338173943,2.5307892535386274,-2.5824427313021183,-11.440263135562878,0.8747045796175081,-0.0057148911259332375,0.22679435342139376
C/1984 K1 (Shoemaker),62.4262116366527,13.74932008666219,-3.1594618789090094,2.92461975019336,-3.159818686105587,-14.010495460678834,0.8795473065999005,-1.005788896645507,-0.9677793963948604
C/1984 N1 (Austin),38.5820694664951,10.18440399645541,-0.4770269977743146,0.8548153780507685,-0.47763518115779124,-2.1153553494515087,0.876789007591373,-1.4679048731421804,-1.4160053526179155
C/1984 V1 (Levy-Rudenko),101.91766057880275,18.299886612528805,1.649879058124866,-1.357720976360084,1.651436905590557,7.316316493272436,0.8555518331664111,0.8299988168866613,0.7091634824214518
C/1984 W2 (Hartley),114.21460874477057,0.4578273246292348,3.10143087199194,-2.7457391236684314,3.1025739356959883,13.753159499635059,0.8875917988162165,-0.7932882469169392,-0.9245044544717429
C/1985 R1 (Hartley-Good),85.26527320170392,25.540072238131913,1.0659508902978878,-1.523970207763231,1.066996513460601,4.726912582652251,0.8734003102038491,0.8641462745741738,0.7816234155817177
C/1986 V1 (Sorrells),137.9937821126925,22.77300378503619,-1.6340529650196727,2.6682575122021754,-1.6350853822053166,-7.246136375863595,0.8788935243194704,0.2816261337773791,0.3863218849093399
C/1987 B1 (Nishikawa-Takamizawa-Tago),121.45477682991825,28.220634621651403,-0.7592550820912595,2.2982942362773793,-0.7601788067883141,-3.3668834405465797,0.7663365607287813,0.004316250768441765,0.037040337489024674
C/1987 P1 (Bradfield),110.39861316886417,32.23477174720262,1.9283845472719738,-1.1449874512905718,1.9301587303983267,8.551336898967943,0.7321221277453381,0.3412229312774704,0.31188606178370754
C/1987 Q1 (Rudenko),73.27267330708727,10.180244206999474,0.8622745334712922,-1.2126124168944876,0.8631187825751953,3.823718690104956,0.8728086616147674,1.337285792228416,1.2664016514137546
C/1987 U3 (McNaught),43.6174418692216,10.475986858358075,1.6094741052329629,-1.1037812531275215,1.61281460575424,7.137142497580351,0.8462658309400644,0.15345684933517362,-0.05078568249899335
C/1987 W3 (Jensen-Shoemaker),168.13509081600205,32.37363446910551,-3.2632974747744905,1.1657112390740163,-3.2700326452275554,-14.470949867247764,0.8860334330219984,-0.2679458693678504,0.22235751171005833
C/1988 A1 (Liller),110.51980268473883,25.837535659456645,1.1884472039970553,-1.795963343230766,1.189274562664952,5.270117125960337,0.7713947703401126,0.8380531922082228,0.8094088888133069
C/1988 L1 (Shoemaker-Holt-Rodriquez),89.02784346420879,4.113397040929722,-1.5849315681825018,3.6498933122902213,-1.5870934648847934,-7.02830969088171,0.8856968734468982,-0.6041683226084483,-0.4186683561970752
C/1989 A5 (Shoemaker),75.65739131130601,4.945813446663272,-2.3217787591717594,2.6307002194807176,-2.32462967669949,-10.295826318787274,0.8361749908913945,1.3212564347152516,1.502941665939506
C/1989 Q1 (Okazaki-Levy-Rudenko),107.1649953007443,28.046342647666368,1.2624652569795491,-1.1406010945576448,1.2635615680225623,5.598346943272649,0.8845673280468395,1.2199709123783522,1.1345069586755279
C/1989 X1 (Austin),83.07143284342227,21.217369050196147,-0.25797902123630906,0.22507611598615354,-0.2581853813011354,-1.1439966818747522,0.884625997174894,1.1159797017154363,1.1384084787629067
C/1989 Y1 (Skorichenko-George),117.9878707249744,19.623382402521255,1.852852337428938,-2.3352403660975756,1.8550812016485776,8.216392619309055,0.8883485308421828,1.1061715395917582,0.9214433048391051
C/1990 K1 (Levy),73.36298232071978,28.016045044075966,-1.6030063572874744,1.3772590471712087,-1.6045646055901472,-7.108461552310528,0.884900947431277,-0.5925948047185927,-0.4594939226401355
C/1990 M1 (McNaught-Hughes),6.41005263168239,10.809917201285025,-0.6510327131551535,1.5676795157712604,-0.6552382666705954,-2.886976080737954,0.8853247551018675,1.4155823337993922,-0.7804213521314978
C/1990 N1 (Tsuchiya-Kiuchi),64.96167376712633,18.34148516526293,1.6100808961112403,-2.440485045087886,1.6108406959707782,7.139833285180112,0.778732665701095,-1.5287210418897834,-1.5575179628070288
C/1991 B1 (Shoemaker-Levy),60.06690320373842,26.19083275922223,-3.2957386550330594,1.6822049506470964,-3.2990019111585154,-14.614808861649903,0.8179834910160365,0.8384170715216844,1.0212155881279747
C/1991 F2 (Helin-Lawrence),106.17455047522257,13.47963475676486,2.3055640110752473,-2.3513205788105433,2.306879272027388,10.223922727824917,0.8877158499524351,-0.7673729814002191,-0.8708618221076485
C/1991 L4 (Helin-Alu),58.47118916059978,4.772813236503238,2.9432006746518806,-2.4166782018109436,2.945682575566552,13.05149461284721,0.8830785119605892,0.2591269429344081,-0.05244835357204224
C/1991 Q1 (McNaught-Russell),101.46530763374271,8.246451422056433,-2.973051561483175,2.1924126641419197,-2.9760382453075023,-13.18386706438364,0.8499228997378411,-0.7848081576713264,-0.5832834254804472
C/1991 Y1 (Zanotta-Brewington),128.9521362302563,18.34412470601578,0.7709924325022246,-1.780554573912011,0.7724882193301387,3.418932207379623,0.8910524225719858,-1.5022898478639835,1.5035067211014097
C/1992 F1 (Tanaka-Machholz),86.54411075825543,12.017147633097771,2.1035664938724605,-1.666071029493706,2.105727356829587,9.328173576132258,0.8089247214130303,0.6027490408510933,0.4911400632004358
C/1992 J1 (Spacewatch),78.91702227326932,16.35065401288004,-2.6996324021797453,2.8877875763281304,-2.7009778067813652,-11.971401765829029,0.8893744448463656,1.0268254806469597,1.1468839050182138
C/1992 U1 (Shoemaker),103.70657337480587,15.686670499733758,3.103245352229384,-3.125521154934752,3.1032984456067396,13.761205732855945,0.8793837872393658,1.0018328030123556,0.999627068709343
C/1993 A1 (Mueller),118.75629805564503,3.6115359461374767,-1.4936062144044693,3.440263906829473,-1.4957503850252314,-6.623331405467537,0.8847993913876063,0.3509316306680408,0.5402040834147277
C/1993 K1 (Shoemaker-Levy),63.47703988934581,4.121170938897507,3.1050089546866553,-2.746121812577214,3.106389449222493,13.769026350786797,0.8862014958751587,-0.6788628568288508,-0.8147533574191433
C/1993 Q1 (Mueller),105.69400163469288,21.59947112200639,-0.6536298460745551,4.2534621811504225,-0.6545510635713141,-2.8984929530322385,0.8877112724592305,-0.6696567587610649,-0.5893370341704365
C/1994 J2 (Takamizawa),22.94659915924606,21.202642039810225,-3.3658450672771916,2.306462526264289,-3.3676247805822928,-14.925692679260662,0.8367689798900376,-0.9943162988525543,-0.7925108178970263
C/1994 N1 (Nakamura-Nishimura-Machholz),99.8713840778401,22.184884687857892,-2.014408052868422,1.527582379848686,-2.016041938644385,-8.932804370601719,0.8547470662515307,0.4725763329084446,0.5947696106770396
C/1995 O1 (Hale-Bopp),94.20904189630893,49.73906717141938,6.012162957566752,-0.1498574714875419,6.013738048121184,26.66067357487376,0.8011210530448318,1.0999196295718623,1.0342971443052644
C/1995 Q1 (Bradfield),30.156724091734162,21.413332081667097,-1.2506408733070618,1.053982350618025,-1.2527787428167587,-5.5459122312495,0.7803040531341378,-1.1818042921835519,-1.0972316911104851
C/1995 Y1 (Hyakutake),25.8845865088971,17.588890626050944,-0.7276711367027567,1.882657004239463,-0.7299810941746829,-3.2268258166676844,0.890035753523747,0.7020206873597932,1.019402511040072
C/1996 B1 (Szczepanski),64.33530834441306,5.832428680058159,2.289200058634049,-1.8459113359618757,2.29255276506683,10.151357496724442,0.7359986286405338,1.440745040690001,1.3728783746280828
C/1996 B2 (Hyakutake),127.72034668712344,3.5037715171425945,-0.6701545302838804,0.6473373767139863,-0.6709911693140815,-2.9717709421257004,0.8493062521030279,0.7025970856298918,0.7587561864623187
C/1996 E1 (NEAT),95.24229570760572,42.774240228641496,-1.4841070324214163,2.6832310287052534,-1.485850092393305,-6.581207698597656,0.8871834944735042,0.8299492155347629,0.9810894679894698
C/1996 N1 (Brewington),50.89459388404442,24.89138894849411,0.4903536381657609,-2.5037611562151554,0.4911315834720837,2.1744517531640706,0.8926430669953181,0.33395891643966213,0.239851610259844
C/1997 A1 (NEAT),105.56965887998221,5.608190760186041,-2.2694012563516646,2.9514758172336095,-2.272310362313071,-10.063560574294092,0.8874739073785606,1.1465894752767691,1.3752847465203237
C/1997 BA6 (Spacewatch),89.87334332838486,2.860292062387443,3.1414869084774932,-2.072405658391058,3.1443005409095313,13.930786240789923,0.8898119693808212,-0.5334556376981292,-0.7720210191958411
C/1997 D1 (Mueller),118.70023476442027,6.660031071181899,2.765151688082247,-3.065505031337404,2.766567221755848,12.261944172386219,0.8791560410127034,1.5253463924310577,1.4445702996203136
C/1997 G2 (Montani),80.59357225570272,5.670182991808688,-3.1056421538148884,3.147831225603735,-3.1056643054376467,-13.771834244615501,0.8292257728240277,-0.6011503976135552,-0.600437299540072
C/1997 J2 (Meunier-Dupouy),92.73337303572856,14.549241743475687,-2.330632390785337,2.726742411453823,-2.3331608533236143,-10.335087360789586,0.8859728488428131,0.3974298696647144,0.6192441102516685
C/1997 P2 (Spacewatch),112.46889282348091,162.7792125401063,2.8430951273610114,-2.8493326846962765,2.844920639367406,12.607580943475195,0.8865422842856169,0.1530311714739053,-0.009475076897013416
C/1997 T1 (Utsunomiya),85.82963916984903,23.38660959136592,-2.695065119121236,2.550040785762005,-2.6956089049495406,-11.951148348946223,0.8616247862260572,0.41824482720080297,0.4565348659263983
C/1998 K2 (LINEAR),72.03564362319774,10.913431570765523,-2.9939942349382727,2.9737143205704917,-2.9944014200985443,-13.276736433479636,0.8771313898773105,-0.5012005692214986,-0.46260043546792784
C/1998 M1 (LINEAR),59.58488900597301,2.0614068454546284,2.231243692034148,-2.7898950231754234,2.2332344851855943,9.894352524901285,0.8353677270954188,0.005263484275412096,-0.1581332480183013
C/1998 M2 (LINEAR),64.20189972596307,5.986356789250848,2.360683345234559,-2.5302709976201974,2.362919148547371,10.468347003423817,0.8599919254448729,0.33164438088876824,0.134591913780176
C/1998 M3 (Larsen),32.1051215304464,4.278350504449144,1.8917447718584106,-1.6976669463886607,1.9007698972339977,8.388859418059301,0.8853829178592877,0.5915821576441104,-0.23631851834741527
C/1998 M5 (LINEAR),78.55072620711269,62.1210292904929,1.798085319295804,-2.6508852549598063,1.8001391861050178,7.9735306737127525,0.8756579090723015,0.9888590851688688,0.835805910032542
C/1998 P1 (Williams),43.836782787556224,24.658849494172834,-2.1953339921698607,1.3373370337552746,-2.197466279397288,-9.735112532071662,0.8835211543068238,-0.9946439076899929,-0.8223946054442428
C/1998 T1 (LINEAR),75.5263604870294,19.4922810815666,-2.3374467258014384,2.6220432580791617,-2.338703533987101,-10.365305231259226,0.8782281398731685,-0.20260998160344837,-0.11653163261255363
C/1999 F1 (Catalina),89.06213626030053,1.6950194881351253,2.6902353275387063,-3.157228171921252,2.69213453671719,11.929730849499633,0.8878464857263251,-0.7942758267537876,-0.9413111338508158
C/1999 H1 (Lee),83.7274447100773,14.474418195800725,-1.7735354340642453,0.8871555313601359,-1.7745271135160878,-7.864665281826553,0.8544001745079259,1.3437104190498619,1.420558125593164
C/1999 H3 (LINEAR),48.742103064974856,1.3877741603777591,3.2248847014995627,-1.7365482117105493,3.2288248689187617,14.300610104899912,0.8882404343982819,1.024100241627678,0.6945110410208012
C/1999 J2 (Skiff),40.7511903281319,0.8427189257568709,3.1409397528180523,-3.1412056122026546,3.1409226429474777,13.92835990295877,0.8888446895813633,0.8209370325137343,0.8257415290003087
C/1999 J3 (LINEAR),144.30982857489994,26.126294856094397,-2.988476310627425,0.12486911432601165,-2.988901596423508,-13.252267439558368,0.8565314855605499,0.8306391330546755,0.851298490610271
C/1999 K5 (LINEAR),93.64759842958942,4.053424429238168,-2.3103108790123557,3.023995051807338,-2.3125602164300427,-10.244972505994188,0.8883029137632962,-0.6761903983474101,-0.48581088370853326
C/1999 K6 (LINEAR),72.50834958325055,28.456491069403775,2.581789559888851,-2.747912074029615,2.5831107665843716,11.448832837869631,0.8211502218043955,0.3336711058383909,0.24869758425738947
C/1999 K8 (LINEAR),142.55435080069344,15.320931294202094,-2.899825914821636,2.982912531805692,-2.9019360969655517,-12.859151138230095,0.8699962863664167,0.21158088311244766,0.32135513113657804
C/1999 N2 (Lynn),43.79918930318095,9.379275967181838,2.4120046168621236,-0.4772787186706464,2.4141434979814176,10.695928936908818,0.8074137080450577,-0.2474917010034801,-0.3277094564996552
C/1999 N4 (LINEAR),40.62598205834594,3.5370597973110303,2.805582058280603,-2.9938767668458026,2.8154571481513617,12.441230880011641,0.8897305736899828,0.3072808306827901,0.1244423760175401
C/1999 T1 (McNaught-Hartley),43.85260381295574,17.09139310562063,-1.9962862119886156,1.6345592791585535,-1.9980240636958086,-8.852443860136137,0.859031593784998,-1.3701699334226989,-1.2480744364185319
C/1999 T2 (LINEAR),56.61674770126229,21.092194188169522,2.6675628141012653,-2.825654518332275,2.6702632639070076,11.829190580690586,0.8764417402157789,0.7788571534658464,0.6226888920709477
C/1999 T3 (LINEAR),163.05668033391566,8.576519248211293,-0.7751675769874514,2.803860860191472,-0.7770303281690365,-3.4374467029171187,0.8802203120506762,-0.5558291828715131,0.11375680666536359
C/1999 U4 (Catalina-Skiff),92.77513596462661,27.94381407051633,3.001850983310172,-2.87670076351818,3.003202430922617,13.311576840365065,0.8858457299789207,1.1196269886489578,0.9997532091513348
C/1999 Y1 (LINEAR),150.3392618266069,16.207284695277306,-1.45136322055023,3.441215709814613,-1.4542128687523188,-6.4360066975509245,0.8890781371313703,-0.018175601577307403,0.2768416258290271
C/2000 A1 (Montani),87.71838768809017,2.4034563116841667,-3.1005327802875216,3.091487938936464,-3.100968046011708,-13.74917695126756,0.8893363641261994,1.4735861918742847,1.5098054128612497
C/2000 CT54 (LINEAR),92.68802331170552,2.1514599728645116,3.595388566504036,-1.9636956574315105,3.5969067276215756,15.943593282972506,0.8896332595595724,-0.40709006421501087,-0.5363767986184705
C/2000 K1 (LINEAR),37.793859516224906,1.4399993914683127,2.948652830401367,-1.294445690790912,2.960471649274762,13.075671958960804,0.8888636022538337,0.4246036093631159,-0.24767439095228763
C/2000 K2 (LINEAR),84.35567343101653,1.993761193350237,3.1385908576778707,-3.0942885022156705,3.1386880343124424,13.917943830234863,0.8582813716257508,0.18136063577662928,0.17429775534460265
C/2000 O1 (Koehn),141.04878703790052,5.805662894803385,-2.8608361535696756,2.374207290348566,-2.863956595736872,-12.686252747944032,0.8849979329571286,0.5098958497122078,0.8916061746273013
C/2000 SV74 (LINEAR),93.07397754327505,26.20497696783862,3.2630819840345584,-2.430407677302273,3.264429419720424,14.469994282990271,0.8861143757269041,0.9047515863372335,0.7902435815688729
C/2000 W1 (Utsunomiya-Jones),102.33130406238206,7.576957431612807,-0.07029751052536704,0.080797455675296,-0.07036237325702412,-0.31173123457744434,0.887096564435219,0.13145311960770403,0.13641903066106748
C/2000 WM1 (LINEAR),89.32144512641723,29.76792130610667,0.3795178139469838,-0.5983045496724096,0.3797809103053176,1.682955140255422,0.8718292063151133,-0.9202276995023203,-0.9425408458112908
C/2000 Y1 (Tubbiolo),153.4057659383563,6.9594646506141125,-1.342936926065872,2.5171104483904467,-1.3734586608187038,-5.9551950388212775,0.8865344812112299,0.14032088888859323,1.1534039316321179
C/2000 Y2 (Skiff),63.60605928141103,19.569424301371175,3.0131914834165467,-3.0623108509859547,3.0136953800997484,13.361865791886473,0.8447008438982946,-1.4729332152013013,-1.4929207703537704
C/2001 G1 (LONEOS),32.97644434318002,2.0750570086249653,-3.0472227911663268,3.0590510418953274,-3.0491861037671555,-13.512776137072818,0.8906456673355998,-1.3113793006571346,-1.2399090676341251
C/2001 HT50 (LINEAR-NEAT),137.26212992892076,20.30193284319044,-2.9853762203327814,0.7693383071420725,-2.9913564215464357,-13.238520224790328,0.8683896610342577,1.3236525911467074,1.561921008855321
C/2001 K5 (LINEAR),47.1158092447511,2.613607839335712,3.0225868020791795,-2.6365168209243586,3.0238595003527475,13.403528921406458,0.8899809577949002,0.5695621685124432,0.3295264731877635
C/2001 N2 (LINEAR),39.389437348892926,6.053384296447438,-2.0862215730999605,3.240116569568623,-2.094063426874451,-9.251258283888612,0.8782083905522992,-0.1731505844239477,0.17480687770273626
C/2001 Q4 (NEAT),12.326282517429025,15.846876806432888,-1.8152392645576063,0.8602694284058738,-1.819154444947524,-8.049599093410288,0.8825957155628387,-1.3888440192228266,-1.1277480485108065
C/2001 RX14 (LINEAR),70.18578112479153,41.4951813537626,2.572234608047036,-2.684458883635878,2.573540588108002,11.406461822001265,0.8678128701921008,1.411298674602125,1.3129514084807463
C/2001 U6 (LINEAR),94.66332333634499,4.430349862300771,-2.3704049076766953,3.0125581645974893,-2.3735393064957417,-10.511456846709311,0.8658667602632119,0.6425069456743606,0.8847078299898599
C/2001 X1 (LINEAR),74.57709125652684,13.607983975016051,2.3132880068827837,-2.3547272761714897,2.314926070633257,10.258174449272229,0.8316729423434971,-1.3451446668663312,-1.4484910150150052
C/2002 A3 (LINEAR),102.85332901591391,20.361707528684192,-2.9870453868753852,2.800904376765847,-2.988928332159762,-13.245922070789604,0.8855093717998079,-1.5208601390151795,-1.3736799657615169
C/2002 C2 (LINEAR),133.29390336835604,16.72369731013805,2.9817100334487243,-2.539671936967252,2.9835399246334187,13.222262679465926,0.8770945683953291,1.0937254804604235,1.0021699251999596
C/2002 F1 (Utsunomiya),95.13155268790746,29.44670817036865,0.8529965095341183,-0.9136101350153607,0.8539717740546661,3.782575698912819,0.8560180054420544,1.0567571123430635,0.9916702102728124
C/2002 J4 (NEAT),86.82442751123014,3.0024112513139194,-3.0400054144175694,3.1453873466668933,-3.0401631329660486,-13.48077099567469,0.8889233701641625,-0.3722710531930033,-0.35676581639523497
C/2002 J5 (LINEAR),55.0779794181757,1.6033850474582503,2.5556387588737075,-2.4532769614601344,2.5606437891002227,11.332868254988734,0.8875781854323579,0.8504650020519412,0.4313889525556402
C/2002 K1 (NEAT),66.2216694410686,5.103981855950143,2.464342201977363,-2.35985210214523,2.467977377016314,10.928017668086406,0.8822074320360795,0.07622490382667643,-0.19886461229956492
C/2002 L9 (NEAT),107.10168502628018,1.4134174841210287,-2.9616414009988508,2.6636879546248995,-2.964894517564928,-13.133269206964187,0.8887787668761112,-0.5303747660045574,-0.28522654575216955
C/2002 Q5 (LINEAR),41.052281037052154,3.283018326725142,-2.7246223895616652,0.36936526996334534,-2.7267252202725705,-12.082218771444465,0.8843615313594053,0.06700469131160071,0.16911938266727092
C/2002 R3 (LONEOS),145.21142544079677,6.169557061326562,-2.5544933214643675,2.922141910706352,-2.5556701573729947,-11.327788862915298,0.8896959951909026,0.2588266179864508,0.40827993120995476
C/2002 T7 (LINEAR),80.57036643752504,23.341493748559053,-0.762867922488327,4.30621039529163,-0.7636442792465389,-3.3829044232085863,0.8847943357547946,-0.02814705964379533,0.033988813976851315
C/2002 U2 (LINEAR),70.40386220668397,25.530415325809933,2.611896205215322,-1.7509155653342978,2.612503142270687,11.582339439262284,0.8626351667278295,1.0982439111577171,1.0487023071571127
C/2002 V2 (LINEAR),149.52757613086888,3.496793175835308,-1.7640145547953323,1.791122050672391,-1.7826298567102827,-7.822445359291884,0.8748564556252765,0.6603326116273491,1.5493192025302496
C/2002 VQ94 (LINEAR),67.34364332266628,7.116186289110947,3.124026914409825,-2.8972776262475084,3.126963766319239,13.853360661053852,0.7622249084632722,1.0289149853545239,0.9523221102117857
C/2002 X1 (LINEAR),138.99524234765784,23.443063229918856,-2.908151295170319,3.070050659282732,-2.9103809689054683,-12.896069673111713,0.8697381620585064,1.3673019084904676,1.4485496199265495
C/2002 X5 (Kudo-Fujikawa),86.39178581033659,79.8037717247762,-0.5225209050587282,0.6221613654228078,-0.5232396973347108,-2.3170960907314497,0.8562305813082697,-0.14544282854549825,-0.09520876131722722
C/2002 Y1 (Juels-Holvorcem),111.98563906916756,15.833336026350159,-1.0683330849373969,2.043685263423139,-1.0700381589651495,-4.7374763205489145,0.791413991980994,0.4979812254381954,0.5699598199712484
C/2003 A2 (Gleason),73.61244378194816,0.9556066068132751,3.04799290543302,-3.0684654299864156,3.0490371050781433,13.51619117509234,0.8897581442839644,-1.5166350517452647,1.565418456815384
C/2003 H1 (LINEAR),36.03699810453946,19.53838955994186,0.23667731442027157,-3.3410444218285154,0.23697259787551456,1.0495351950490712,0.8683422123555288,-1.2955697148769316,-1.3240447576642524
C/2003 K4 (LINEAR),38.5182951195911,24.493162465564758,0.16802518062466265,-3.4598532024367126,0.16830638002885437,0.745100311586755,0.8875640060747845,-1.2801658332524164,-1.310385435100544
C/2003 L2 (LINEAR),98.87154423813784,10.676778882153563,2.3723853331957314,-3.191088473288219,2.3763950372575553,10.52023895702053,0.7349626354276804,0.9599667599745159,0.8887913278593368
C/2003 O1 (LINEAR),64.66332370642253,1.239279104598684,2.7127297685151723,-2.7099379685042964,2.7178858745346384,12.029481463771996,0.88579838853955,0.7485222805675976,0.43225398344921895
C/2003 S3 (LINEAR),137.1601450697683,2.923292224144762,-2.6906327265990413,2.5271561191130734,-2.701969649581692,-11.931493098244607,0.884924888744372,0.8222472381389817,1.2106282676109918
C/2003 T2 (LINEAR),133.46670384619927,9.78358578207649,2.9163920706064266,-0.9239523081371666,2.917374571716234,12.93261303121038,0.8892819384438316,0.9093715070922211,0.8568426703155332
C/2003 T3 (Tabur),132.4427250750314,9.964731649570211,3.022592202418074,-1.4750688870327509,3.0247118883554016,13.403552868972996,0.8888157568975802,0.6114727757932953,0.4274255142259516
C/2003 T4 (LINEAR),61.39131218717248,5.871761321823823,-0.7006277976549008,4.820620718683578,-0.7021354851219707,-3.1069033129334667,0.8782718540851734,-0.22725948349723993,-0.08379422073553507
C/2003 WT42 (LINEAR),68.462678460166,14.852728841962865,3.008479092559564,-3.0155717155071677,3.009583035769912,13.340968900820485,0.8853330767313797,1.3591189857717196,1.2740055188171833
C/2004 B1 (LINEAR),82.09339551785081,9.187715494770801,2.8575761702905207,-1.4987624157996873,2.858705509589786,12.671796494732249,0.8844008485210514,-0.29332467906566867,-0.38246389093936695
C/2004 D1 (NEAT),75.16688694342635,13.551868413344915,3.1085072398587377,-3.1264916047704494,3.1087022417038734,13.784539343315938,0.8815388275092064,1.2008299501443551,1.1839989382324736
C/2004 K1 (Catalina),18.596100484831673,19.61903772450933,0.8518447744628262,-1.4092043629165074,0.8579598488512817,3.7774683801330102,0.8665225397785364,1.3061476371009717,0.326141004585525
C/2004 L1 (LINEAR),43.16388085917159,21.988335196651178,-1.3895381243505156,2.947787641161091,-1.3905978888445039,-6.161846013592541,0.8535686998183839,-1.2938923970090566,-1.1999327417425671
C/2004 L2 (LINEAR),120.25483185189854,0.5173676339910459,-2.7772233527906245,2.8061123659722305,-2.779855177832098,-12.31547544134331,0.8594268006612994,-0.6048625657972169,-0.4481450565523494
C/2004 Q1 (Tucker),139.47571522192922,6.791528742273986,1.9555759678705802,-2.4972783591661356,1.9588520769283908,8.671916063859697,0.7597548370911158,0.7631460965353387,0.651194470716803
C/2004 Q2 (Machholz),101.5238831242474,25.33620855721973,-2.9436435281405986,2.57104028160311,-2.944001590922815,-13.053458427266001,0.8801329795994874,1.3723616216790833,1.395637567730717
C/2004 RG113 (LINEAR),74.79211382171931,48.12342557001751,2.538273781338223,-2.7223865164522154,2.539495206737997,11.25586402190721,0.84589435778719,1.4639057571321639,1.3866043088985176
C/2004 U1 (LINEAR),109.79765332369695,15.600525602541781,-2.5105700571404976,2.1894142708109547,-2.513602378596884,-11.133013069120858,0.8747787844743377,1.1948333234055721,1.424322013478185
C/2004 YJ35 (LINEAR),87.53431694331272,12.60926043608258,1.9482939901594172,-2.4333700106993694,1.9501586892811282,8.63962445232038,0.8893269551663919,1.3252925997283755,1.1741141588674968
C/2005 B1 (Christensen),90.2151740759109,3.875256657359355,-2.6830918805146595,2.906852863327005,-2.6845680639581526,-11.898053546230962,0.8888156573290588,0.6781257014958113,0.8077573436223822
C/2005 E2 (McNaught),155.0933710620891,117.52588861123178,2.5616688852057448,-1.0521878386773775,2.5650504622494186,11.359608586361714,0.8871655012791961,0.5707314731640816,0.3221229483515947
C/2005 EL173 (LONEOS),123.43023611413507,4.892491798222254,2.295094463235146,-3.274584906487868,2.2993761923107785,10.177495976020033,0.8890100847829373,-0.953937083760191,-1.2078101956530989
C/2005 G1 (LINEAR),63.57827523212338,7.101136560189523,2.2745358026334195,-3.075718508862977,2.2772357918317043,10.086329495119942,0.8866571031022455,1.1839696934337003,0.9225276837147518
C/2005 K1 (Skiff),59.80258922072694,12.246889055899219,-2.076537294531094,2.800645665375721,-2.080423800633772,-9.208313774307788,0.8863868934207632,0.22177061690218938,0.5621202843158036
C/2005 L2 (McNaught),37.962210610778214,19.81257179317993,-2.5619037825863544,2.0620403683445625,-2.565690283989814,-11.36065022851816,0.8760865284658708,-1.071366293501282,-0.7355278091031973
C/2005 L3 (McNaught),36.42242302407355,4.330123496892861,3.0869208072782723,-1.1871851093853905,3.0974898842584206,13.688815252545997,0.8843791078840679,0.7494982735394985,0.07631032146050899
C/2005 N1 (Juels-Holvorcem),106.32279550502078,7.82627829272724,2.524335140771216,-1.6068326210929478,2.525641222890123,11.194053730194014,0.860742193191008,0.9999179546217932,0.9042905580831748
C/2005 R4 (LINEAR),152.66041621002515,3.803874565079583,-1.8627758668610348,2.112623515267809,-1.8705104685382588,-8.26039807637452,0.8650314503711499,0.6347167061545282,1.3135310142906897
C/2005 S4 (McNaught),86.61948244955848,4.495798952150629,2.6494663736140196,-2.8015645707079853,2.6533129315606407,11.748942707154429,0.8801294462919466,0.38210819816762376,0.09858321070478973
C/2005 YW (LINEAR),62.188570662342364,28.516242191362473,2.3823532389861906,-2.444421693097793,2.385683213192188,10.564441199105477,0.75517665187697,-1.1731071199184673,-1.2474792373084587
C/2006 A1 (Pojmanski),21.8704378908842,22.690878157614875,-2.2366783496749263,0.4403824828097252,-2.238426467970172,-9.918452276417439,0.8699335465748519,-1.155664163860761,-1.0423572147470264
C/2006 CK10 (Catalina),111.56033454900599,10.738245364386046,-3.008417219333833,3.0121321067123987,-3.008861305124449,-13.340694526708226,0.774795866129691,1.2314837648164938,1.251637584983748
C/2006 E1 (McNaught),88.51407770161875,4.055379123091209,-2.725074455546034,2.9306057287036436,-2.727529716020023,-12.084223438272131,0.8883727003044871,-0.626665113795371,-0.4133878712679058
C/2006 HW51 (Siding Spring),19.137969515500764,30.059739705504757,1.805123435119038,-2.471299929486029,1.8165204839620102,8.004740890380157,0.8861522040754748,-0.4516155564375911,-0.9621161825964462
C/2006 K1 (McNaught),145.2720514678552,2.590296786412199,-2.95819029548539,2.741049224951024,-2.961216882585402,-13.117965430566871,0.8899925099784809,-0.5952161063797952,-0.47670261517654733
C/2006 K3 (McNaught),155.4765509983722,3.356505107927899,-2.814880470239905,3.1208580224193287,-2.8283851404101568,-12.482464280995833,0.8870434231268565,-0.9817642232878745,-0.8290844278468075
C/2006 K4 (NEAT),79.14898611582423,13.448806208068746,-1.902529427052897,3.2925399519752427,-1.9052915599479363,-8.436683499639773,0.8664962588642484,-0.6617421430889976,-0.44148384620400455
C/2006 L1 (Garradd),97.32491963039598,8.355117938507846,-2.684965023090094,1.3695784832867381,-2.6867924438600794,-11.906359915022911,0.8454480827748704,-1.5267723715173922,-1.4676374143808693
C/2006 L2 (McNaught),35.79722871211439,23.314620881431612,0.3257349584047769,-2.9217646421473957,0.3263154515041374,1.4444574206068361,0.8876413011292906,0.8452159541161761,0.7486505283791448
C/2006 M1 (LINEAR),119.53052290614198,2.315631506179549,3.014074831463944,-3.0816603053952725,3.0158414388257273,13.365782960152016,0.7177466942243256,0.5451592710425891,0.5198333485455201
C/2006 M4 (SWAN),85.44514643320925,12.295612319031767,-1.7611942787909778,1.1190725272100945,-1.7625121104662298,-7.809938968750937,0.882776048377285,0.9976716737187341,1.1098866490330386
C/2006 O2 (Garradd),81.72648970221947,16.183899128583718,1.6439111652360063,-2.4447969092168593,1.645937575790649,7.2898521333802195,0.8112290351065201,0.12154048713544116,0.004364007908819856
C/2006 OF2 (Broughton),132.45874529515004,3.1574483882186413,1.8281182849534763,-2.6045193252336802,1.8311426994755342,8.106710545837952,0.8864044346879357,0.9872111089276098,0.7083700830513929
C/2006 P1 (McNaught),120.57734103671666,10.761746891612296,0.5886420075936155,-0.5584470064623587,0.5893343015888789,2.610307226812639,0.8854641395828233,1.1681318935182576,1.1086043135423722
C/2006 Q1 (McNaught),34.648381571350725,6.828188581118958,-3.850444403818519,0.64654726213025,-3.8522489597790632,-17.07462723364899,0.8896533233153628,-1.319548905691353,-1.2094582735549964
C/2006 S2 (LINEAR),79.46611300031698,17.038788385592284,-1.9749087922443567,3.073978579728941,-1.9778158018794676,-8.757646627643055,0.8844540419747149,-0.06472448029613526,0.19194428225353372
C/2006 S3 (LONEOS),42.7796237013567,3.2930907471421524,-2.466847335658605,2.6260036276714045,-2.47730567084942,-10.939126573784472,0.8897623725493381,-0.3828508761495041,-0.005726236707068735
C/2006 U6 (Spacewatch),100.21875879394507,11.108125979921509,-2.159502643976047,2.854967159695119,-2.1612196891184654,-9.576219986296499,0.8758880408684192,-0.9347977742325955,-0.7864092911356089
C/2006 V1 (Catalina),44.381050591250535,53.19317692427649,1.5410497758250623,-3.8244660301223155,1.545819546620245,6.833717802707812,0.7819011640732265,-0.7176406005561612,-0.8854575472016626
C/2006 W3 (Christensen),99.58146174955053,13.964818371339536,-2.2166679727714094,3.0458900516857055,-2.219132818142414,-9.829717135587062,0.8780066728277811,0.21453195650002577,0.41338149004299324
C/2006 WD4 (Lemmon),84.51477887140128,26.460550242549292,-0.4853202490572348,3.200373318828896,-0.48574338197654743,-2.1521314093968003,0.8340832018350159,-0.30387015062150663,-0.27686424624513656
C/2006 XA1 (LINEAR),70.51995494519322,3.653293985437982,1.722826986808669,-3.319979470926281,1.7249182855728598,7.639800891205183,0.7964006522410692,-1.4780440764938123,-1.4018435280568093
C/2007 B2 (Skiff),25.05036772356094,8.700471054636157,1.4508366536657387,-3.395989072148802,1.455738616690344,6.43367165974143,0.8482813854958018,-0.7877095470569647,-1.161137319665845
C/2007 D1 (LINEAR),63.144755298336285,9.124080874958658,-3.091692272130478,2.8611648157822027,-3.093707753412732,-13.709974104659032,0.8852400167998231,-1.4892218433995945,-1.3629198917503378
C/2007 D3 (LINEAR),110.56936665994759,3.4591026619252117,-3.0960886058446104,2.613384087176838,-3.098159486958931,-13.72946945415404,0.8574299203826851,-1.3961619779873307,-1.2038870201325782
C/2007 E2 (Lovejoy),38.080993591993455,21.333983474264908,3.0982394911010145,-0.04601102684821819,3.0984149496930495,13.7390074607122,0.8630871738997532,-0.7071080611521371,-0.7183479283766262
C/2007 G1 (LINEAR),71.1099556167923,27.214193787538893,-1.0359117666550746,4.143669275936728,-1.0371249354507734,-4.593705403211386,0.8827330335552482,-0.6303003033185998,-0.5156164379933421
C/2007 K3 (Siding Spring),71.28012758909365,37.65444677671869,1.3933045007302503,-2.9226876197719993,1.3944834537896065,6.178547844851763,0.8706065344775199,0.020811991769590088,-0.09426058959543486
C/2007 K6 (McNaught),95.10602228265257,18.320954355524357,2.7766858661931733,-2.7055752363908256,2.780440742860334,12.313091980544485,0.7675232650807001,-0.1621014527138398,-0.2812547324211763
C/2007 M1 (McNaught),64.48236576743093,1.8269727198274075,2.8138341497614108,-2.8189933357753474,2.819225818318025,12.477824418615402,0.8725186051674664,0.38738943536017917,0.13872809714574338
C/2007 M2 (Catalina),59.56196248656181,12.045002040824963,1.9516838396289544,-3.292568921612923,1.9541151366172362,8.654656591471158,0.8757825897150565,-0.986491000294779,-1.1991553181146943
C/2007 M3 (LINEAR),58.43395221910024,22.232972593774832,-2.9279896194251607,2.891431691531805,-2.9317557532043117,-12.984041853999653,0.7367786378791635,-0.0018359402985177779,0.06040918587048334
C/2007 N3 (Lulin),17.124137622136278,18.652868769014205,-0.5243603714610862,2.5612616756384377,-0.5255035801848129,-2.3252531240073844,0.8879566938322172,-1.3928788744137097,-1.2486378196092922
C/2007 O1 (LINEAR),62.685618111171834,42.877415834877844,-3.0285002754772368,3.0179319340358033,-3.028831421394084,-13.42975196044782,0.8848094753548994,-0.0522815894929736,-0.009764307378564815
C/2007 Q3 (Siding Spring),63.98623798931468,4.684151011821295,-2.3168114276505865,2.7470778211297175,-2.318664462137234,-10.27379890450079,0.887926242679992,1.5107212898707125,-1.4915571340124922
C/2007 T1 (McNaught),71.30245251852732,24.665372030535526,-1.3524413494554417,1.714221684634232,-1.3539538917551286,-5.997341988479021,0.8735322497298608,-0.6547892730926638,-0.5274988081447843
C/2007 U1 (LINEAR),159.93197426476954,9.049466360942503,-1.7534923967600002,1.570509897255804,-1.7576607775940236,-7.775785309878194,0.8842668747740744,0.5285655688702572,1.202704315844847
C/2007 VO53 (Spacewatch),89.26806777841826,3.2861080449532896,-2.962763767862567,3.1517057685144994,-2.963376025042906,-13.138246293712497,0.8867172704060962,0.8128474451404355,0.8630598841966735
C/2007 W1 (Boattini),70.04887303129038,14.445934853628849,0.6175398483271335,-2.392567905304728,0.6183136452183056,2.738453437128739,0.8877404856935698,-0.15221044836135697,-0.22600791975743892
C/2007 W3 (LINEAR),52.64953963050308,15.373365595992519,-2.509498281501514,3.0774990492443877,-2.511127806295724,-11.128260326945018,0.8890104501718252,0.7366054383303177,0.8371404357936554
C/2007 Y1 (LINEAR),80.83926779725614,1.9843719935346156,-2.3676684082243584,2.74356862866619,-2.3704536567803025,-10.499321959622668,0.8897206855550651,1.4680005958840825,-1.4515275166052086
C/2008 A1 (McNaught),66.48772603438333,17.879501796345757,1.7852185315915061,-1.374598650186722,1.7871277294517414,7.916473466620629,0.8849845754319148,-0.16799882050551113,-0.3181218903335456
C/2008 C1 (Chen-Gao),86.08515617295704,6.363882909884859,1.4964493073003398,-2.24517980845674,1.498128020585731,6.635938976515565,0.8866798815194148,-1.5246063638476424,1.4867701663314148
C/2008 E3 (Garradd),75.22108204189934,1.9486833994271093,-2.7013572747427825,2.666878390970823,-2.7045648823097865,-11.979050637738517,0.8836748410410086,-0.5980419157070024,-0.30599700720603934
C/2008 FK75 (Lemmon-Siding Spring),71.32500775461708,5.922725488423422,-3.1256538899396764,3.133368634258562,-3.1256998854080384,-13.860575412853132,0.8874462307536526,0.5229249286987565,0.5283777367436349
C/2008 J1 (Boattini),90.16211367835025,31.6185421861278,2.4582502059722096,-2.299386405878125,2.4618560007168466,10.90100297835508,0.7195882376014822,0.5010945402381877,0.4418045340599447
C/2008 N1 (Holmes),53.69268472230583,10.717303573913483,2.2884552449194597,-2.974617247267571,2.2921090141911056,10.148054652896205,0.8632540791683286,0.8300998054905998,0.6141414926027565
C/2008 P1 (Garradd),141.10958173992424,12.023273223995833,2.6031181284734433,-2.3711172766944597,2.6066582627280663,11.543413442032639,0.8827937564569497,0.40222345156476313,0.0864895255807248
C/2008 Q1 (Maticic),52.995834765858085,12.48610107899868,2.7099689715066297,-2.3818027594028446,2.7134500437103526,12.01723883023549,0.8464188556418899,0.7442031215421903,0.5734937123201626
C/2008 Q3 (Garradd),32.34103401652406,14.729785871459159,-2.589945333508039,0.7752707900404774,-2.5943334578979504,-11.484999259130399,0.8847305837125179,-0.8370813834859706,-0.5979106896033032
C/2008 S3 (Boattini),150.2624533925995,1.4474192906883112,-2.839277026802054,2.7301747827901,-2.8410062754442356,-12.590649743606388,0.8882404139452246,0.2463366787956566,0.5335193219541587
C/2008 T2 (Cardinal),73.48821324098222,5.260972751122726,1.1810474214820474,-3.5717183878707406,1.1826179521955587,5.237303114172884,0.8869388519301847,-1.2292772267025087,-1.3643544526509077
C/2009 F2 (McNaught),35.42843736371975,3.9769084507206087,-3.1393730341515806,2.9506815909757282,-3.140417036321007,-13.921412357583625,0.8221125446427279,-1.1313072051722424,-1.1015232193228328
C/2009 F4 (McNaught),97.18470015378375,4.984728557290796,-3.1282702224943826,3.134780868910545,-3.1283622124508317,-13.8721774250901,0.887446992414587,-0.6934877379906751,-0.6833198684743962
C/2009 F6 (Yi-SWAN),98.17572524970794,66.98796435661967,2.2015421846750822,-1.654043738818345,2.203078766650631,9.762642490098395,0.8543573193879213,1.076747225830182,0.9817785175235805
C/2009 G1 (STEREO),87.1008561007371,19.82390446637144,-1.9027114483012926,1.5345095492142549,-1.904707602219758,-8.437490664901496,0.8295210847527742,-0.067849184851499,0.0541323931625103
C/2009 K2 (Catalina),71.42765417556764,8.442971633606339,-1.720234680251436,3.3062648124129486,-1.722895746746645,-7.628305421202759,0.8648790779435873,0.10556827601514553,0.3388762576399941
C/2009 K5 (McNaught),50.788135710184456,17.83115248419021,2.7833399528084874,-2.330772240035092,2.7843982685518256,12.342599236492454,0.8869958010603463,0.8385098423426275,0.7217106772790887
C/2009 O2 (Catalina),64.24169756907857,200.90511040294132,0.6410658057262556,-4.697636229991159,0.6421431357903473,2.8427782658436658,0.8794766787432928,1.2715093092330068,1.1772443592068649
C/2009 P1 (Garradd),61.619253933507615,22.84169754489498,1.768623583803387,-2.132165812244707,1.770955442741459,7.842883896761368,0.8779469799395504,0.871185490044351,0.684890679901184
C/2009 P2 (Boattini),123.38984919410194,1.0829571150785002,-2.938629478297211,2.9825700343699286,-2.939929151762962,-13.031223842623804,0.8867890437947362,0.15312203980633854,0.2834570406171609
C/2009 S3 (Lemmon),122.22173268417905,2.877658882532894,3.085817558977029,-3.098384538959669,3.086427584583767,13.683922946226444,0.8783591734439143,0.5717387366756128,0.5323201298433613
C/2009 T3 (LINEAR),150.68328675267728,14.384408042162805,-1.2547425953893483,2.6777822413647696,-1.2563064937783752,-5.564101138353733,0.8717428544062571,0.46473768041034624,0.6569769987651098
C/2009 U3 (Hill),82.53100747848389,11.231651071039927,1.9541212578515785,-3.0919062159085065,1.9547746172784723,8.665465215930853,0.7331103429596504,1.123444475646061,1.1087280273996252
C/2009 U5 (Grauer),69.50600117050017,4.015384638859704,-3.0504100045760882,3.111563707873586,-3.0509998720101073,-13.526909695482802,0.8895536418064655,1.486273903122122,1.5223387287811043
C/2009 UG89 (Lemmon),57.823989319023106,16.568200577471295,2.452128802226093,-2.71076955245927,2.456783700521482,10.873857881283183,0.8854759089897927,0.5433340473884091,0.24604876520892613
C/2009 Y1 (Catalina),111.24694625902309,9.517850383245575,-2.476314927892861,2.439102454484954,-2.479237379264597,-10.981110197295513,0.8243219641407596,0.44960266665021686,0.6120365857017487
C/2010 A4 (Siding Spring),109.11166108584904,12.735257576402823,2.0700368492686994,-3.3069479279643668,2.0734611034860086,9.179487834216808,0.8039790799632139,-0.7195757505746537,-0.8787954870304693
C/2010 B1 (Cardinal),125.69950118356796,6.751757010954948,1.8005857358442123,-2.910542769933326,1.8047039319744047,7.984618661491665,0.8702276468786759,-1.165788590020732,-1.5018534580518061
C/2010 D3 (WISE),68.83219210552016,3.871092473704495,2.9942347088342154,-2.6592125489020035,2.996323666550554,13.277802804449328,0.889031110494736,-0.6650916717922056,-0.813560773595878
C/2010 FB87 (WISE-Garradd),85.54892667668608,17.356221822984033,-3.4189382267230215,2.021142783343172,-3.4215223783295454,-15.161131971747318,0.7848625857030904,-0.9255172999807674,-0.8243585380952108
C/2010 G3 (WISE),62.956438284419626,2.0511301273276357,2.8147901203811285,-2.3227845276196604,2.8190156833246767,12.48206362850032,0.8735673165789174,0.8134358932263813,0.48625584003553024
C/2010 J2 (McNaught),93.9459002327706,18.943994727960003,2.9493581562517472,-2.559225004801778,2.95133704435125,13.078799695582987,0.8733904683543758,0.08118144579238995,-0.06407214233885317
C/2010 L3 (Catalina),46.824866582685694,1.9912849120318599,2.9031567401404845,-3.037111920006439,2.9092560654167614,12.873921537367227,0.8830741947306255,0.8366567879853573,0.6843332545111328
C/2010 R1 (LINEAR),14.924286288862637,3.2206721306329813,0.7594323164083796,-0.5480786541445942,0.761869876616811,3.3676693783710125,0.8894789190927646,1.5524901644059228,0.19943185191541346
C/2010 S1 (LINEAR),91.59355113029414,5.65257992971931,-2.5459061108837906,3.0509374611169173,-2.5490438574809553,-11.289709253326652,0.8877846644282048,0.2675039855037695,0.5038592730505509
C/2010 U3 (Boattini),76.13200970284107,0.4031423728059482,2.8641865191787366,-3.176280796186571,2.865652316329973,12.701109797643133,0.8853879942380848,1.1445177396366597,1.047307956882518
C/2011 A3 (Gibbs),53.23487345360393,9.137595644651977,-0.33345840367109786,3.505464693728874,-0.334087055354481,-1.4787067007032166,0.8715066291342103,0.010252656636918664,0.08405808795780241
C/2011 C1 (McNaught),60.434342188693456,67.72791841397196,0.20412232848072998,-2.87824054559963,0.20446062393721678,0.9051715343341933,0.8214478709005096,0.07138505836531568,0.0418188632306417
C/2011 C3 (Gibbs),33.367361690301074,4.978646072827007,1.2635025664947577,-2.25038631366762,1.2662985382551784,5.602946846930662,0.8158501189898428,-0.8383066488441202,-1.0101029532625403
C/2011 F1 (LINEAR),62.270331846686624,6.586907820690831,-0.40494052665416186,5.432647380424209,-0.40577609855708224,-1.7956910473919416,0.8888412146146376,-0.29919698280461443,-0.20863572784707712
C/2011 G1 (McNaught),57.713001030643674,17.987532697477715,-2.8883094831064855,2.412202882633256,-2.8896145508994913,-12.808082025687407,0.8797453046148356,-1.5700426549226059,-1.4467620407882635
C/2011 L2 (McNaught),90.37143101435358,20.940434199408795,-1.9038599276795818,2.63428917381937,-1.9059388737054723,-8.442583546453136,0.8889104377800584,-0.7831262391312153,-0.6015229602108284
C/2011 L3 (McNaught),88.49569095824758,9.75636572991996,2.1710939807428566,-2.2176782037066056,2.173326188798763,9.62762126201332,0.8818574019415959,0.3076987067209796,0.12791126748713552
C/2011 L4 (PANSTARRS),149.9937920883318,24.798138771865187,-1.5105064982676784,0.7068619378443884,-1.513792390619476,-6.698274974791892,0.8851381648062752,-1.3702122617286485,-1.1454263209524984
C/2011 O1 (LINEAR),89.32941848356714,3.2075150149260714,-2.870754581403554,2.8353440017956695,-2.872501281380944,-12.730235582195418,0.8653062332864259,-0.5683826321424554,-0.4339148264080852
C/2011 R1 (McNaught),66.1497892309522,8.634276406994434,-2.9125737514910113,2.685460509110448,-2.913376565316291,-12.915680862162523,0.8872929004875536,-0.6751177353328098,-0.6153163934201519
C/2011 UF305 (LINEAR),79.14059004278043,24.2241155983311,2.792502652380337,-2.0746384708934107,2.794476743327164,12.383230826832545,0.8720375959040865,1.1379330411425377,0.9831040561079337
C/2012 A1 (PANSTARRS),123.40227030880095,2.437857221657773,2.2777094107619282,-3.0969066122356583,2.2854809982116713,10.100402721505507,0.886662488524887,-1.3612779150269785,1.402986477324898
C/2012 A2 (LINEAR),102.6833743193786,13.721931613241715,-2.8169978897971655,2.6635871788664356,-2.819353657942063,-12.491853885375424,0.8648983035064296,0.8793702647343602,1.0402028030462462
C/2012 C1 (McNaught),108.37233072416493,5.110972216992407,2.464991900667912,-2.8654667414467947,2.46823898016297,10.930898728502267,0.8679169733217428,-0.5564581158928683,-0.8206822288632233
C/2012 F3 (PANSTARRS),53.80828765503502,5.890043058289521,1.0240947095458204,-3.0866315472080452,1.0246135288183562,4.541303180512323,0.8882725509102374,-0.0016777784344202658,-0.08515088135673561
C/2012 F6 (Lemmon),111.1844609499109,19.762072551967396,4.136410843481992,-0.8650766745944247,4.137954622832901,18.342732897957582,0.8391107875615111,-0.4116157852711201,-0.5112830531745925
C/2012 J1 (Catalina),148.65057971254944,14.874081517203525,2.7019806993172346,-2.6921433463744324,2.705316836116996,11.981815186736162,0.882652611800375,0.6060688593138481,0.4326137212419462
C/2012 K1 (PANSTARRS),97.89571514051812,23.411482555794485,1.149196860684195,-3.826326092168641,1.1499148673369384,5.096063195926908,0.8891881958625621,-1.4751523015151802,-1.5262007227307197
C/2012 K5 (LINEAR),97.88780208402977,22.394314406543828,1.681784419848857,-2.2456451140976674,1.6832492309525318,7.457799423827574,0.8415842334191591,1.1712068131166422,1.080232321161979
C/2012 K6 (McNaught),28.856436459883064,6.52240008302958,-3.7236008102075897,1.1445462987220192,-3.729750170076378,-16.512144867786176,0.8699929773296833,-1.1106683874834509,-0.7456243479483079
C/2012 K8 (Lemmon),64.36880685897714,3.2820832379422833,2.3152403783656403,-2.893455323541978,2.3197834802822084,10.266832155187506,0.8885227406815797,0.859461237974531,0.46235152205698316
C/2012 L1 (LINEAR),106.41772387419778,27.6534348349562,2.4450968172436616,-2.667328729543193,2.4473332509515053,10.842674851561064,0.8418559789272806,1.1462902007073485,1.0087918319768505
C/2012 LP26 (Palomar),84.7487009156259,3.7743883293436093,-3.0884163025730986,3.0538799293282435,-3.088928437928703,-13.695446960995938,0.8893385736980103,0.05839016905175627,0.11061824929548457
C/2012 OP (Siding Spring),60.287709187700486,1.677039477232084,2.841529387574795,-2.422658179482565,2.84494096571701,12.60063773890171,0.8591287566650614,-0.13818364508877395,-0.312898361775908
C/2012 S4 (PANSTARRS),139.65164282151227,4.988173763655886,-2.3229176173290815,2.7255201743315043,-2.3265898075836287,-10.30087653545551,0.8830521138437859,0.10976808659175342,0.43373364240732803
C/2012 U1 (PANSTARRS),102.35720921080063,4.554252685382213,2.687229863279728,-3.0882278308162503,2.6889659543446958,11.916403249746415,0.8589092922029161,1.0419106340371724,0.8974551933145694
C/2012 V2 (LINEAR),118.1016979265868,14.78865494965058,0.8539833492148259,-4.25172441384213,0.8560272592274338,3.7869517962980312,0.8313452346180122,-1.2356859136859337,-1.3799457313678594
C/2012 X1 (LINEAR),41.710372524367344,4.839336107328371,-1.0713943695914274,2.5701668088855074,-1.0791436723026415,-4.751051453401586,0.7155696298978483,0.2568704489358659,0.3924839922721743
C/2013 A1 (Siding Spring),85.16337317565363,7.558011058904431,5.569771711697124,-0.4358719108530545,5.570947214035249,24.698908951766246,0.884058654504519,0.011611687212421194,-0.07801522692496236
C/2013 B2 (Catalina),76.55733724727205,13.26408546602381,2.5372748694447917,-2.7998229542075954,2.5398252122993705,11.25143439082289,0.8847536164635609,1.5395295165191838,1.3294748541690546
C/2013 E1 (McNaught),43.94071474120665,2.1425999041600976,-2.7739697550133875,2.695868330292184,-2.776838380475677,-12.301047504360385,0.8893162738589985,-1.4328064795139401,-1.1170199854152612
C/2013 F2 (Catalina),77.60833363619524,4.733728668168776,2.8695092043824912,-2.600370306304607,2.8732627131384842,12.724713012286626,0.8725816914044682,1.292978055054064,1.018522511559878
C/2013 F3 (McNaught),51.78607169922897,3.804212471423963,2.163667590390145,-1.8580243211770917,2.167616006138797,9.594689258933789,0.853831644680618,0.21951449547515972,-0.06858255678464101
C/2013 G3 (PANSTARRS),62.414746036110806,8.641119075115673,-2.450951131127241,3.114470926179538,-2.4515912264152506,-10.868635550323981,0.8883062204294371,0.558303391773572,0.6361003901079885
C/2013 G6 (Lemmon),43.39819926697762,7.321888538891878,-1.5741862938514692,3.057521579365324,-1.5745444671137179,-6.980660242017126,0.8180702418162255,-1.055969179928197,-1.0297426340854994
C/2013 G7 (McNaught),49.9090806687651,4.575762360088366,-2.888623460946553,3.1543957769858264,-2.888866211122923,-12.809474346681176,0.872802279845737,-0.9070473753167033,-0.8790512428930813
C/2013 G8 (PANSTARRS),97.74719058349561,1.8029262387581508,2.9196935263312964,-3.0119603341912136,2.9209393371213737,12.947253192168072,0.8883078848591303,0.28268531039100464,0.17623185015873113
C/2013 G9 (Tenagra),32.962428546621126,8.836154812571353,-2.7512430193220085,3.103046496223415,-2.7517872306527247,-12.20026678933873,0.8858650226524857,-1.25699124628091,-1.174909454196809
C/2013 H1 (La Sagra),11.768917359721303,4.440152860031699,0.1242649083638583,-0.035257072415993775,0.13740471273302296,0.5510472989643083,0.7411603974899544,-0.240954005728804,1.3951410899296601
C/2013 H2 (Boattini),26.993630320080488,3.289619708991792,1.638901806542052,-1.7792574951973668,1.6443691455952314,7.267638351434924,0.8870226935940976,0.9343472574661166,-0.0729862503366384
C/2013 O3 (McNaught),74.99390721397808,1.3914660539133323,2.771851937387505,-2.5389960637909534,2.7745606099947744,12.291656134762908,0.8531419817871786,-0.2164748641795847,-0.38082505073979955
C/2013 P2 (PANSTARRS),47.06229500510861,15.95739157179731,2.5552084870460066,-2.0975376298081367,2.5596880955493377,11.330960233395214,0.8592851359776347,0.7599879280953558,0.536191986234939
C/2013 P3 (Palomar),140.4203864186545,1.163341812657285,-2.493246974127358,2.727217682718678,-2.499058136946146,-11.056194615465591,0.8856549726423232,-0.09487260958612795,0.3450532544831279
C/2013 R1 (Lovejoy),83.10920822466845,26.970740620068103,-1.5267904418499245,0.8216703882347921,-1.5271205758575486,-6.770485410108108,0.822035243941084,1.0505027555392623,1.0750846519574355
C/2013 TW5 (Spacewatch),67.52205190059443,5.010479829598848,2.7504085583708013,-2.9308016635203455,2.7540056399355644,12.1965664087622,0.8336288413591113,-1.406205282384217,1.557645156884917
C/2013 U2 (Holvorcem),84.3121263267174,12.297376495573712,2.8671636224761072,-2.8375213537923707,2.8698307535027827,12.714311631953027,0.8368450671879999,1.2709264276455463,1.1055962197448366
C/2013 US10 (Catalina),25.435277873848968,28.020977042358982,-1.1812602217636958,1.4949461361279535,-1.183281503997102,-5.238246767710839,0.8841155257626124,-1.2788127581101283,-1.087403859409625
C/2013 V1 (Boattini),99.45642013907036,22.068197054013137,-1.5253617590835247,3.0343697604281603,-1.5258113780860565,-6.76414997889211,0.888204800408274,1.0723370178088383,1.1247775001225904
C/2013 V2 (Borisov),65.9804734657245,34.75254810375776,2.955320741856966,-3.043095594984756,2.9561949990768372,13.105240520558116,0.8690525599680908,1.2959927472118,1.2383751214691066
C/2013 V4 (Catalina),117.76244487540987,6.463263428389814,3.1354695885665715,-3.135294219285204,3.135507956445331,13.904102698931037,0.8855447967551532,0.9887250340883853,0.9873855703484735
C/2013 V5 (Oukaimeden),109.47484044115376,82.37195920599167,0.03963143089855955,-5.8428241148333715,0.039682203768589615,0.175743846257835,0.886153329905527,-0.13987327743808092,-0.14371170821524948
C/2013 X1 (PANSTARRS),110.1685432581493,22.2141552209796,-1.0709720562917142,3.34054911890501,-1.0719422603012052,-4.7491787235522045,0.8803407284833662,0.01431563383281866,0.09666344649895255
C/2013 Y2 (PANSTARRS),40.06803248969778,46.0701452005759,2.5222933324569254,-3.0911994556094706,2.5245298162725898,11.184999420563027,0.789950944701927,-1.098105218767925,-1.17245169909619
C/2014 A4 (SONEAR),169.47214087161976,1.8114211860286977,2.883755990231424,-2.4651291860694293,2.88478143511121,12.787889760769714,0.8872485773941875,0.3967296967687609,0.0691539605565423
C/2014 AA52 (Catalina),125.27301436513575,6.620476978992868,1.5308503923772878,-3.3123293544530035,1.5333718101278,6.788489083079737,0.8886497118711768,-0.47655324464648346,-0.6980038318568554
C/2014 B1 (Schwartz),67.66605299774446,1.4644449291785033,-3.0773217864953524,3.04012128249833,-3.0783572779687973,-13.646248814886523,0.8877753855956368,-1.532560486461707,-1.4676311645613405
C/2014 E2 (Jacques),143.00403646355429,24.50790121647848,-1.989297759976098,0.647721196761116,-1.992625349548723,-8.82145387546433,0.8567974086309728,1.2621842894427735,1.443582463679551
C/2014 F2 (Tenagra),52.108005145811646,7.537505438581228,2.439391191287344,-3.1758291904686615,2.443431494031414,10.817373502905792,0.7179171983239484,1.0338727725915122,0.9663212997042995
C/2014 G1 (PANSTARRS),45.84375346161339,1.9886871352036342,-3.0455505530620632,2.807108169569305,-3.0487318649707236,-13.505360670367756,0.8523021370674867,-0.06577042287651688,0.012599277945652835
C/2014 L5 (Lemmon),123.89572022601739,2.6146119667568364,3.123434731375286,-3.128700163647948,3.1235420678539887,13.850734651297987,0.8834768904686895,0.47926156907190204,0.467973569031127
C/2014 M1 (PANSTARRS),47.045247234246766,3.765402888135141,-2.6517456891432523,2.982069378778528,-2.658105233521969,-11.759050232138017,0.8877741617138007,-0.5187180923864225,-0.2737599104746947
C/2014 M2 (Christensen),64.15223186645566,3.2982497642939554,2.8758401668753883,-2.767354255573674,2.877826355092144,12.752787388451942,0.8701200889453314,0.1991964873051647,-0.040431767137231185
C/2014 N3 (NEOWISE),161.56284172168995,2.1507552493467075,2.9896513078708824,-1.6816254869600868,2.9946891730366247,13.257477913422814,0.8897515995499634,0.3678749470123811,-0.0682381356766547
C/2014 OE4 (PANSTARRS),59.98904661894953,3.568873090319338,3.075968424530373,-2.8635206226276058,3.076988804345928,13.640247390468785,0.88795718809684,0.7013182545891702,0.5642795263018501
C/2014 Q1 (PANSTARRS),71.86486520848878,14.131484291711548,0.38536132719863386,1.0204611401312422,0.3859570676106939,1.7088679440886274,0.8619444996136885,1.2902408559538374,1.2493019487199386
C/2014 Q2 (Lovejoy),112.58091752520524,11.212735810969475,-2.375176287133157,1.9331700406102106,-2.3768121583328914,-10.532615320138659,0.8410058731825446,1.2757316291807757,1.390105206453836
C/2014 R1 (Borisov),53.66059203531141,38.39413946739751,3.0329728228616024,-0.5662522498289067,3.033770945204005,13.44958527612877,0.7198271992067139,1.5593288413727195,1.5499455460540903
C/2014 R3 (PANSTARRS),65.69285317083951,2.0282343563463807,2.962059586646454,-2.3473812937980805,2.96657796929782,13.135123632920891,0.8850364664513577,1.1952125700669114,0.8183086175787936
C/2014 R4 (Gibbs),113.32893513964986,23.840372873995456,1.8501627268218992,-2.2589155182729703,1.8522982395149552,8.204465658755277,0.8677754413659686,1.5492102907448908,1.3724651449726522
C/2014 S2 (PANSTARRS),90.70625337508088,52.741239418015915,2.7384038273491815,-2.405283282233256,2.7413608241171774,12.14333195431037,0.7406380820471749,0.970507673108325,0.9009611441450145
C/2014 W2 (PANSTARRS),76.48545090601442,26.11361420820146,-2.8919864184297523,2.945027160681375,-2.892975830713596,-12.82438723449519,0.85232139144362,0.8367147431400247,0.8993809471957405
C/2014 W6 (Catalina),51.43445191081077,20.28354157593155,2.27255375672593,-2.6808434936634913,2.2755224406640875,10.077540199267029,0.8844998690854999,-1.1266473262148469,-1.3794875901017254
C/2014 Y1 (PANSTARRS),17.975340774720216,49.902126949150414,1.8807857586408587,-3.6437304298911193,1.8857780879401198,8.34026215345453,0.8610964641394778,-1.148153987555719,-1.430109705531046
C/2015 B2 (PANSTARRS),123.7917232875109,3.1174426876627006,2.131972186307005,-2.953485696581705,2.1355507762145374,9.454137376350367,0.8846595118270998,-0.5565054129018817,-0.835622902453223
C/2015 C2 (SWAN),159.0612622153668,6.873315894288306,-2.6996621759721515,0.11311204664749719,-2.7089958594901713,-11.97153379640871,0.8448805355303816,-1.0551895566551057,-0.8830414485470893
C/2015 D3 (PANSTARRS),59.110762948108466,1.80334911464932,-2.834582807719563,2.554583674153021,-2.838572149839968,-12.569833434479284,0.8877505187322037,1.431886201417578,-1.3658161288211579
C/2015 ER61 (PANSTARRS),87.70546070864981,73.59257841630199,1.0113344625655512,-2.5535856412304416,1.011879015830053,4.484718423599245,0.852417818171818,0.025696846750170383,-0.00870416385179813
C/2015 G2 (MASTER),44.61632931430578,23.957561889781672,-2.691742458756849,1.2944558334282787,-2.6931867440939614,-11.936414156942394,0.8857351148070711,-0.99190575510093,-0.8519200479138452
C/2015 H2 (PANSTARRS),79.08089789406621,10.92534255731268,3.0488758930885496,-2.50548018086298,3.051262479105335,13.520106745215916,0.8884274911552111,-0.27689753709429066,-0.513710890740335
C/2015 J2 (PANSTARRS),49.54609820089015,10.413363205807373,2.5949962820908836,-2.933523418532011,2.5970711685142582,11.507397469618224,0.7751659463992139,-0.267158911683006,-0.393424931581216
C/2015 O1 (PANSTARRS),39.92740702214228,10.848504483861166,2.3080194621444576,-2.410209186448741,2.3109715148643812,10.234811318153778,0.8857798649590517,1.092861920707969,0.7446022604540244
C/2015 T2 (PANSTARRS),142.04133868769398,1.3434808562867373,-2.8550178955030128,2.978562009236318,-2.856013419172694,-12.66045193712362,0.8791191210634721,0.5483896207179327,0.7001315188118714
C/2015 V1 (PANSTARRS),158.9337845556474,2.8510980346231896,-1.6595802322741016,3.0711010810987767,-1.6634731480415068,-7.359335925565144,0.879646175900285,0.039806975264633324,0.45930825703781936
C/2015 V2 (Johnson),25.591258885955785,24.362069715473154,-0.200980272273682,4.877869169454655,-0.2020655539138202,-0.8912382235638021,0.8859119055079255,-0.3080464841151961,0.22333775479149118
C/2015 V3 (PANSTARRS),145.76590781948178,2.6084663255893066,2.7483662982329826,-2.373834190179581,2.7519765130288008,12.187510095539546,0.8585814483659214,0.28533426780499527,-0.01685509550555634
C/2015 VL62 (Lemmon-Yeung-PANSTARRS),107.57810392592754,29.613234696091965,-2.265051240700093,3.2272508922962726,-2.2661986574132005,-10.044270620220876,0.885244347070645,0.061020480939668116,0.15985508631443301
C/2015 WZ (PANSTARRS),107.49106706110663,41.66543749889593,-2.9805550389630344,2.9267068752027963,-2.980872473033051,-13.217140906955585,0.7440768401081095,0.3968341471554342,0.4015776999337329
C/2015 XY1 (Lemmon),127.23165061671342,1.3947834027385821,2.8442038310593407,-3.023760317661471,2.8501988248604033,12.612497441514426,0.8864218458752329,-1.5235714371528328,1.455952806006659
C/2015 X5 (PANSTARRS),101.24303282962792,2.090064147173989,-2.4082371375782228,2.9051463266346227,-2.412564550985715,-10.679222214869329,0.8861127338922957,1.1009541644778746,1.4545879791774474
C/2015 X7 (ATLAS),82.93717270623854,12.043778680467115,-2.890942998573399,2.6554846380926342,-2.8928316510282928,-12.819760234796725,0.887325580668652,1.5591678412328007,-1.4299097549763027
C/2015 Y1 (LINEAR),66.54253488298865,21.270329963479146,-2.278863940390046,2.945321201986574,-2.2818453181865475,-10.105522432625284,0.7896765616515039,1.329972529986082,1.4504031693489594
C/2016 A1 (PANSTARRS),89.25327659207112,4.107625291034485,-2.642857226788206,2.687158617675689,-2.64648727652906,-11.71963473473667,0.8867208697590687,1.311676743610802,-1.5442778564846102
C/2016 B1 (NEOWISE),24.055150554498724,18.17339470452361,2.7778449085707497,-0.9954256457375239,2.7891521352677735,12.318231703254282,0.8178868191223174,-0.05740234086426909,-0.7481785947041043
C/2016 E1 (PANSTARRS),25.498649537222363,11.044886821243708,-2.9276401182218383,2.6898002662691223,-2.9286114656257287,-12.982492006205844,0.8875865576899626,1.2031532204646405,1.4907319218318125
C/2016 J2 (Denneau),43.329001936869815,24.73999120644231,-1.9511324525898488,1.8439257395206976,-1.9536266290343356,-8.652211489772023,0.8866200370801915,-1.023205684571936,-0.8235683501267006
C/2016 K1 (LINEAR),105.55618683969101,2.9790894481977817,2.4553355746630587,-2.302003247459592,2.457535030834682,10.888078173343503,0.8808386910592715,0.26063138838614736,0.07627243322283767
C/2016 M1 (PANSTARRS),70.17093126074239,19.434326688030254,-1.1958239882029518,3.7796369224205386,-1.197631118474604,-5.30282915275232,0.8626482801479717,-0.4990644557883072,-0.3396011046560573
C/2016 N4 (MASTER),113.34260118197952,2.3126216265688844,2.5527911411319226,-2.619743226165173,2.5551318643411607,11.32024061870948,0.8855875058377674,0.7241960203033094,0.51370291369016
C/2016 N6 (PANSTARRS),86.52459595165669,2.0321780067994086,2.0160084560543705,-3.3068315038908906,2.018180264214624,8.939901288504627,0.879194527005658,1.482733327623282,1.3205937988306273
C/2016 Q2 (PANSTARRS),60.81431969924458,3.0241042953761523,2.2201697363180686,-2.997685417066384,2.225184621311179,9.845245552816069,0.8851638124127446,0.9306386706798248,0.5169434875475645
C/2016 R2 (PANSTARRS),104.64481702477622,5.50675605454729,-2.9140335009727742,2.905556053994727,-2.9148078117090095,-12.922154057368482,0.8606405688603358,1.1857421550538862,1.2446705921105583
C/2016 T3 (PANSTARRS),109.48178873781211,4.6822730885112795,1.9982827436189847,-3.0260722668570197,2.002362156404092,8.861297392293343,0.7238407860349987,1.5068505864065795,1.5075980462279266
C/2016 VZ18 (PANSTARRS),78.51615161881811,9.206851102677069,-0.2847403255756599,2.970802658210862,-0.28480779202071554,-1.2626685150344514,0.7632512532848651,1.438078613876842,1.4418466899887503
C/2016 X1 (Lemmon),99.82366082250083,3.0357387704163,2.733980117746327,-2.9987647369362964,2.7359641928993423,12.12371520763465,0.8795493698646811,-1.3790314484863133,1.5784515902235632
C/2017 AB5 (PANSTARRS),87.40262947417041,0.16997506581574584,2.992183765031271,-2.990050089128946,2.9936847785199765,13.268707983893625,0.8860564044255762,1.3187886347649276,1.193179942234126
C/2017 B3 (LINEAR),95.5558134086131,7.878894188728696,3.368214869166079,-2.140474003665838,3.370545954351286,14.936201462046936,0.8801094732983602,-0.39081286630992235,-0.5778441251493425
C/2017 D2 (Barros),97.51346186101782,4.008278067884712,2.6960942888691206,-2.479459141751011,2.69801700015895,11.955712157162191,0.8565338931305387,-0.06651813162364209,-0.2111087280906223
C/2017 D3 (ATLAS),32.579815763171425,14.403027965822831,-2.9582126532105844,2.019295094586322,-2.9631300568906918,-13.11806457492099,0.8755124303076243,-1.3862930807925462,-0.9882112412741557
C/2017 E3 (PANSTARRS),37.75248615834858,26.556159917264015,-3.149052657449969,2.952363146733848,-3.1496430680193335,-13.964336223571202,0.8862166326157277,-1.0035227737356247,-0.9797575866380932
C/2017 F1 (Lemmon),104.76079988091543,6.6927644638321215,-2.389368583225441,3.0852560249308665,-2.392698243240684,-10.595550436180071,0.8900575823834369,1.0627757528917965,1.3092156976245926
C/2017 F2 (PANSTARRS),33.38566464928111,3.5901354739477953,2.672883459008262,-2.953272143440285,2.6787351253789238,11.85278474772738,0.8864617100822292,1.5326950739550693,1.2797439694166686
C/2017 G3 (PANSTARRS),9.488801479987362,20.91967628117613,-3.025983492217272,3.1030768906985604,-3.026106433786056,-13.418591395202633,0.8010153222528312,1.47050837538976,1.483546541488134
C/2017 K1 (PANSTARRS),13.688632888786904,2.2163088774014224,-2.0427933856330136,1.7108712086142328,-2.0492234487144385,-9.058677886754252,0.8861938968742412,-1.4727679429486318,-0.5664817427047827
C/2017 K2 (PANSTARRS),84.07442801221575,16.213132402698584,-0.704818554577077,5.128244085226458,-0.7060064796987306,-3.125487041139497,0.8881354199984883,-0.6429139469093547,-0.5403891347594517
C/2017 K6 (Jacques),147.0443770872007,3.093017495964649,-2.394062482050144,0.9590034573601526,-2.399560127942743,-10.616365325138027,0.8687285665657349,-0.9178375201449203,-0.6453460891975671
C/2017 M4 (ATLAS),34.344981740808244,27.666325744013136,-1.158561542624999,3.5399433963004823,-1.1641409469104549,-5.137590468244447,0.8844251397714652,-0.4064279768859202,0.20315119591890712
C/2017 M5 (TOTAS),91.66997880242259,29.371277641050792,3.013701833291836,-3.0368383337273914,3.014570575656874,13.364128916078231,0.8758666490709495,0.14732906712182833,0.06794084073030575
C/2017 O1 (ASASSN),152.59551830302317,6.588040754982795,1.3088364122113525,-1.981691990909019,1.3120042931812876,5.803977802191559,0.8331311614242666,0.7791461069775553,0.5462536480732451
C/2017 S7 (Lemmon),135.7741382952882,1.194718626213277,2.5728900030648245,-2.35088630338939,2.5863408332887143,11.409368142531028,0.8849122850830705,-1.3706075883188327,1.3090051159236862
C/2017 T1 (Heinze),80.92073211154215,20.22510522651376,-0.9024448850051316,1.9738050875253692,-0.9034491410704033,-4.001852356339622,0.8876238638039572,0.6558452316765161,0.7401509716725049
C/2017 T2 (PANSTARRS),60.065943966087545,7.8493929561231415,-2.9820057109797147,3.1643605413508284,-2.982154887814848,-13.223573848539818,0.8891415333346718,1.0848247619934384,1.0939622065983057
C/2017 T3 (ATLAS),124.46235715295471,17.538315775972162,0.026098095544034805,-6.230619300310346,0.02614883653834345,0.11573086277537978,0.8648784493439982,-0.8102061932704254,-0.8201367194365299
C/2017 U7 (PANSTARRS),94.61608992314927,0.6301840708246075,3.080731708320978,-3.0124705501128846,3.0816577852477764,13.661369964022114,0.8851290062775409,-0.17058983639526676,-0.23701243143866008
C/2017 Y2 (PANSTARRS),51.387816836468794,10.69696107256838,-2.4154481946308772,2.8134084001135142,-2.421979761192391,-10.711199331851603,0.8855451533880153,-0.05089288602831633,0.2866151729314932
