desig,cls,q,i,l_arr,b_arr,theta_tno,theta_cax,drot_cat,drot_sim,res,kick,denc,rpk
C/1890 F1,1a,1.9027,120.564,88.8603,-53.5339,47.8233,59.0541,0.217103,0.216949,0.000154,36.8012,3.5921,0.0059
C/1898 L1,1b,1.6934,69.95,100.3084,48.9701,80.1028,84.9908,0.148597,0.147928,0.000669,776.6848,3.7462,0.0002
C/1902 R1,1b,0.3975,156.487,75.7092,-10.4467,26.7322,40.8759,0.151237,0.150713,0.000524,839.8923,2.3231,0.0002
C/1902 X1,1b,2.7765,43.893,303.0853,-4.0308,103.9470,89.9830,0.076263,0.075875,0.000387,513.8392,3.8975,0.0001
C/1912 R1,1b,0.7138,79.847,123.1185,-25.2886,68.8072,83.7050,0.122291,0.122691,-0.000400,407.5846,3.6143,0.0003
C/1913 Y1,1b,1.1007,67.987,349.9310,-66.7917,62.4567,61.1424,0.154003,0.149435,0.004568,34.2671,3.5495,0.0044
C/1914 M1,1b,3.7423,71.079,96.1356,-13.3378,45.5375,60.3294,0.244890,0.245484,-0.000594,28.0744,4.3100,0.0087
C/1916 G1,1b,1.6921,25.606,127.6427,-21.8612,73.5220,88.4925,0.031649,0.034392,-0.002743,746.0643,2.9220,0.0000
C/1922 U1,1b,2.2566,51.423,172.4801,-43.4823,100.4623,111.9962,0.050404,0.050372,0.000032,544.4700,3.6734,0.0001
C/1925 F1,1b,4.1782,146.742,336.5163,13.7184,77.8613,62.9046,0.117026,0.117530,-0.000504,93.1204,3.3341,0.0013
C/1925 G1,1b,1.1054,100.09,131.8438,-35.6957,74.4938,88.6671,0.195879,0.195397,0.000482,572.5001,4.2614,0.0003
C/1925 W1,1b,1.5653,49.271,269.9862,-46.6328,106.4484,102.1658,0.064183,0.064530,-0.000347,346.3487,3.3238,0.0002
C/1932 M1,1b,1.6445,78.369,94.9664,-66.8710,57.9965,66.8824,0.124839,0.124641,0.000198,269.9868,3.4089,0.0005
C/1932 M2,1a,2.3125,125.023,54.5635,24.3310,41.6859,42.3898,0.212024,0.212008,0.000016,285.5647,3.8028,0.0007
C/1935 Q1,1a,4.0342,66.129,142.6565,-40.3169,81.7978,95.2852,0.192152,0.192660,-0.000507,298.8232,4.7552,0.0006
C/1937 C1,1b,1.7354,41.523,61.6978,-39.1596,24.7694,35.8067,0.474958,0.472263,0.002695,1338.4624,1.8729,0.0004
C/1941 K1,1b,0.8786,94.468,34.1499,-83.5114,66.7367,70.5114,0.207161,0.206793,0.000367,112.3422,3.7022,0.0018
C/1942 C1,1b,1.4409,79.489,350.9169,42.6390,79.9864,68.2144,0.132166,0.129749,0.002417,836.6100,3.6341,0.0002
C/1944 K2,1b,2.2256,95.125,25.6873,22.8063,45.8736,36.7204,0.178670,0.178320,0.000350,539.5160,4.1199,0.0003
C/1946 P1,1a,1.1295,57.042,34.1970,32.2001,51.2031,45.2005,0.244446,0.245004,-0.000557,28.3056,3.3546,0.0087
C/1946 U1,1b,2.4109,108.115,219.1521,10.8213,168.6231,174.5085,0.035076,0.038618,-0.003542,26.8042,4.2505,0.0014
C/1947 S1,1b,0.7492,140.602,98.9759,6.1698,54.5478,67.3194,0.159779,0.153750,0.006029,389.6353,4.1928,0.0004
C/1947 Y1,1b,1.4914,77.587,41.3430,-59.6572,43.0202,46.9744,0.248556,0.249134,-0.000578,25.3958,3.6382,0.0098
C/1948 E1,1a,2.095,92.926,60.7936,-66.9922,50.5799,56.8381,0.336362,0.335895,0.000467,2.0399,2.7943,0.1647
C/1948 T1,1b,3.2605,155.124,230.1860,-23.7730,139.2106,139.9665,0.038632,0.038298,0.000334,190.8095,2.3680,0.0002
C/1950 K1,1a,2.5713,144.145,28.6723,7.2072,31.4626,20.8890,0.100808,0.100648,0.000161,233.2669,3.6111,0.0004
C/1954 O2,1a,3.8671,100.343,272.5389,-34.6591,113.8253,106.8803,0.152823,0.152838,-0.000015,208.5068,4.9540,0.0007
C/1954 Y1,1a,4.071,79.681,268.4952,-56.0229,99.7858,97.4528,0.230815,0.231323,-0.000509,266.8298,3.6485,0.0009
C/1955 G1,1b,4.4969,123.952,78.7832,-52.8022,42.7203,53.3235,0.041377,0.041118,0.000259,101.9220,3.3176,0.0004
C/1958 R1,1b,1.6287,61.167,255.3108,-59.4021,100.6424,100.3063,0.097938,0.093813,0.004125,167.3370,3.6994,0.0006
C/1959 X1,1b,1.2586,19.621,4.8791,-19.5308,41.8625,28.6659,0.601585,0.600562,0.001023,2506.9227,1.9371,0.0002
C/1960 M1,1b,4.2588,125.469,95.7580,-36.2982,45.4852,59.6842,0.208055,0.208273,-0.000218,41.9264,4.6206,0.0050
C/1973 A1,1b,2.509,138.589,6.2417,9.0780,49.6679,35.3189,0.120828,0.120493,0.000335,312.2588,3.9342,0.0004
C/1977 D1,1b,5.7118,64.552,322.2728,-29.9905,78.8470,67.8493,0.265882,0.266189,-0.000307,46.2342,3.5451,0.0058
C/1978 R3,1b,1.7638,130.653,257.6591,32.3425,149.9260,135.7174,0.264253,0.264310,-0.000057,216.1247,3.6253,0.0012
C/1986 P1-A,1a,1.1937,147.182,57.8470,27.4228,45.2435,46.5719,0.158630,0.154359,0.004271,725.5949,2.7044,0.0002
C/1990 M1,1b,2.6799,132.766,40.5714,-13.3165,8.9284,6.4065,0.143651,0.144208,-0.000557,282.2820,3.5985,0.0005
C/1992 A1,1b,3.0079,39.309,342.3067,33.3161,81.0488,67.5942,0.515400,0.515068,0.000332,122.6542,3.6510,0.0042
C/2003 A2,1a,11.4227,8.066,321.2929,1.8637,88.3536,73.6103,0.026857,0.026311,0.000547,92.7714,6.3314,0.0003
C/2003 WT42,1a+,5.1822,31.434,321.4873,-31.3978,79.1789,68.4623,0.275805,0.275621,0.000184,154.2085,4.9975,0.0018
C/2004 YJ35,1b,1.7829,52.399,298.4749,-32.7917,97.0954,87.5375,0.136972,0.137085,-0.000113,779.0774,3.9633,0.0002
C/2008 FK75,1a+,4.5055,61.19,109.1213,-59.7984,60.5059,71.3205,0.107879,0.102464,0.005415,118.1083,4.4534,0.0009
C/2008 S3,1a+,8.0157,162.706,196.3088,-10.9982,137.2447,150.2645,0.033527,0.033287,0.000240,11.7072,6.3847,0.0028
C/2009 F4,1a+,5.4516,79.343,101.2537,75.7290,97.9922,97.1888,0.099240,0.094833,0.004407,63.1626,5.5132,0.0015
C/2010 S1,1a+,5.9005,125.32,140.1376,-45.7585,78.6845,91.5925,0.116119,0.111834,0.004285,51.6586,3.1352,0.0022
C/2010 U3,1a+,8.4482,55.48,309.6443,-55.4331,81.2250,76.1364,0.009894,0.009539,0.000355,142.9495,8.1397,0.0001
C/2011 F1,1a,1.8219,56.6,92.1296,10.4243,50.6911,62.2720,0.074420,0.072381,0.002039,217.7934,4.0395,0.0003
C/2011 L2,1b,1.9381,104.342,83.9713,70.8168,91.0682,90.3746,0.238499,0.237789,0.000711,195.5305,3.7790,0.0012
C/2011 L4,1a+,0.3014,84.087,242.7275,26.1872,164.2932,149.9983,0.110209,0.110946,-0.000737,415.3320,3.8319,0.0003
C/2011 R1,1a+,2.0833,116.135,70.1472,44.4294,64.3895,66.1466,0.100931,0.101429,-0.000498,98.8101,2.5695,0.0010
C/2012 A1,1a+,7.5994,120.933,271.8152,10.1290,137.9005,123.3994,0.054882,0.054748,0.000134,76.0175,4.7495,0.0007
C/2012 B3,1b,3.5359,106.92,53.3271,-47.8147,31.0188,38.3598,0.038261,0.038141,0.000120,91.1078,3.5329,0.0004
C/2012 CH17,1b,1.2965,27.725,87.4541,-18.1379,36.6120,51.5814,0.076801,0.084993,-0.008192,198.8477,3.8359,0.0004
C/2012 F3,1a+,3.4509,11.354,89.0767,-11.0054,39.2760,53.8081,0.094108,0.089205,0.004903,845.1465,3.1748,0.0001
C/2012 K1,1a+,1.0512,142.417,298.9423,13.8718,112.8618,97.8931,0.203926,0.195833,0.008093,87.3381,3.8979,0.0022
C/2012 K8,1a+,6.4594,106.102,84.8708,-68.7389,56.3941,64.3665,0.068213,0.067956,0.000256,15.7902,6.3294,0.0043
C/2012 LP26,1a+,6.5436,25.375,121.7998,-14.2143,69.7618,84.7502,0.078347,0.078597,-0.000250,140.7172,4.7808,0.0006
C/2012 S3,1a,2.3105,112.894,119.8437,3.4321,72.7980,86.7309,0.009312,0.011780,-0.002468,159.6464,4.2747,0.0001
C/2013 B2,1a,3.7329,43.477,314.4951,-15.9661,89.5297,76.5549,0.209583,0.208769,0.000814,203.6679,3.8765,0.0010
C/2013 E1,1a,7.7795,158.699,0.4421,15.7953,58.0311,43.9391,0.048988,0.048695,0.000293,45.9552,3.2488,0.0011
C/2013 G3,1a+,3.8446,64.635,89.1514,-61.5340,52.7409,62.4107,0.139300,0.138148,0.001152,354.8596,3.2937,0.0004
C/2013 G8,1a+,5.1447,27.588,139.8955,-27.1450,83.1025,97.7492,0.032798,0.033288,-0.000490,323.8821,4.5624,0.0001
C/2013 G9,1a+,5.3312,146.231,14.4118,13.6418,45.8839,32.9624,0.166641,0.166276,0.000365,15.9027,3.1556,0.0105
C/2013 P3,1a+,8.6482,93.875,177.4567,-2.8425,125.4166,140.4165,0.028317,0.027863,0.000454,2.1624,8.3626,0.0129
C/2013 US10,1a+,0.82,148.836,23.0183,9.9780,37.2508,25.4338,0.209764,0.207054,0.002710,307.1772,3.2125,0.0007
C/2013 V1,1a,1.6553,65.342,277.7836,-42.6477,105.3902,99.4508,0.236098,0.231632,0.004466,462.0618,1.7372,0.0005
C/2013 V4,1a+,5.1824,67.871,253.4265,-36.9869,121.3052,117.7654,0.123736,0.119880,0.003855,77.7215,5.1883,0.0015
C/2013 V5,1b,0.6055,154.917,140.6328,17.3953,96.5119,109.4751,0.536685,0.528652,0.008033,2923.6042,0.5737,0.0002
C/2014 AA52,1a,1.9991,105.209,183.0800,63.2164,124.1103,125.2743,0.076264,0.076316,-0.000052,43.2639,3.3275,0.0018
C/2014 B1,1a+,9.5569,28.38,328.8245,6.6977,82.6482,67.6631,0.036041,0.036872,-0.000831,19.4280,7.2503,0.0019
C/2014 M1,1a,5.5744,160.18,76.5551,7.6522,36.7412,47.0467,0.072540,0.072423,0.000117,119.1836,2.7729,0.0006
C/2014 N3,1a+,3.8861,61.609,196.8223,5.7040,146.5604,161.5599,0.033593,0.034516,-0.000923,434.0078,5.0142,0.0001
C/2014 OE4,1a+,6.236,81.288,79.0897,-64.3921,51.5904,59.9885,0.072882,0.072653,0.000229,55.7998,0.9994,0.0013
C/2014 Q6,1b,4.2279,49.773,148.2861,-1.8848,98.3149,113.1498,0.076498,0.076776,-0.000278,86.9953,4.8047,0.0009
C/2014 UN271,1a+,10.9491,95.466,13.6398,33.5473,60.7634,50.4300,0.034754,0.034679,0.000075,14.0886,9.0771,0.0025
C/2014 W10,1b,7.6561,83.327,229.2720,-42.0001,120.9993,123.2302,0.056597,0.056192,0.000404,28.8493,6.8789,0.0019
C/2014 W3,1b,6.0608,90.211,286.4300,-21.2368,111.9590,101.1090,0.032466,0.031951,0.000515,696.7989,3.7279,0.0000
C/2014 W6,1b,3.0797,53.529,357.1394,23.7059,64.9624,51.4374,0.289293,0.290307,-0.001014,103.6163,3.1399,0.0028
C/2015 D3,1a+,8.1447,128.548,335.2441,-2.1309,73.8476,59.1090,0.041265,0.041933,-0.000668,39.1284,4.5726,0.0011
C/2015 H2,1a+,4.9596,33.743,102.1286,31.8832,70.5610,79.0824,0.204752,0.198366,0.006386,549.9845,4.8565,0.0004
C/2015 K7,1a,9.9414,159.876,73.1023,-1.7554,28.1788,40.3001,0.044596,0.044860,-0.000264,72.1156,2.0391,0.0006
C/2015 O1,1a+,3.721,127.177,30.3767,-52.8219,38.6862,39.9271,0.179975,0.170694,0.009281,55.2431,4.0449,0.0031
C/2015 R3,1a,4.9033,83.532,143.5621,83.2343,107.4154,105.1780,0.031338,0.030784,0.000554,166.6899,4.2746,0.0002
C/2015 V2,1a+,1.6308,49.94,60.1408,-11.3802,12.1699,25.5917,0.259541,0.253908,0.005632,587.6662,4.1197,0.0004
C/2015 VL62,1a,2.7226,165.631,145.2063,-11.2106,92.5546,107.5776,0.398464,0.397854,0.000610,549.3627,1.4725,0.0007
C/2015 X5,1a+,6.8046,124.312,285.7881,-22.5485,111.8173,101.2437,0.043843,0.044398,-0.000554,22.3802,4.7996,0.0020
C/2015 X7,1a+,3.6838,57.582,313.6338,9.6578,97.8868,82.9341,0.187967,0.188307,-0.000340,178.4032,4.1521,0.0011
C/2015 XY1,1a+,7.9355,148.842,267.5653,8.3152,141.4583,127.2384,0.032005,0.031986,0.000019,24.9322,5.5381,0.0013
C/2016 A1,1a+,5.328,121.194,302.7457,-8.7469,102.7147,89.2479,0.078039,0.077227,0.000812,91.3703,4.8041,0.0008
C/2016 C1,1a+,8.4553,56.199,343.0035,25.6735,77.0592,62.9198,0.048729,0.048683,0.000046,201.1851,4.1564,0.0002
C/2016 E1,1a+,8.1599,132.068,16.8950,-33.1682,33.0670,25.4970,0.258642,0.257180,0.001462,248.6229,2.0621,0.0010
C/2017 AB5,1a,9.2197,32.416,298.9582,-31.6728,97.2041,87.4071,0.004137,0.004203,-0.000066,108.9528,8.6360,0.0000
C/2017 E3,1a+,5.9093,70.679,31.4891,24.6739,45.0352,37.7535,0.526314,0.526103,0.000211,783.5793,1.3911,0.0007
C/2017 F1,1a,4.5089,146.595,278.2921,-29.8268,113.3075,104.7612,0.116281,0.115642,0.000639,299.2188,2.1414,0.0004
C/2017 F2,1a,6.9245,42.522,2.2194,-28.5765,44.3613,33.3860,0.077027,0.076963,0.000064,331.9563,4.7130,0.0002
C/2017 K1,1a+,7.2757,154.033,41.9174,-1.7795,16.7385,13.6872,0.048653,0.048737,-0.000084,23.0106,3.8410,0.0021
C/2017 K5,1a,7.6691,82.297,101.2656,-8.0522,51.6514,66.1494,0.051825,0.051431,0.000394,257.3326,4.4341,0.0002
C/2017 M4,1a+,3.2447,105.658,69.1657,-11.7753,20.2060,34.3424,0.414870,0.406327,0.008543,75.3688,3.9268,0.0054
C/2017 S6,1b,1.5473,152.896,172.8250,-18.8970,114.1391,128.3912,0.150732,0.150965,-0.000233,659.7890,2.2539,0.0002
C/2017 T2,1a+,1.6193,57.141,339.8125,-57.0273,64.5195,60.0655,0.088005,0.081291,0.006714,611.8809,3.7385,0.0001
C/2018 C2,1a,1.9516,34.479,50.9205,-23.9066,7.1367,19.3737,0.423615,0.423530,0.000085,347.7934,3.2268,0.0012
C/2018 S3,1a+,8.0047,78.419,86.5348,76.8740,96.4606,94.8460,0.002354,0.002114,0.000241,38.7540,3.8290,0.0001
C/2018 U1,1a+,4.9883,108.296,75.2551,0.3988,31.1750,43.0357,0.144348,0.147029,-0.002681,196.1708,4.4625,0.0007
C/2019 F1,1a+,3.5872,54.227,98.6134,50.2279,80.1143,84.5864,0.210769,0.208602,0.002167,114.5218,2.6204,0.0018
C/2019 G4,1a,5.8489,138.344,17.1682,39.2549,63.6325,54.5617,0.103811,0.103367,0.000444,84.9058,4.9719,0.0012
C/2019 K7,1a,4.4629,103.523,121.0027,-26.6298,66.7231,81.5833,0.269820,0.270184,-0.000364,365.5886,4.7933,0.0007
C/2019 N1,1a,1.7094,82.338,15.3155,13.2445,44.9604,32.1208,0.075946,0.079922,-0.003977,964.3017,4.3315,0.0001
C/2019 NJ3,1a,4.3507,99.435,121.4307,65.1805,98.2906,100.7100,0.150471,0.150233,0.000238,27.5424,4.6030,0.0055
C/2019 O3,1a+,8.8111,89.838,120.6939,-60.0276,66.2134,77.1182,0.058476,0.052309,0.006166,108.1336,4.9114,0.0005
C/2019 Q1,1a+,4.9926,155.704,168.7743,-19.9684,110.2729,124.6238,0.151321,0.151452,-0.000132,105.0029,3.0126,0.0014
C/2020 F2,1a+,8.8267,163.616,23.2149,-12.1233,25.4066,10.5625,0.071508,0.071169,0.000339,32.8309,3.2229,0.0022
C/2020 H6,1a+,4.7058,79.935,37.3337,-19.9732,11.4533,7.6699,0.045828,0.045615,0.000213,463.3820,5.3447,0.0001
C/2020 K6,1a,5.864,103.684,98.5983,-42.5765,49.1385,62.6144,0.030571,0.030590,-0.000018,26.8914,1.8437,0.0011
C/2020 K8,1b,0.4726,31.347,260.0198,30.7840,148.6173,134.1397,0.074353,0.074325,0.000028,572.0893,3.7903,0.0001
C/2020 N1,1b,1.32,29.775,285.9629,3.3259,122.5099,108.3150,0.071586,0.071947,-0.000361,558.5394,3.9575,0.0001
C/2020 O2,1a+,4.8571,71.761,79.9496,-9.8190,30.9081,45.0969,0.196267,0.193908,0.002359,217.5479,5.1285,0.0009
C/2020 R7,1a+,2.9531,114.816,93.3906,11.0721,52.0847,63.6599,0.130745,0.128029,0.002716,516.1686,3.9124,0.0002
C/2020 S4,1a+,3.3694,20.581,317.5889,-7.2220,89.2327,75.2030,0.033559,0.038066,-0.004507,826.8664,4.3239,0.0000
C/2020 U4,1a+,5.3531,167.024,230.8238,-12.1542,150.7902,149.8141,0.092617,0.092322,0.000294,135.8331,1.8730,0.0007
C/2021 A6,1a+,7.9369,75.543,341.9855,8.0683,70.8099,55.7934,0.052586,0.053048,-0.000462,72.9119,7.7491,0.0007
C/2021 A9,1a+,7.7612,158.006,285.1222,11.3265,125.4580,110.6892,0.036887,0.037927,-0.001040,4.2461,3.3791,0.0089
C/2021 C5,1a,3.2497,50.715,55.0111,50.7077,67.9137,66.3015,0.007691,0.009472,-0.001780,529.7660,3.5141,0.0000
C/2021 D2,1a+,2.9455,83.845,296.9960,-54.5163,88.2757,83.4422,0.049234,0.054078,-0.004844,261.8480,3.2901,0.0002
C/2021 E3,1a+,1.7714,112.589,80.5618,44.0534,67.5221,71.0301,0.185214,0.182351,0.002863,568.5160,3.7389,0.0003
C/2021 G3,1a,5.1892,102.827,325.0383,-10.3773,81.2794,67.3817,0.056329,0.056548,-0.000219,7.6590,5.4392,0.0074
C/2021 K3,1a,5.2202,134.858,112.9559,1.3885,65.6274,79.5634,0.198296,0.199320,-0.001024,202.6746,2.8705,0.0010
C/2021 Q6,1a+,8.7016,161.842,171.1760,-11.3469,116.2172,131.0274,0.082982,0.082677,0.000305,35.5305,3.5316,0.0023
C/2021 Y1,1a,2.0254,77.182,271.3181,62.9269,125.6026,116.0886,0.149684,0.144273,0.005411,597.1065,3.6087,0.0002
C/2022 K1,1b,3.983,41.991,106.7181,-23.9218,54.1668,69.1569,0.237536,0.237240,0.000296,19.4161,3.6377,0.0122
C/2022 T1,1a,3.4517,22.52,23.3479,12.9287,39.2147,27.9968,0.083959,0.083934,0.000025,329.0279,3.5647,0.0003
C/2025 D1,1a+,14.1088,84.505,313.4934,6.0311,97.0063,82.1731,0.014237,0.014157,0.000080,29.3366,9.2112,0.0005
