arc,desig,drot0,n_ang,n_full,n_weak,nobs,saph_ang,saph_full,saph_weak,sdrot_ang,sdrot_full,sdrot_weak
1883.0,C/2025 M1 (PANSTARRS),0.027148651154907836,10,16,10,80.0,0.0029890749731520208,0.003189848088968409,3.2956105112107473e-06,2.327323645464211e-06,2.881788487868393e-06,2.981319371202918e-06
1116.0,C/2024 L2 (PANSTARRS),0.04397307958384753,10,16,10,39.0,0.0010856109104255883,0.001372153854003927,3.339553924885217e-06,1.3371027456285243e-07,9.805180683370277e-06,8.103428007574373e-06
137.0,C/2020 H7 (Lemmon),0.1595720896226479,10,16,10,174.0,0.00390699841768041,0.002930337056768224,4.200011002916131e-06,8.059231271714428e-06,2.67097205609784e-05,1.1101916187834118e-05
653.0,C/2021 G3 (PANSTARRS),0.05656582507229394,10,16,10,63.0,0.0005352178900386952,0.0006898597716697408,1.1131846416284051e-06,2.9374873047542577e-07,2.2650234800551325e-06,1.26773937756458e-06
133.0,C/2026 A3 (PANSTARRS),0.22874327506783665,10,16,10,72.0,0.024489700899416243,0.020960659223532692,0.0005841525277336116,0.0003685606232857271,0.0006096903990287877,0.0005499394576092455
507.0,C/2022 O1 (ATLAS),0.08599584119669716,10,16,10,189.0,0.0027976562011440753,0.0027064375881924647,7.935962672071717e-06,4.613878220507538e-06,8.658669524981243e-06,6.040371289110815e-06
70.0,C/2020 W5 (Lemmon),0.03702630673210433,10,16,10,55.0,0.007829265107516806,0.010001684926870445,3.517609589991267e-05,6.1615403869915215e-06,1.4508597130794156e-05,1.5435626970365352e-05
40.0,C/2026 L2 (PANSTARRS),0.0856522998888318,10,16,10,36.0,0.019612369457171472,0.025627972127104066,4.3662822341771335e-05,1.1201852161903911e-05,5.8419684570849624e-05,5.7726168251898534e-05
105.0,C/2019 B1 (Africano),0.07444522671015634,10,16,10,161.0,0.0021841844252525836,0.0019535460922846877,4.573868701686619e-06,5.097280728509037e-06,4.6625183628521416e-06,8.909998642682211e-07
129.0,C/2020 P1 (NEOWISE),0.22502195708133088,10,16,10,136.0,0.00021657378404316935,0.0003332031456244967,8.864456753114521e-06,2.0973762038735885e-06,4.408681594442272e-06,4.328636195233214e-06
430.0,C/2024 L3 (PANSTARRS),0.21114105416449266,10,16,10,34.0,0.014219353745287919,0.014564648966543746,9.90344308568861e-05,0.00010584411012016013,0.00015317693422172226,0.00010797414473083121
487.0,C/2025 K3 (PANSTARRS),0.3297374140719669,10,16,10,97.0,0.0013786134776984204,0.0017915576284199554,1.8430439999894987e-05,5.4716793055111355e-06,1.956753474039782e-05,2.1100332860266854e-05
283.0,C/2019 H1 (NEOWISE),0.2702153821588379,10,16,10,165.0,0.00031125629470071223,0.00020489978308845295,8.537736462515939e-07,1.1165681332674499e-07,5.829182007585088e-07,6.807674175512817e-07
142.0,C/2024 G5 (Leonard),0.05346890914999625,10,16,10,92.0,0.002210288503819994,0.0021715420521032348,1.234581490635418e-05,3.051849354530101e-06,7.413432715817829e-06,8.151521781858633e-06
297.0,C/2020 F6 (PANSTARRS),0.3749931898864355,10,16,10,102.0,0.0012102539425039923,0.001543134576984908,7.810979070969555e-06,3.4075221132459255e-06,5.921615436703847e-06,4.764903488173247e-06
526.0,C/2020 R6 (Rankin),0.3666551024280198,10,16,10,56.0,0.004697811286350408,0.0027498595232508093,6.570618906549024e-05,3.607202309031681e-05,8.554680021662137e-05,8.394564936722256e-05
591.0,C/2024 B2 (Lemmon),0.12999171419538172,10,16,10,92.0,0.0003152307584315742,0.0005505009726513151,3.078324659199976e-06,4.5054379990630797e-07,3.775844943247698e-06,3.7285522827277797e-06
209.0,C/2020 T5 (Lemmon),0.4075516081713141,10,16,10,111.0,0.0006414278729320902,0.0006355263152684664,5.094103260594668e-06,2.703958750967753e-06,5.120647603937951e-06,3.7915534447501615e-06
550.0,C/2021 N3 (PANSTARRS),0.19098841424438487,10,12,8,77.0,0.00045031457140819355,0.05074135540816338,0.04271222374556285,0.00015750572955169518,0.04586675379271667,0.03781705718877229
1118.0,C/2022 H1 (PANSTARRS),0.03384029286505875,10,16,10,74.0,0.0007054647480437667,0.0010192558295858112,2.659062909866425e-06,1.2110745796492918e-06,2.8701261423850777e-06,2.739918867356028e-06
301.0,C/2021 U5 (Catalina),0.07535137106281925,10,16,10,463.0,0.0002958221578724366,0.0003541766546505864,1.664311229406393e-06,1.2168988089421355e-06,1.5139748307971188e-06,4.6838087346283856e-07
1982.0,C/2021 Q4 (Fuls),0.25342774703194715,10,16,10,558.0,0.000111851190673537,0.00010931324646252847,0.0,7.281970127998096e-07,3.0027755391844827e-06,3.213460713107673e-06
996.0,C/2018 L2 (ATLAS),0.2920652723284412,10,16,10,731.0,7.57345830973333e-05,6.476134805384513e-05,2.699869328381916e-07,7.760077667870482e-08,8.669729918191758e-07,7.57980133697155e-07
532.0,C/2021 A7 (NEOWISE),0.10976751896118976,10,16,10,295.0,6.95440431312834e-05,7.151628462855289e-05,6.613302226726411e-07,2.2382622387684023e-08,6.069151463297145e-08,8.109398335529418e-08
792.0,C/2021 D2 (ZTF),0.05406678420857922,10,16,10,654.0,0.0001393666166358432,0.00012723769773451317,4.67631085055434e-07,1.5391019917815312e-07,5.098218294856357e-07,5.148391892759917e-07
1342.0,C/2020 P3 (ATLAS),0.010245517166381547,10,16,10,698.0,0.00015471546946182346,0.0001650044583272046,0.0,1.224999109855687e-07,3.0836700513753426e-07,1.7586165422296245e-07
212.0,C/2024 V1 (Borisov),0.14744631623515475,10,16,10,422.0,0.0003660874472773203,0.00023407882647276447,6.037091348628666e-07,9.066015553469132e-07,6.550086897703334e-07,1.8676410098373388e-07
78.0,C/2026 M3 (MASTER),0.027530970387644037,10,16,10,236.0,0.17752244972655756,0.2306641883286362,0.0001852257941002873,0.00012020224662817943,0.00017234778506970488,4.173131992697471e-05
148.0,C/2026 L1 (PANSTARRS),0.0477700877428305,10,16,10,194.0,0.007352397642242521,0.005264067506042424,1.674136700835619e-05,4.387559942682181e-06,1.0839798626634914e-05,1.822515369419486e-05
3427.0,C/2020 H5 (Robinson),0.010275832527293444,10,16,10,292.0,0.00016749789998736018,0.00020845948358986103,6.037091348628667e-07,4.917304230009816e-08,2.4028376631343134e-07,1.9712152697379014e-07
1728.0,C/2019 B3 (PANSTARRS),0.022219868483611988,10,16,10,293.0,0.000189736666647083,0.0001262268316443123,8.53773646251594e-07,5.184350941845349e-07,9.545658826872036e-07,1.0719806062284243e-06
769.0,C/2024 G2 (ATLAS),0.08496990061948183,10,16,10,691.0,0.00011966849108796875,7.749700847433821e-05,5.399738656763832e-07,3.6896440956778695e-08,1.2887365626980332e-06,9.571857761032448e-07
567.0,C/2025 V2 (Rankin),0.11088241922102071,10,16,10,570.0,0.0002607859952927682,0.00033915392432754254,3.2510731868091282e-06,1.3179569785484048e-06,3.1324806218305022e-06,3.485531956363682e-06
647.0,C/2022 T1 (Lemmon),0.08393314703037554,10,16,10,587.0,0.00012407507923706395,0.00016335910712061464,0.0,1.7102410838425012e-07,4.1073290780407846e-07,2.061717636788488e-07
1081.0,C/2023 U1 (Fuls),0.08543773669890248,10,16,10,641.0,6.722457767199739e-05,7.823887549395188e-05,0.0,3.357585497488782e-08,6.721248634290042e-07,6.846202416148852e-07
614.0,C/2024 J2 (Wierzchos),0.14165696409738712,10,16,10,451.0,0.00010493638770090163,8.601478181112701e-05,3.8181918208328447e-07,8.70085212632917e-08,2.543768882628544e-07,2.1010156287353876e-07
195.0,C/2023 R2 (PANSTARRS),0.45621684204606655,10,16,10,309.0,0.0008143381476381666,0.0006760855691337719,2.6665908343377934e-05,1.197707529395782e-05,2.4829735302364412e-05,1.9666739510968173e-05
468.0,C/2019 K1 (ATLAS),0.49128348956781714,10,16,10,274.0,0.00019528082250872092,0.0001854720083393039,1.9090959104164224e-06,4.1130989164784957e-07,2.510856387008549e-06,2.4729015853542662e-06
104.0,C/2020 A2 (Iwamoto),0.20181043421715425,10,16,10,529.0,0.0015464822054757738,0.00128177117418286,1.579365866534258e-05,1.7629815311416653e-06,3.7822485077228192e-06,4.19355171158165e-06
591.0,C/2021 QM45 (PANSTARRS),0.1803805545579454,10,16,10,382.0,0.00016012114459076495,0.00014451001715105798,3.6722193047426013e-06,2.296763656998189e-06,3.708292976385281e-06,4.25126103910108e-06
281.0,C/2019 D1 (Flewelling),1.4334269973222955,10,3,2,797.0,0.03616598958281184,0.6076261029797314,0.6497091785220417,0.03611038544822201,0.5818567125018597,0.6487253233423366
1768.0,C/2020 U4 (PANSTARRS),0.09232462317961346,10,16,10,921.0,8.122344969848904e-05,0.00011332538692466954,4.67631085055434e-07,2.2511048059327102e-08,1.7801347492760576e-07,1.2607501851616555e-07
1509.0,C/2023 A3 (Tsuchinshan-ATLAS),0.2031294848491806,10,16,10,7329.0,2.7152149724078567e-05,3.6181648862576257e-05,2.699869328381916e-07,1.3867295485083223e-08,1.4361151515895557e-07,9.954884264581713e-08
291.0,C/2025 R3 (PANSTARRS),0.03537939672423015,10,16,10,899.0,2.9419905096867755e-05,3.50677846711186e-05,1.5032236230862655e-06,1.4674599694414583e-07,6.757846495989346e-07,5.829400775277322e-07
1372.0,C/2022 R6 (PANSTARRS),0.05586049845093256,10,16,10,2462.0,8.012837378170638e-05,7.934785738484796e-05,2.699869328381916e-07,1.0503863627216816e-06,2.4241299173155806e-06,1.7950501079013667e-06
2180.0,C/2019 L3 (ATLAS),0.06435003472373177,10,16,10,6499.0,1.4639168524063185e-05,1.183216000502101e-05,0.0,1.64876532536801e-08,5.960651345512362e-08,4.421886916498521e-08
1679.0,C/2020 Y2 (ATLAS),0.12267762397830143,10,16,10,1775.0,7.623677583157357e-05,0.00010183018086491441,2.699869328381916e-07,1.3994031443818726e-06,1.721914382339192e-06,1.2373244985862113e-06
1221.0,C/2023 H1 (PANSTARRS),0.1152022531680405,10,16,10,772.0,6.600835423551422e-05,9.539153575706543e-05,4.67631085055434e-07,4.233562612715896e-08,6.780519976521791e-07,7.183947877434378e-07
813.0,C/2024 J4 (Lemmon),0.04092123792364452,10,16,10,876.0,8.496785182070043e-05,0.0001403480918377508,6.037091348628666e-07,6.883493491106572e-08,4.3333838987516023e-07,4.143266600463486e-07
566.0,C/2018 W2 (Africano),0.0651347806653336,10,16,10,1995.0,1.984358039684455e-05,2.187039977403167e-05,2.699869328381916e-07,3.40043015640611e-08,1.8920357938104633e-07,2.0243216556802062e-07
1060.0,C/2022 U1 (Leonard),0.13832426934643907,10,16,10,1325.0,4.229326128882775e-05,4.19637563909124e-05,0.0,8.01065399160171e-08,6.288818280785041e-07,4.516624659430738e-07
436.0,C/2020 S3 (Erasmus),0.28927531878049595,10,16,10,861.0,0.00018708574977025725,0.00030952135551748475,2.1933842111273383e-06,8.12674996835868e-07,1.7843003939378896e-06,1.0445017629131101e-06
235.0,C/2026 A2 (Bok),0.08417052780610115,10,16,10,1238.0,0.00034648507713547206,0.0003592324270996157,0.0,3.995304299517973e-07,5.897958049793505e-07,1.5570696946807101e-07
2370.0,C/2019 K7 (Smith),0.2702466091239388,10,16,10,2719.0,2.9161088518379917e-05,3.295334022220807e-05,0.0,8.875795382204805e-08,4.451335514898439e-07,5.386940883151452e-07
2461.0,C/2020 F2 (ATLAS),0.07115965563849158,10,16,10,1649.0,9.35168639217295e-05,0.00012264083986635843,6.613302226726411e-07,2.859738403709338e-08,1.12269745067814e-06,4.875408683254776e-07
2058.0,C/2024 G4 (PANSTARRS),0.0938682395442991,10,16,10,767.0,0.00010223097191184533,0.00015846257951435605,4.67631085055434e-07,6.106908677735832e-08,8.270050984862934e-07,9.456105225291991e-07
1686.0,C/2018 U1 (Lemmon),0.14709794744944024,10,16,10,2459.0,3.429684294171687e-05,4.1800591185461235e-05,0.0,5.934208869245357e-08,2.7060952426915433e-07,2.3949772452478784e-07
1297.0,C/2020 M5 (ATLAS),0.06748419746614846,10,16,10,1605.0,3.3102864312616136e-05,2.5226988690020565e-05,0.0,7.493477077959584e-09,2.8677031981283697e-07,3.0379896509823037e-07
1990.0,C/2020 V2 (ZTF),0.3026176153119601,10,16,10,5767.0,5.63969034103878e-05,7.233307183458446e-05,0.0,1.932195333362433e-08,2.486301702258322e-07,2.982996684621504e-07
2390.0,C/2019 T4 (ATLAS),0.10347280166883185,10,16,10,5476.0,1.7695990704363106e-05,1.6515334827621484e-05,0.0,1.1627380417057139e-08,7.3169618839668e-08,7.717992662738763e-08
