desig,q,i,theta,denc,drot_cat,drot_60,drot_75,drot_100,drot_125,drot_150,drot_175,drot_200,drot_225,drot_250,drot_300,drot_350,drot_400,h_60,h_75,h_100,h_125,h_150,h_175,h_200,h_225,h_250,h_300,h_350,h_400
C/1890 F1,1.9027,120.564,59.0540698817944,3.592070221093861,0.2171027307370628,0.2168400547598917,0.21694215872357017,0.21685776261935025,0.21689627410420836,0.216935120347225,0.2169309047756146,0.21694564088826923,0.21694103171265675,0.21694874549824503,0.21694964464046057,0.21695070641799588,0.21695232468263134,12.26727890993099,12.26722312594557,12.267236254878789,12.267217627708355,12.267196948783718,12.267196527900197,12.26718707105492,12.267188637125791,12.267183404777192,12.267181666724158,12.2671803981297,12.267178785862885
C/1898 L1,1.6934,69.95,84.99079512136034,3.746205154384475,0.1485972690298803,0.14790335123592935,0.14792903057680193,0.14792268519509455,0.14793132408042423,0.14792358263202687,0.1479228986687752,0.14792896391172936,0.14792672571389492,0.14792819078883923,0.1479286105848649,0.1479283499402247,0.14792880013154788,11.591505107608729,11.591456825867478,11.591436284726283,11.591433971987108,11.591432575734798,11.591429334138045,11.591425903461896,11.591425276488486,11.591424599380419,11.591423200457427,11.591422912447614,11.59142242893979
C/1902 R1,0.3975,156.487,40.87592891569073,2.3231471643512194,0.15123669191447472,0.15088931961313706,0.15079364991727645,0.15068635219079615,0.15071563997084275,0.150721544315315,0.15070469171465495,0.15071476105519246,0.15070936311520897,0.15071295601591622,0.1507121251698358,0.15071236622205092,0.15071231973539134,5.6212553701481145,5.621291136405112,5.621337871476535,5.621328257653701,5.621325810087898,5.621336082158317,5.621330702603273,5.621334619454315,5.621332461350361,5.621333472443544,5.621333441363107,5.621333772733674
C/1902 X1,2.7765,43.893,89.9830163249937,3.8975385986445645,0.07626250758212988,0.07526582745288213,0.07548331508483797,0.0757453149945344,0.07581445263993901,0.07583936864451997,0.07585538406163947,0.07586369833004217,0.07587184700742566,0.07587549457766231,0.0758805282243565,0.0758834469693618,0.07588509420675413,14.82475032671705,14.824750657865046,14.824793893143527,14.824830922750841,14.824834580245078,14.82484000781216,14.824846153864229,14.824848416510612,14.824851120544608,14.824853299115107,14.824855015492277,14.824856103558137
C/1912 R1,0.7138,79.847,83.70497101177986,3.6143483115053288,0.12229071678467134,0.12292353482290258,0.1228276485551322,0.12274751233080673,0.12272286023012471,0.12271127101741273,0.12269851187380666,0.1226958960159348,0.12269191508812771,0.12269057598026152,0.12268759748085159,0.12268586611459285,0.12268520255857765,7.518046123290737,7.518069209638313,7.5180932319687095,7.518111733873434,7.518116961012714,7.5181233393656015,7.5181258591139475,7.518128015910603,7.518129528562598,7.518131661612355,7.51813309538494,7.518133898848644
C/1913 Y1,1.1007,67.987,61.14240259461215,3.5495416061178133,0.1540025296642529,0.14932709844226855,0.14935379609950103,0.1493581862018027,0.14939293967494324,0.149417372752261,0.14942443201043948,0.14942945512466466,0.1494311783901107,0.14943464262433287,0.14943671788449786,0.14943857203740327,0.1494392895832671,9.337820883639726,9.337784884799547,9.337754421313377,9.337732686860404,9.337716312623778,9.337709307740266,9.337705107616191,9.337702221369565,9.337699312815328,9.337696554367293,9.33769436399846,9.337693361931308
C/1914 M1,3.7423,71.079,60.329403075235376,4.310021965143072,0.24488980265301113,0.24600479735725142,0.24577604069920056,0.24567315600874806,0.24556912361529196,0.24553733973919395,0.24551285519166957,0.24549677541101372,0.2454909757404799,0.24548406368573192,0.24547746400620848,0.2454738593103695,0.245470776462153,17.20081807468241,17.20089276742482,17.200948307123273,17.200997171987417,17.20101210683039,17.201029784371464,17.201038255086416,17.20104369523652,17.201048059906896,17.201053785985792,17.20105725032637,17.20106003236392
C/1916 G1,1.6921,25.606,88.4924507980817,2.921989850824479,0.03164871703728313,0.034617028318754677,0.03449297971280729,0.03436600512096955,0.034406287895554284,0.03439836297595729,0.03439082133272211,0.034393312070099845,0.03439037912887287,0.034391575321365074,0.034390053687964155,0.034390473449779836,0.034390372960912415,11.552007482135455,11.551952257818451,11.551883859221935,11.551917194829812,11.55190675336029,11.551902533863826,11.551903388368284,11.551901307417268,11.55190211037528,11.551900531373406,11.551901061443822,11.551901286833097
C/1922 U1,2.2566,51.423,111.99622609873275,3.6734111358002783,0.05040404923748309,0.05029106407812816,0.050301401268764416,0.05032606143249217,0.05035660248222232,0.05036169592719744,0.0503608348754923,0.05036919718456221,0.050368402622310335,0.05037170275795699,0.05037251208623418,0.05037260226805348,0.05037390137047234,13.372903939069271,13.372840292960491,13.372770043624477,13.372781278715845,13.372766558903612,13.372758373789015,13.372757303478014,13.372753237369977,13.37275269248123,13.372750271337097,13.372748676792199,13.372747922331072
C/1925 F1,4.1782,146.742,62.90459428238504,3.3341251268410264,0.11702616118301468,0.11717127277464887,0.11743191209334093,0.11738283658946778,0.11748245679005903,0.1175130525964118,0.11750662784338654,0.11752582956116488,0.11752120314361184,0.11753032543871227,0.11753237303978233,0.11753374736535427,0.11753645528491465,18.180882765696794,18.1808461256362,18.180905129867455,18.180912954303615,18.18090811508702,18.180920153149778,18.180914506718985,18.180922245497985,18.180918986774103,18.180921169392718,18.180922608382865,18.180922148170076
C/1925 G1,1.1054,100.09,88.66705985802855,4.261415809722565,0.19587881681520605,0.19560606050947027,0.19553055547858575,0.19540557489437316,0.19540421241721387,0.1954056889497388,0.19539821025350268,0.19540059229789658,0.19539444783271231,0.19539701429987125,0.19539433109783666,0.19539274233042067,0.19539272660410406,9.354579525838933,9.354588119485967,9.35461643433575,9.35462785765245,9.35462882936369,9.354630655074807,9.354631918776322,9.354634125942255,9.354634244283703,9.354635919416435,9.354637059141556,9.354637494585614
C/1925 W1,1.5653,49.271,102.1658243709238,3.323786500205496,0.06418305521477434,0.06431467260401974,0.06442615848906795,0.06444465132850385,0.06450783155842335,0.06451231287717682,0.06451961285997572,0.06452496436005378,0.06452824635943952,0.06452987587910351,0.06453323665711046,0.06453485050302236,0.06453543452077784,11.131531622214352,11.13150579257849,11.131513528911189,11.131465874630107,11.131460905263294,11.131457726631773,11.131452924107833,11.131452109098085,11.131449101815214,11.131446981447061,11.131445621847572,11.131444664442057
C/1932 M1,1.6445,78.369,66.882374676358,3.4088538246308837,0.12483890933454213,0.12420536775876637,0.1244644377836065,0.12460561568435652,0.12460884139279124,0.1246249015244815,0.12462953855392309,0.12463529757417179,0.12464017968087453,0.12464112655097154,0.12464440772465234,0.12464569678021796,0.12464630666830188,11.406868017244198,11.406768939797054,11.406704158280787,11.406690732043838,11.406677501541065,11.406671163217009,11.406665662581549,11.406661425384488,11.406659605899,11.406655919483953,11.40665409555578,11.406653005288142
C/1932 M2,2.3125,125.023,42.38977954777537,3.8027907209152993,0.21202382273464052,0.2119404559531533,0.21175910837201906,0.21206071111327288,0.2120289358715811,0.2120052460472328,0.21201988358269164,0.21200439068149762,0.21201521894047354,0.21200796641069944,0.21200965660789436,0.21201034174846606,0.21200915862735784,13.515339138516524,13.515416248525263,13.515355068694733,13.51536932077985,13.51538726339265,13.515383080467597,13.51539154966097,13.51538762094049,13.515392461084332,13.515392891203454,13.515393174520675,13.515394221485789
C/1935 Q1,4.0342,66.129,95.28520285394622,4.75522535878403,0.19215227970036733,0.19253587524528334,0.19264936903550553,0.1927187702326575,0.19266097469677293,0.1926662275465893,0.1926674370158034,0.1926610548424185,0.1926631689002102,0.19265968250585302,0.19266038143332462,0.19266001955999842,0.1926587364355862,17.867856541767424,17.867807317785186,17.867790507815577,17.867810566191856,17.86780316468728,17.86780313536896,17.867804246950406,17.867803301283217,17.867804491010865,17.867803615685993,17.86780370251432,17.867804471948496
C/1937 C1,1.7354,41.523,35.80665597872519,1.8729048823596157,0.474958472739007,0.4723106136321886,0.47227413767637805,0.47215627274874544,0.47224398158776865,0.4722421259745245,0.47224925097216724,0.47226104936184843,0.4722609185095783,0.47226307117885635,0.472265798849016,0.47226701337831967,0.47226774956363016,11.677984596715305,11.678001425578255,11.67802487278821,11.677990502030461,11.677993944565772,11.677989273951798,11.677983967501447,11.677983214336667,11.677982421123579,11.677980499422894,11.677979848804695,11.677979294643617
C/1941 K1,0.8786,94.468,70.51140844339899,3.7021912110651747,0.20716089345474206,0.2064408219437535,0.206677991447749,0.20675277207379816,0.20677083272480878,0.2067790438730246,0.2067789483409297,0.2067894154454617,0.2067912952534288,0.20679347010699536,0.20679557414034688,0.20679629631440036,0.20679751330727703,8.303562329141894,8.30345371177885,8.303394912513458,8.303377452471311,8.303366874167477,8.303363100827383,8.30335462015212,8.303351457427095,8.303348884347091,8.303345592062271,8.303344055202015,8.303342406294636
C/1942 C1,1.4409,79.489,68.21436022312781,3.6340727168503832,0.13216591174484943,0.12973094572278854,0.12965015235947272,0.12976752180661102,0.1297598451034355,0.1297511451480642,0.12975622044150284,0.12974823016517828,0.1297512819159747,0.12974879282698967,0.1297476952569448,0.12974723094610227,0.12974712981785008,10.68598882665362,10.685992096076436,10.685941615130329,10.68594452458872,10.685944233407287,10.685942174828572,10.685945874824,10.685943791766181,10.685945015763764,10.685945565826959,10.68594583707592,10.685946034661482
C/1944 K2,2.2256,95.125,36.72036150256955,4.119904483518765,0.17866994613040604,0.17870291509225691,0.17852690286643116,0.17845062288905356,0.17838332012247549,0.1783524684125389,0.17833767617675592,0.17832917245677238,0.17832569650768473,0.17832020629618056,0.1783163925775654,0.1783140464245842,0.1783122328026626,13.26103281597671,13.261076567872216,13.261104622158221,13.261141607160356,13.261153796352001,13.261162725896538,13.261168170467649,13.261170449409654,13.26117409252016,13.261176894285285,13.261178720278776,13.261180229730844
C/1946 P1,1.1295,57.042,45.20045853187486,3.354639052373554,0.24444631049638593,0.2448984334662044,0.24487391081761198,0.24506932006855245,0.2450098399685516,0.24500891732961252,0.24501143214056048,0.24500235032851403,0.24500808495275353,0.24500371952637082,0.24500471353700523,0.24500470109631467,0.24500354393379953,9.455989888679298,9.455982359112085,9.455915145077899,9.455940107407201,9.455937718738863,9.455937235189067,9.455941675018813,9.455938506703003,9.455940822501098,9.455940174641,9.455940111680912,9.455940966657616
C/1946 U1,2.4109,108.115,174.50853041718474,4.250544582344492,0.03507639550955297,0.038254997969063426,0.03839688467544988,0.03855734003670108,0.038573261516961395,0.03859290593810727,0.03860857557258915,0.03860976793878201,0.038617656931087326,0.038618033543651904,0.038622115531504055,0.038624449464651864,0.03862485031817328,13.807917259818097,13.807987278707973,13.80805755738717,13.808089471662733,13.808106293745169,13.808120788336815,13.808128278054344,13.808133774892111,13.808136759101057,13.808141988996066,13.808145064776504,13.808146894465537
C/1947 S1,0.7492,140.602,67.31940572912822,4.192797579485202,0.15977916009136578,0.15360713494252295,0.15344965407647226,0.15377449788572772,0.15375476684714276,0.15373600937380208,0.15376027797575323,0.153743529972096,0.15375676738120517,0.1537496968915734,0.15375408597708692,0.15375579651651136,0.15375476770997987,7.685064453854604,7.685151653500169,7.685083113289313,7.6850967226791465,7.685113558592619,7.685106632719622,7.685116074064076,7.685111549154206,7.685116325083555,7.685115653534992,7.6851155745386075,7.685116653483993
C/1947 Y1,1.4914,77.587,46.97442572142732,3.6381730210112395,0.2485563329027556,0.249109348779613,0.24907299293224647,0.24905262082371196,0.24912371973469788,0.24912520763350654,0.24912728254542701,0.24913236623854798,0.24913202223074044,0.24913435504138073,0.24913448775094782,0.24913553353468093,0.24913636436038086,10.870603458279406,10.870593797153155,10.870573737940973,10.870536701179631,10.870530229391878,10.870525870952404,10.870522028371088,10.87052012388472,10.870517869533646,10.870516367078377,10.87051470977429,10.870513657773321
C/1948 E1,2.095,92.926,56.83809362313789,2.794261810338936,0.3363620937289636,0.3355762102841663,0.33576895821365577,0.3358119173485123,0.33586276576929536,0.335879495871209,0.3358784842188618,0.33589089859353743,0.3358903605847238,0.33589482569778856,0.33589635590990136,0.3358972613922882,0.33589879717371457,12.886067617211978,12.885988437552815,12.885945951545832,12.885911887522148,12.885898154648716,12.885894196149156,12.885885308683974,12.885883392106994,12.885879382664353,12.885876539793003,12.885874731926293,12.885872863549253
C/1948 T1,3.2605,155.124,139.9665439185552,2.3679787520476925,0.038632279929212504,0.038417375131730984,0.038212774706556256,0.038299780934673795,0.03829314007778871,0.03829193353098013,0.038305335805705956,0.03829527764891863,0.03829966217349607,0.03829786519961267,0.03829947816907227,0.03830010271090522,0.03829937049333874,16.06604092015384,16.06593071337698,16.065927839626063,16.06592176292128,16.065916066244306,16.06591540846626,16.065910479573354,16.065911868533153,16.065909531120617,16.065908646743697,16.065908503148307,16.065907572870596
C/1950 K1,2.5713,144.145,20.888953764693543,3.611134705218815,0.10080821479172526,0.10044791270885818,0.10069159017716686,0.10052430432710295,0.10060497031135421,0.10063350739774846,0.10062480177806796,0.10064695845753142,0.10063922537557635,0.10064764637134316,0.10064721481070125,0.10064870136158739,0.10065117296388203,14.259898503144846,14.259859053280245,14.259958250409776,14.259972056830374,14.25996852071658,14.259981520647209,14.259975508829884,14.25998383768221,14.259981658598015,14.259985218487426,14.25998665870604,14.259986397595735
C/1954 O2,3.8671,100.343,106.88034583696285,4.95400413595345,0.1528234423595396,0.1530559986709223,0.15291341089911742,0.15292571633551205,0.15286609614703203,0.15285843016547374,0.15285886709357482,0.15284256817405473,0.1528425694140357,0.15283821554034685,0.1528366065153389,0.15283507237670413,0.15283307358794368,17.48111219097352,17.481151960058906,17.481152386399216,17.481172314063823,17.481177649649993,17.48117731559624,17.481185416885424,17.481185563695607,17.48118819467696,17.48118944253113,17.481190541617508,17.48119204935668
C/1954 Y1,4.071,79.681,97.45275691715825,3.648495032603147,0.23081453476210181,0.23134733917444034,0.23129830003492508,0.2312558957345309,0.2312943325017073,0.23130125153247008,0.23130943884404118,0.23132119419149233,0.2313195398282961,0.23132317857602824,0.23132429074254837,0.23132526582101226,0.23132658159487193,17.944266477005602,17.94425328183508,17.94423572742996,17.944210393139393,17.944202059619,17.944192718430635,17.944184835761316,17.94418343254273,17.944180292009566,17.94417763876248,17.944175853850723,17.944174206469217
C/1955 G1,4.4969,123.952,53.323502483150655,3.3175989538223867,0.041376664137543415,0.04067771239763144,0.04081724777421121,0.041035304478535276,0.04106978520779038,0.041088069314987284,0.04110377719329809,0.041107146492634174,0.04111691612985826,0.04111774782289364,0.04112309114780523,0.041125285574665674,0.041126084299711756,18.853980369717824,18.853899531381707,18.853841726125914,18.8538123025752,18.85379422210907,18.85378618894022,18.85377880818399,18.853774161552543,18.853770685346838,18.85376656334163,18.853764056401538,18.853762376779542
C/1958 R1,1.6287,61.167,100.3062612486421,3.6994477236509296,0.09793829130043023,0.09328718670646717,0.0936015834636699,0.09376785214726294,0.09377395370171827,0.09379283124651835,0.09380069018897615,0.09380584298344653,0.09381139185948723,0.09381289096828252,0.09381687122587448,0.09381800135816823,0.09381883135140491,11.34576789838917,11.345650964592908,11.34557947324364,11.345569957008447,11.345555039988518,11.345547686510237,11.345542821768582,11.345538375450023,11.345536451441156,11.345532425453374,11.345530800358993,11.345529671324758
C/1959 X1,1.2586,19.621,28.665860380595607,1.9370532047375626,0.6015848462071861,0.6001928050075469,0.6004233740192904,0.6005480024702887,0.6005402171818035,0.6005477177913536,0.6005532917604759,0.6005602305288591,0.6005634557594328,0.6005622145112804,0.6005647140899377,0.6005672791045843,0.6005678535008895,9.912805306819536,9.912742696109571,9.912720898031797,9.91272965394251,9.912727781595791,9.91272794007364,9.91272504795402,9.912723982214512,9.912725497382073,9.912724590412301,9.912723392837208,9.912723178076721
C/1960 M1,4.2588,125.469,59.684210186405636,4.620556465004483,0.20805477845266657,0.20821308100065952,0.20825936889805458,0.20825988968776668,0.20824499070607277,0.20826611802599587,0.20826743320917773,0.20826941573671903,0.20827098907756766,0.2082726790228308,0.20827316403849125,0.20827392992103438,0.20827420495789725,18.35145791103568,18.351447062416838,18.3514557701548,18.351456642179656,18.351451054532447,18.35145128654619,18.351450633433508,18.351450336336868,18.351449660600593,18.35144984639298,18.35144948091639,18.35144936488804
C/1973 A1,2.509,138.589,35.31892592262207,3.934225485291391,0.12082813819815859,0.12056248668011198,0.1203962044826932,0.1205179813614164,0.1204893831486117,0.12049151088241841,0.1204982580600252,0.12048917550607909,0.12049527165354601,0.12049268306962473,0.12049502670809048,0.12049510810356204,0.1204940908286266,14.085434809170762,14.08554272910761,14.085563032698383,14.085582373127671,14.085594224697548,14.085595759215053,14.085603415155541,14.08560333751439,14.085606542811586,14.085607727604694,14.085608942928758,14.08561047526208
C/1977 D1,5.7118,64.552,67.84928890129315,3.5450847735122153,0.2658822145989286,0.2664251948785051,0.2663677381997775,0.2662674382471181,0.2662301161230541,0.2662247835984024,0.26620607147434405,0.26619630204564854,0.26619079703211246,0.26618874595562736,0.26618371493188675,0.26618138200466906,0.26618022367903327,21.242071059812538,21.242090719587566,21.242128386312153,21.242141890062378,21.24215048959026,21.242157013548372,21.242163364339063,21.242165984671054,21.242168178147924,21.24217153144641,21.242173222874335,21.242174301521466
C/1978 R3,1.7638,130.653,135.71742713277138,3.625349049712401,0.2642531692895503,0.2644068212786157,0.26438691060065805,0.2642604394786206,0.26429238455976695,0.2643120482380791,0.26429570332168073,0.2643103976908267,0.26430301754894076,0.26430970412996874,0.2643090599470931,0.26430855160082367,0.2643102012715715,11.816632154752071,11.816630491237312,11.816672221850137,11.816669789503088,11.816662376126356,11.816671224475565,11.81666495703066,11.816669255352485,11.816666018505796,11.816666760149563,11.81666746995958,11.816666602148752
C/1986 P1-A,1.1937,147.182,46.57189765947699,2.70438231674841,0.15862964132073584,0.15424513891883662,0.1542962130923882,0.15429368586304734,0.1543377577788641,0.154350533963297,0.15434865243498813,0.15435435193457508,0.1543573588741354,0.1543588045102455,0.15436111302317693,0.15436243156157642,0.15436216391647573,9.730895920866983,9.730888923603434,9.730870241236033,9.730862260281661,9.730861400564379,9.73086147742196,9.73086107103705,9.730858363412693,9.73085914486653,9.730857810715206,9.730857137906002,9.730857714907621
C/1990 M1,2.6799,132.766,6.406486404929673,3.5985225227091284,0.14365125649986119,0.14432291694393448,0.14410639628099925,0.14427153216989239,0.1442231868648365,0.14420852466335515,0.14422123000882392,0.14420630145457503,0.14421423427392532,0.14420826024187158,0.14420861047437109,0.14420883787976105,0.1442080567974354,14.557502250961573,14.557605846318268,14.557603854017797,14.55762886361055,14.55764754966776,14.557646087189816,14.557656056455546,14.557654500170646,14.557659526535701,14.557661555292503,14.557662704830857,14.55766405354536
C/1992 A1,3.0079,39.309,67.594209372152,3.651036672773799,0.5153999570898707,0.5149135593638416,0.5149675260995599,0.5149846535114632,0.5150458321746441,0.5150498158130199,0.5150568561735533,0.515063937100542,0.5150646713705749,0.5150676722862245,0.5150697387161114,0.5150704035123865,0.5150723380444071,15.419070590552309,15.41905431473932,15.419052872460234,15.419030728798884,15.41902992087537,15.419025708348121,15.419022801013597,15.419022436807793,15.419021028345405,15.419019812896945,15.419019438684568,15.419018098371641
C/2003 A2,11.4227,8.066,73.61034296516097,6.3313966504926595,0.02685734558305918,0.02672141276002571,0.026438467565488788,0.02634642476305629,0.026409434855979533,0.02631044026220175,0.02634169049496557,0.026317509546782754,0.02632242402479191,0.02631058420288219,0.026308232999264058,0.0263088025992715,0.02630686167503524,30.04353432601486,30.043499874731125,30.043527005533473,30.043549456166808,30.043520016472108,30.04354156078201,30.04353188171412,30.043538226282323,30.04353275553403,30.043534220723465,30.043536165193927,30.043535455759333
C/2003 WT42,5.1822,31.434,68.4623011085555,4.9975110291953975,0.2758049822657498,0.27503698636797747,0.27535156148734363,0.27559441662979534,0.27553172161296435,0.2755968119376988,0.27559882392301377,0.27561257721343035,0.2756180801778979,0.27562115428506884,0.27562647147236974,0.2756279684643431,0.275628375996583,20.238492481094124,20.238419435776883,20.238370045845834,20.23839607503524,20.23836753740823,20.238371345848183,20.238363412833746,20.23836225649284,20.238359935487253,20.238357419691273,20.23835686837813,20.238356628682286
C/2004 YJ35,1.7829,52.399,87.53746056906654,3.9632806887619103,0.13697178100850027,0.13699651642199967,0.13707086207576843,0.13710853942357973,0.1370927465324394,0.13708499187798157,0.1370875075666332,0.1370852986360871,0.13708592342030548,0.13708463134992308,0.1370844679150453,0.13708374162821252,0.1370842135101062,11.855893887720299,11.855865373346017,11.855853896588481,11.855865560190207,11.855866267687013,11.855866366130277,11.855867136938981,11.855867376400754,11.855868087171581,11.855868527864438,11.85586935386906,11.855869205474528
C/2008 FK75,4.5055,61.19,71.32048449994934,4.4534194803344205,0.10787903939384405,0.10178372497774084,0.10217918699497122,0.10233802722317004,0.10238038489769964,0.10242981679050916,0.10244253611233682,0.10245196477209365,0.10245781528065533,0.10246370393495645,0.10246887588894528,0.10247163271221113,0.10247297375076138,18.876400477233414,18.876262327489748,18.876183316790417,18.876151679789135,18.876124418744936,18.876114584690097,18.876106611076132,18.876101239520388,18.876096240869565,18.876091061756412,18.87608789621455,18.876086024059596
C/2008 S3,8.0157,162.706,150.2645387267258,6.384716452131439,0.033527338249898106,0.033217243041816884,0.03325236187099406,0.033329711809503976,0.03330728202917476,0.03329241133963034,0.03329188471166072,0.03328994348934456,0.03329031556161842,0.033287289431981344,0.03328668092110889,0.03328620627797172,0.033285633300703825,25.184637058504418,25.184662747464124,25.184681890204057,25.184680290581657,25.184678790154983,25.184680013843547,25.184680429542453,25.184680523373437,25.184679925950903,25.184680067000265,25.18468016978772,25.184680160850846
C/2009 F4,5.4516,79.343,97.1887891467403,5.513199090975505,0.09923951414836613,0.09400128788240383,0.09447704474550796,0.09465623045153632,0.09471883228595884,0.09478984875645928,0.09480402784036943,0.0948186426341818,0.09482396608144512,0.09483287993082958,0.09483897827733764,0.09484252719333221,0.09484457210144812,20.758958258599115,20.75878586926725,20.758688580809952,20.75864475260326,20.75860566346308,20.75859238893561,20.758579982312504,20.758573481982403,20.75856599785942,20.75855885319542,20.758554346691582,20.75855144136021
C/2010 S1,5.9005,125.32,91.59253635068222,3.1351933554751588,0.1161189872202768,0.11129850882350054,0.11167835589966661,0.11169984354470812,0.11177259191311818,0.1118096401798076,0.11180711183984382,0.11182850605832285,0.11182634724066651,0.11183389193410592,0.11183649025663238,0.11183855243942283,0.11184107891175907,21.592250815949633,21.59214694995089,21.592124321686754,21.59209438420877,21.59207659605019,21.59207763108735,21.59206713659019,21.592067539482684,21.592062715562587,21.592060734643525,21.592059196102,21.592057167412136
C/2010 U3,8.4482,55.48,76.13640709447654,8.139704296167166,0.009894022945979455,0.010374971788984179,0.009847495457923676,0.009671788373911298,0.009647875147879844,0.009576322342764529,0.00956877231587353,0.009550493899237868,0.009546132757031348,0.009538619472774497,0.009532910161806603,0.00953050623461113,0.009528610318280586,25.839267604871985,25.839137571182945,25.83907740855014,25.83904326813506,25.839011476885428,25.83899686480897,25.83898513681245,25.838979454623853,25.838973771110005,25.838967003749985,25.838963108877955,25.83896046736897
C/2011 F1,1.8219,56.6,62.272014210947354,4.039501730152041,0.07442031140082286,0.07210899837462137,0.07238576306880147,0.07223901355416672,0.07235693782398979,0.07236379195425252,0.07236417875624107,0.07237700919237401,0.07237441072346527,0.07238084937798511,0.0723825130522436,0.0723840578839234,0.07238617380057791,11.998269846230665,11.998301967353871,11.998397598961022,11.998402483686139,11.998422309361766,11.998429805644722,11.99843277409871,11.998436905942622,11.998439051525757,11.99844207903956,11.998443983484393,11.99844465120985
C/2011 L2,1.9381,104.342,90.37455043861482,3.7789748748395637,0.2384994350071396,0.2374731839045688,0.2375173828395279,0.23770665974658692,0.23774848696569742,0.23776082890519995,0.2377800356765651,0.23777951515893614,0.2377886932365331,0.23778887236503984,0.23779315068660603,0.23779566908163693,0.23779632749598456,12.381143635661422,12.38109704328895,12.381004854519393,12.380973705916263,12.380960644911507,12.380946923836675,12.380943969848545,12.380936655401115,12.38093490233175,12.38093012984065,12.380927064853651,12.38092569026209
C/2011 L4,0.3014,84.087,149.99828607135487,3.8318613035369085,0.11020944164737942,0.11065778537245512,0.1108281118514889,0.1110275410033333,0.11097350554704424,0.11094740674514587,0.11095826754584452,0.11094606522501795,0.11095423840679768,0.11094631237654792,0.11094754222275778,0.11094741107809308,0.11094614798889459,4.879925661989302,4.879872426959324,4.879884897833724,4.879892209129842,4.879905857839469,4.879909123949788,4.879909418492474,4.879910561295852,4.879912335899734,4.87991373799559,4.8799148336468114,4.879915388456849
C/2011 R1,2.0833,116.135,66.14664001682877,2.5694850289750772,0.1009310559343148,0.1013318329675211,0.10134992711211079,0.10141831145353411,0.10143530071377203,0.10142187908082402,0.10142650234027253,0.10142631201263545,0.1014302544448743,0.10142873810808967,0.10143057668040895,0.1014310270782935,0.10143129138150284,12.828753606796926,12.82873558754557,12.828704227470535,12.828704380179516,12.828698944887094,12.828690983582863,12.828692600247734,12.82868916868376,12.828689948470991,12.828688399604534,12.828687294403522,12.82868737581096
C/2012 A1,7.5994,120.933,123.39940331118505,4.749540767991667,0.05488235970841657,0.05374785872490084,0.054287519929832655,0.05450631070488977,0.05462462058520496,0.05468541786948506,0.054706628982647915,0.05473127057799714,0.05473962722363741,0.05474829925281317,0.05475667832649849,0.054761609753088296,0.054765194077418276,24.50482867178969,24.50496297301264,24.505025820338545,24.505067780592093,24.505099271231813,24.505106885827892,24.505121389779966,24.505125559623515,24.505132064917074,24.505137694812888,24.505141391244756,24.505144637838058
C/2012 B3,3.5359,106.92,38.35984223568562,3.5329427498039827,0.038261034526992456,0.03769781052057069,0.037988267522192,0.03814459260008858,0.03813470412357395,0.038135136455073375,0.03813830154082661,0.038136973054287183,0.0381414604490129,0.03814080985962441,0.03814252703077773,0.03814267459358046,0.038142684626645454,16.72128191678202,16.721202745554578,16.721167246155904,16.721159332898683,16.721158642617517,16.721156538281306,16.721155241699503,16.721153118900446,16.7211527395815,16.72115135511977,16.72115092073863,16.721150405656715
C/2012 CH17,1.2965,27.725,51.58139647746718,3.83593468311754,0.076801223793476,0.08491899401979332,0.08505487095806766,0.08487151715800693,0.08499292865495983,0.08498391215695211,0.08497923301747792,0.08499246762305765,0.08498684713982697,0.08499290792590222,0.08499357754394853,0.08499390285921947,0.08499579738941684,10.123342210802587,10.12337583230881,10.123463973502222,10.12341900864017,10.123427820351498,10.12343161463468,10.123427792684003,10.123432138727491,10.12342955117381,10.123430534766904,10.123430902745218,10.123429987135701
C/2012 F3,3.4509,11.354,53.808060044920715,3.1747592484392206,0.09410771339459525,0.08928835195254144,0.08922083069960537,0.08903744603502402,0.08919956120422752,0.0891882429505859,0.08918892326720669,0.08920191881473243,0.08919964588139645,0.0892045966184576,0.08920687724960324,0.08920809282179848,0.08920877322400252,16.535127597296906,16.535218605669584,16.5352917213092,16.535236267311856,16.53524886815785,16.535249562008055,16.53524679058124,16.53524880934702,16.535247444255646,16.535247468272708,16.535247458264266,16.53524746388314
C/2012 K1,1.0512,142.417,97.89311822545409,3.8979376981744913,0.20392615474219075,0.1956740617245433,0.1958661994950963,0.1958115878887921,0.19581918713289959,0.19582568608744325,0.19583089200688586,0.19583276718568157,0.1958321634533115,0.19583286809665387,0.19583306512424217,0.19583361220389653,0.19583375464851854,9.120710966721097,9.120679544742224,9.120708740898513,9.120716240035952,9.120718069262725,9.120718276938081,9.12072050452314,9.120721611659029,9.120722402232413,9.120723517724091,9.12072385938157,9.120724361028275
C/2012 K8,6.4594,106.102,64.36647912828865,6.329418303118345,0.06821279493839555,0.06726213713166738,0.06739796158852433,0.06779408399778045,0.06787778954096275,0.06790082638336528,0.06793468808488097,0.06793845427358276,0.06795388591810518,0.06795641408240514,0.06796463796113873,0.0679687072326748,0.06797028783765205,22.600878410953186,22.600806270133365,22.600662459862548,22.600612450105064,22.600592890878925,22.600572001780577,22.60056567615623,22.600554752693157,22.600550892704383,22.600543032894993,22.600538413310282,22.600535975196863
C/2012 LP26,6.5436,25.375,84.75016857184762,4.78083781797089,0.07834714330795725,0.07844190381068289,0.07850847912851107,0.07860844364403487,0.07859293305611263,0.07859094997862297,0.07859398883071257,0.07859657850411125,0.07859763786058985,0.07859738293115756,0.07859825949338117,0.0785985574192752,0.07859870442265206,22.74060912561469,22.740593160477566,22.740612665841553,22.74061951886822,22.7406146487992,22.74061755481526,22.740618088852386,22.740619229337526,22.740618900147794,22.74061945677856,22.74062004847773,22.740620354744024
C/2012 S3,2.3105,112.894,86.73090397617665,4.274659620969155,0.009311796328281047,0.011471661174816135,0.01156156202369138,0.011721256982440066,0.011759296113845885,0.011764268723035978,0.011771958365138882,0.011773187739044639,0.011778829943348418,0.011780010922841956,0.011783042424737223,0.011784131588903969,0.011784917268619416,13.515089407676232,13.51515530434455,13.51525787986635,13.515304849790024,13.515321026103404,13.515332133137946,13.515338355027431,13.515344478857278,13.515348130851784,13.515352964192441,13.515355920344923,13.5153578548214
C/2013 B2,3.7329,43.477,76.55486177517058,3.8764687217718685,0.20958265274056298,0.2085797507877952,0.20875159372152094,0.20882117160363978,0.2087697217966214,0.20877318747004558,0.20877334708553633,0.20876757131212653,0.2087704469634886,0.20876852930658382,0.20876927963605046,0.20876861443641098,0.20876808149236048,17.169711576373977,17.169689033708984,17.169711187544838,17.169742558309608,17.16974583784304,17.169754836370004,17.169759009447894,17.16976121081393,17.169763106494475,17.16976543915971,17.169767430962743,17.169768560771573
C/2013 E1,7.7795,158.699,43.93907717234663,3.248831159475642,0.04898775181404818,0.048349809637530515,0.04857348756820305,0.04859176970098369,0.04865179563372334,0.04867094725288161,0.048675703803349235,0.04868864444226338,0.048690620898161306,0.04869470236601104,0.04869770895559192,0.048699846291979695,0.04870183328667672,24.801689871246154,24.801637873489355,24.801668320839802,24.80166363148089,24.80165780280594,24.80166440807738,24.801659607690983,24.801662730518935,24.80166042443475,24.801660868883033,24.80166122864741,24.801660287510224
C/2013 G3,3.8446,64.635,62.410742786980016,3.293713654030228,0.13930012387756993,0.13775213486355103,0.13799053186541718,0.13800015269732752,0.13808765658036048,0.13811662414525105,0.1381286493631745,0.13813883608514899,0.13814247889278167,0.13814805042902953,0.13815225578673612,0.13815483380906135,0.13815632231243252,17.445890034520794,17.445800391020207,17.445764656003043,17.445717572739888,17.445699566093147,17.44568885655638,17.44568117982277,17.445676766000297,17.445672263515913,17.445667732146,17.445664743496394,17.445662833156796
C/2013 G8,5.1447,27.588,97.74924610872351,4.5624169331101765,0.032797926227665836,0.034137860214912566,0.033591359634920805,0.033269840411992824,0.033354448600009946,0.03330573837951878,0.03329992836465464,0.03329536694680079,0.03329129917653063,0.033287592128492895,0.033283597541501474,0.03328333373724062,0.033282908827413596,20.161800210083456,20.161631963525906,20.161560297689192,20.161587784841558,20.16156463656001,20.16156503344922,20.16156159303347,20.161560949646727,20.161558033231692,20.161556139313035,20.16155606073022,20.161555646027992
C/2013 G9,5.3312,146.231,32.962391846265355,3.1555520912204393,0.16664061506774808,0.16599976591791946,0.1662693861916472,0.1662121877771198,0.1662577610484932,0.1662684630454652,0.16626341878665396,0.16627348508914833,0.16627121076352777,0.16627563758889,0.1662769205580086,0.16627736120729378,0.16627890795082106,20.531621042247878,20.53159376346285,20.531633507402674,20.531638772251227,20.53164165748626,20.53165147811012,20.531649734151465,20.531653901933183,20.53165314922886,20.53165510212665,20.531656473860366,20.53165640268013
C/2013 P3,8.6482,93.875,140.41654112119852,8.362567708099679,0.028316643727132027,0.02938487750572201,0.028823473812276023,0.028244504759092806,0.028037937156854736,0.02796232183898625,0.027918644091491165,0.027894926628039468,0.027873247409481643,0.027862587791522737,0.027848899644031155,0.02784105371763427,0.027836581398774343,26.146831189617252,26.14695550952907,26.147134106445414,26.147215795788878,26.147245240781324,26.147270778086195,26.147282511614797,26.14729692337008,26.147303145310367,26.147313278064892,26.147319948487045,26.147323897926327
C/2013 US10,0.82,148.836,25.433753689176267,3.2125208236523437,0.20976384763320013,0.2068735347471889,0.2070163332855483,0.20702777004083478,0.20705065109129608,0.20704655311233075,0.20705062360992407,0.20705296870556048,0.20705342019576112,0.20705416555588738,0.2070563818334958,0.20705707012375288,0.20705687176648924,8.053001762555859,8.052994942242808,8.05300078889676,8.053002870791214,8.053008557290639,8.053008417269794,8.053010318337652,8.053010886508087,8.053011663608691,8.05301151115253,8.053011611886461,8.05301223393238
C/2013 V1,1.6553,65.342,99.45081757374095,1.7372264834396545,0.2360977504168883,0.23163520035086738,0.23162310976608932,0.23169045187648526,0.23163920386720876,0.23163671739112363,0.23164491655053485,0.23163322213876028,0.23163651687541062,0.23163196367538558,0.23163203423916517,0.2316322927630444,0.23163110085576313,11.450783995140897,11.450750111905581,11.450722326619895,11.450724546828514,11.450718587941328,11.45071761102005,11.450718498208033,11.450716881397394,11.450717281276395,11.450716287303024,11.450715688252256,11.450716091857203
C/2013 V4,5.1824,67.871,117.76536335216142,5.188308853242796,0.12373559001801165,0.11991379725271947,0.11993113346112656,0.11985168890603107,0.11989216220652764,0.11989539524861648,0.1198851682070125,0.11988244793382578,0.11987921881109592,0.11988045516629653,0.11987740717451016,0.11987735357983914,0.11987757200199185,20.240944944717178,20.240941793238544,20.24095524809391,20.2409408487037,20.240943026353637,20.240944762685434,20.240947276379238,20.240947757517738,20.240947774573087,20.240949241817162,20.240949139825027,20.240949075537014
C/2013 V5,0.6055,154.917,109.47505265726919,0.5737219845328434,0.5366845688357949,0.5285539269610366,0.5287524150719528,0.5285808819802782,0.528631452461097,0.5286422861473092,0.5286439339608432,0.5286473225529635,0.5286478278264438,0.5286515984796156,0.528651993183344,0.528652238920488,0.5286528515034188,6.980241398898418,6.980182016812542,6.980258984922386,6.980244484158115,6.980242395186496,6.980243560145232,6.980243790116895,6.980243992428473,6.98024285774925,6.980243542727656,6.980244109601414,6.980244349057347
C/2014 AA52,1.9991,105.209,125.2742724915365,3.3275138543279152,0.076263870612113,0.07607713479990602,0.07609883846667737,0.07623947251874359,0.07629937857747084,0.07629902741218048,0.07630716016041561,0.07630854787861398,0.07631535178213554,0.07631554847688543,0.07631822939402558,0.07631982820772087,0.0763205505358663,12.579481161531042,12.579439593722896,12.57936830409978,12.579332027983702,12.579324963500664,12.579318309327519,12.57931409857833,12.579308941310753,12.579307098275592,12.579303798284013,12.579301723594648,12.579300403366414
C/2014 B1,9.5569,28.38,67.66311001755666,7.250348644280684,0.036040997207090225,0.03640443610629855,0.036784954559872116,0.03683882866104098,0.03678070565200965,0.03686872241868412,0.03684959465271394,0.03686675795489277,0.03686462978382027,0.036871953324060736,0.036873663153280146,0.036874032976707924,0.036874837934747405,27.48452133568615,27.48448742286302,27.484535842493337,27.484570637453963,27.484551784767554,27.484571617723756,27.484566940263683,27.484573013620427,27.48457118068596,27.484574438774132,27.48457658026539,27.484577285809678
C/2014 M1,5.5744,160.18,47.04669642525742,2.7728801709643665,0.07253978492813297,0.07199262483055825,0.07201618198042631,0.07237257601848518,0.07237864682554355,0.07238383032485463,0.07241315794868937,0.07241004295824438,0.07242372813372029,0.07242291284086151,0.07242948759164759,0.07243172534562231,0.07243190878109898,20.993018870229868,20.993129604590624,20.993084888190957,20.993094237513525,20.993109499750236,20.99309869524933,20.993108628902007,20.993102655711674,20.993106710610782,20.99310557096468,20.993105497433874,20.99310696874975
C/2014 N3,3.8861,61.609,161.55994161307808,5.014189628571885,0.033593143309316856,0.033694275218989406,0.03407028301100871,0.03434281623617852,0.03442911025073887,0.03446839984828332,0.03448935810851628,0.034501699226981666,0.03451177676891645,0.0345162706729036,0.03452345024556965,0.03452708431886228,0.03452862850818023,17.523257415603855,17.52337275516922,17.523472318876628,17.523532303733667,17.52355155680649,17.523563270717645,17.52357088339265,17.523577349343753,17.523581782152142,17.523586508995248,17.523590318563112,17.52359285866426
C/2014 OE4,6.236,81.288,59.98848722957193,0.9994266179991413,0.0728820166355601,0.07253707894698071,0.07261619803565976,0.07253895943882673,0.0726159087065394,0.07263183636491316,0.07264005289620057,0.07264884029040836,0.07265023260506102,0.07265321832123592,0.07265500549233689,0.07265709432135793,0.0726587139040571,22.217560142886974,22.21741621867541,22.217368342079514,22.217330034920607,22.21730423692296,22.21729431058997,22.217284493290784,22.217280106508305,22.217275149534117,22.217270169334284,22.21726689808817,22.217264550630308
C/2014 Q6,4.2279,49.773,113.14978841776136,4.804725850114707,0.0764981426097584,0.07601664411851457,0.07626798162890691,0.07655790071332039,0.0766970446992959,0.07672757416881498,0.07674758736209197,0.07676036385892628,0.07677064555470575,0.0767762583360429,0.07678269496739801,0.07678678744394962,0.07678926827959456,18.28199137438629,18.28199984918559,18.28205099261494,18.282130487798817,18.282134104102944,18.28214560440515,18.282152329840294,18.282157720838782,18.282160716000575,18.282164446116276,18.282167785299315,18.282170094383503
C/2014 UN271,10.9491,95.466,50.429963760151324,9.077142233063928,0.03475375596512383,0.03531320529993399,0.03504675514009879,0.034831571244044755,0.034761840632319546,0.034722604704867384,0.034706735161742795,0.03469375417453207,0.03468479907122839,0.03467904721594611,0.03467247117570077,0.03466907504344973,0.034666986753173014,29.418761125236017,29.41880038552349,29.41886198087414,29.418888793654467,29.418897398826264,29.41890630630229,29.41890994655235,29.418915439885964,29.418917446151724,29.418921421007454,29.41892369860215,29.418925018709793
C/2014 W10,7.6561,83.327,123.23018435493685,6.878881880273057,0.05659657373668971,0.05625220912777951,0.05627621255830023,0.05617342668537606,0.05622065217406089,0.05620883299691229,0.05619872778172909,0.05619550388640798,0.05619214149786301,0.05619229426996745,0.05618854624574468,0.056188207936899645,0.05618817179411328,24.60790502068611,24.607892227966104,24.60789356337117,24.607877659331415,24.607881233169426,24.607882250130245,24.607883290620986,24.60788323103813,24.60788299832298,24.607884044163917,24.607883773838495,24.607883517153734
C/2014 W3,6.0608,90.211,101.10904302628612,3.7279343392807354,0.03246649905061684,0.031690903594288874,0.03175509081161371,0.031872913453006364,0.0319127427281021,0.03192514907447167,0.031943042306136565,0.031942324528376205,0.03194951077479166,0.03195106755557657,0.03195527007312543,0.031957624747425174,0.03195796315508246,21.900837799638254,21.900938495980355,21.90103411623018,21.901066297819607,21.901091600296773,21.90110781360849,21.90111568471577,21.90112327440626,21.901127062313606,21.90113360666531,21.901137647234805,21.901139724305246
C/2014 W6,3.0797,53.529,51.437364779018836,3.139908364867376,0.2892926072117325,0.29026288600279787,0.2902891068115709,0.29038593579031924,0.29031349511587096,0.29030757250641454,0.2903122955051118,0.2903078293836696,0.2903105038677765,0.29030675357478447,0.29030711299674306,0.29030678836713175,0.29030562757501704,15.605524190362146,15.605536246577671,15.605535814307007,15.605570493288198,15.605575150628994,15.605579401664318,15.605581705377976,15.605583098246296,15.605585257910457,15.605586769929982,15.605587971441125,15.605589165320684
C/2015 D3,8.1447,128.548,59.10904884858967,4.572607782579765,0.04126476705259604,0.04104631040477362,0.04136694047949682,0.041690759423221015,0.041800627651636356,0.04184613987339764,0.04189622562990228,0.0419120975024552,0.04192586378043879,0.04193259248166744,0.041944303244022416,0.0419500000628621,0.041953034923615504,25.375319238342055,25.37537496259077,25.37549451926373,25.375529343706525,25.37553976762502,25.375568441696956,25.37557154945308,25.37558143968208,25.375583491521624,25.37559176497882,25.37559585065187,25.37559747811195
C/2015 H2,4.9596,33.743,79.08243666097901,4.856526400432905,0.2047521972546181,0.1981910417241343,0.1982116260239647,0.19817993263278483,0.19833361834306432,0.1983390264203856,0.19834962995230945,0.1983580075681727,0.1983618957628035,0.19836623405296813,0.19836971397381004,0.19837228956134112,0.1983737013755794,19.809611112426992,19.809632466418424,19.80963941598565,19.809586311359176,19.809586756664714,19.80958217011167,19.80957974490358,19.809577776378845,19.809575917608782,19.809574451173404,19.809572974716787,19.809572035949074
C/2015 K7,9.9414,159.876,40.3000996478495,2.039121543594558,0.04459609338946295,0.044292974455263645,0.04445822298537967,0.04475250584897773,0.04478337097947639,0.0448194503980635,0.04483905176696091,0.04484675339060624,0.04485575638522717,0.04485976495019858,0.04486606545070145,0.04486877184047554,0.04487024769924591,28.029707935518893,28.029825400102567,28.02978820120873,28.0298036343725,28.029817163939487,28.029810581760202,28.02981920120949,28.029815464638126,28.02981904726849,28.029818617723933,28.029819470339795,28.029820954246453
C/2015 O1,3.721,127.177,39.9271127611764,4.0448557042811855,0.17997513724614175,0.1702328205118189,0.17042207109423832,0.17057777014753941,0.1706336743418043,0.17065939008069642,0.17067845900524314,0.17068434030265447,0.17068941925272027,0.170694184611827,0.17069960827802402,0.17070204196327524,0.17070350306304466,17.15825763655584,17.15818481078847,17.158122033278303,17.158094472117597,17.158078987613322,17.158067186272003,17.158061725227274,17.158057943444483,17.158054117447193,17.15804941112517,17.158046956852125,17.158045298819644
C/2015 R3,4.9033,83.532,105.17804494226048,4.2746377606891,0.03133789171795537,0.03059554156654616,0.030640306596392792,0.03071891086996319,0.030767643111290387,0.030766366448387365,0.030777516991695526,0.03077872742475052,0.030783925701692343,0.03078395691046569,0.0307861481466268,0.030787630314870626,0.03078841644439768,19.684218894150753,19.684064446568502,19.68395902281852,19.68391159440398,19.68387520520349,19.683859634981992,19.683848628122558,19.683841151026108,19.68383425646815,19.683827073199094,19.683822321919727,19.683819421288717
C/2015 V2,1.6308,49.94,25.591652684303995,4.1196773834772795,0.2595406150839236,0.2544143635708128,0.25407428996982423,0.2539252505124027,0.2539282421953977,0.25392615880615865,0.2539126519365082,0.25391351311977456,0.25390493155977806,0.25390840947373294,0.2539039695962101,0.2539021641767642,0.2539020973217309,11.35859944711009,11.358730483332227,11.358787044251205,11.358788503430144,11.358797677597867,11.358804324073644,11.35880649364082,11.3588116333049,11.3588107929037,11.35881438986075,11.35881608123033,11.358816432417013
C/2015 VL62,2.7226,165.631,107.57758183038138,1.4725258098430596,0.39846402871685954,0.3975771527792409,0.3978339524284135,0.3977590655693549,0.39780674880959055,0.39784033667329777,0.39783529155639175,0.39785121694830206,0.39784459036936526,0.3978541317043345,0.3978544729242622,0.3978546381663313,0.39785614505954925,14.651175166456289,14.651099636541943,14.651158049096171,14.651159760631817,14.651146385625601,14.651154818727377,14.65114742028875,14.65115431737979,14.651148902321214,14.65115021909963,14.651151345702498,14.651150961698544
C/2015 X5,6.8046,124.312,101.24369850956455,4.799609522062577,0.043843429660523424,0.04448391670637499,0.04438137274755302,0.04444134452811521,0.044403018157622855,0.04438324324633803,0.04440567838310245,0.044396552102917694,0.044400997374017245,0.04439786612200275,0.044400396689710526,0.044400831964602754,0.04439982466206015,23.192757309991034,23.192831056003094,23.19286631480372,23.192896838493546,23.192917362587018,23.192917170087306,23.19292841834465,23.19292970611634,23.192934216885178,23.192937021468122,23.19293897142676,23.1929412677055
C/2015 X7,3.6838,57.582,82.93405261545539,4.15211936486244,0.18796721577172185,0.1884710871951694,0.1884746141115841,0.18841250163611623,0.18835651262364178,0.18833838657365776,0.1883235007757232,0.18831286463787156,0.18831020579647248,0.18830704835867154,0.18830375608621985,0.18830128393304818,0.18830002904810142,17.05803912368326,17.058056655427674,17.05811434189635,17.05814835439591,17.05816084164077,17.058175436890686,17.058182529223437,17.058187076241932,17.05819001674478,17.05819463329877,17.058197723688835,17.058199420220305
C/2015 XY1,7.9355,148.842,127.23843383189019,5.538084815524682,0.03200497909750625,0.031137939730789932,0.03156378314939457,0.031850854081906355,0.03190110928869287,0.031936137151120855,0.03196028483401376,0.031972904626901916,0.03198189552225279,0.03198616551248391,0.031993704467817366,0.03199713705512968,0.03199899578954477,25.045097272847844,25.045216865791048,25.045189216623932,25.045208431151902,25.045231486131073,25.04522276347805,25.045234470693373,25.04523175236741,25.045236538951148,25.04523674407232,25.045237729202455,25.045239729658036
C/2016 A1,5.328,121.194,89.24785465523676,4.804129982817279,0.07803889851083767,0.07767118863354172,0.07750981669577728,0.07733712508943065,0.07728507094963315,0.07725200004259868,0.07724408077819499,0.07723521697588719,0.0772308765234261,0.07722689221355655,0.07722306675948118,0.07722133228290742,0.07721972694480973,20.52363948849942,20.523708016909033,20.523797329185957,20.523836824800973,20.523859812152576,20.52387334931985,20.523883468350284,20.523889136034157,20.523893885178033,20.52389998501571,20.523903346907844,20.523905889520503
C/2016 C1,8.4553,56.199,62.91976698886722,4.156415084242988,0.048728865821653804,0.04827609059788068,0.0483540488079248,0.04852751644767826,0.04861459112599605,0.04863502429694753,0.04866153580927104,0.04867011319405473,0.04867855527935843,0.04868300075004111,0.04868903620817379,0.04869271651744307,0.04869504173565318,25.857923338326795,25.857908887434586,25.857951968362315,25.85798993466883,25.857982854543252,25.857998476269735,25.857997518336973,25.858002992005044,25.858003324059677,25.858006169044565,25.858008555951272,25.858009982028356
C/2016 E1,8.1599,132.068,25.497018976515683,2.06206003371566,0.2586415374431971,0.25672752264340937,0.2570915737154207,0.25705290521957797,0.25713054585791995,0.2571628153364662,0.25715997825322323,0.257174428935835,0.2571741162800715,0.25717996347061844,0.2571828136064006,0.2571843705208668,0.25718608227709494,25.41525485565829,25.4152061805697,25.415238019814996,25.41522984125463,25.41522342475985,25.415230439564418,25.415225610465967,25.415228513105657,25.41522677434811,25.415227431116527,25.41522780689111,25.415227263661855
C/2017 AB5,9.2197,32.416,87.4071357935318,8.635993488178155,0.004136748561028018,0.004306992896253088,0.004194296750438277,0.004158524687594129,0.004212480843276263,0.00418050455600703,0.004202525918655605,0.004200873219267367,0.004204622063290114,0.004202764752951209,0.004205395021617964,0.004206842094670532,0.004207506801549189,26.993249600646042,26.993174425507952,26.993159871628194,26.993141861675525,26.99312928894081,26.993121244738948,26.993117209993507,26.993114838597485,26.993112534678886,26.993109893302837,26.99310791678267,26.993107017084128
C/2017 E3,5.9093,70.679,37.75349087044191,1.391138368184387,0.5263144671499665,0.5256705096691338,0.525822563014297,0.525918982328622,0.5260330558168977,0.526056299497576,0.526076419369657,0.5260922000106237,0.5260977147062434,0.5261034650868619,0.5261096619217085,0.5261127905448433,0.5261151692358634,21.637128134934514,21.637174031303925,21.63720513006988,21.637245427355758,21.63725787995992,21.637267457034575,21.637274952423823,21.637278237289696,21.637281555245643,21.63728550618631,21.637287634747814,21.637289169562536
C/2017 F1,4.5089,146.595,104.76118052757455,2.14137764447844,0.11628094521192538,0.11550647610282798,0.11572481571127562,0.11562624897681835,0.1156478098081639,0.11565383181392803,0.11563270331404658,0.11564511177407243,0.1156386358307338,0.11564230895380088,0.11564073979269546,0.1156396717458319,0.1156405454492298,18.878763888767942,18.87876910232524,18.878713154183973,18.87870849837811,18.87871244261829,18.87869801470642,18.87870212007396,18.8786966104878,18.878698631201292,18.878696399539677,18.878694951699153,18.878694832444808
C/2017 F2,6.9245,42.522,33.385980803820686,4.713023216885346,0.07702706332986438,0.07648761610487707,0.07678975636370292,0.07697324870167482,0.07689561898832181,0.07694935736635411,0.07694927865640988,0.07695665614416843,0.07695966700056402,0.07696285393188396,0.07696654017204084,0.0769676631561777,0.07696744805969623,23.401918776471142,23.40186971079671,23.40185965815492,23.4018933180499,23.401876002977943,23.40188372711679,23.401881409188206,23.40188312182338,23.40188197263247,23.401881882392498,23.40188239876789,23.40188324808544
C/2017 K1,7.2757,154.033,13.687152547309502,3.8410222013972537,0.04865320206584105,0.04835849748238066,0.04860166198812645,0.048647580745900317,0.048684156148681,0.04871220231924904,0.04872098628721101,0.0487306500474602,0.04873356911705767,0.04873720102254325,0.04874031055316658,0.04874239361265532,0.048743659088244004,23.985853231002274,23.985901402498065,23.985888292284027,23.985896574882144,23.98591114383323,23.98591060060459,23.985916467252025,23.98591662086322,23.985919170025493,23.985920109891648,23.985921363037612,23.985922293257023
C/2017 K5,7.6691,82.297,66.14942525468733,4.4341232082416475,0.05182502523191078,0.052827621657543386,0.052123272558793045,0.05168028339873868,0.05159044943865499,0.05150767016035248,0.05147647183656461,0.051454193286355615,0.051440208759751534,0.051430608223898056,0.051418979678154064,0.051413531341140545,0.05141041220666804,24.626055562831162,24.62625665650137,24.626381921031594,24.62643692287017,24.626478686450238,24.626494296630142,24.6265107147384,24.62651897802304,24.626527055174577,24.62653613835952,24.62654124791643,24.626544769516453
C/2017 M4,3.2447,105.658,34.342399811543046,3.926762054247106,0.41486970351925684,0.4071033042603237,0.40664501341517495,0.4065143878691347,0.4064162428637201,0.40637229043337536,0.4063599239332564,0.40633890479121,0.4063348873612414,0.40632677693789715,0.40632097080417356,0.406317690785244,0.40631474999396555,16.01229474890701,16.01246564521789,16.01252989316884,16.01256734413525,16.012596067580304,16.01260387025488,16.012617178118212,16.01262074805841,16.01262681446238,16.012632082716458,16.012635086831718,16.012637753672447
C/2017 S6,1.5473,152.896,128.39118515921504,2.253925831220337,0.15073190039201245,0.15073770552278307,0.1509909619644671,0.15086300722530682,0.15092445930052797,0.1509556752406079,0.1509452235631812,0.1509628549732665,0.1509538714885565,0.15096463345192662,0.15096481220711847,0.15096501905173382,0.1509659316952611,11.042590408386106,11.042530374811655,11.042580019143848,11.04257490389162,11.042565725585437,11.042574448398051,11.042567595791386,11.042573200821963,11.042568774131956,11.042569601384818,11.04257014067582,11.042570088514006
C/2017 T2,1.6193,57.141,60.065523884458734,3.7385058534018123,0.08800466726477785,0.08080397269396004,0.08109791596704356,0.08126037737949832,0.0812568948653157,0.08127105245698746,0.08128077036411205,0.08128518954008208,0.08129015739320361,0.08129079874263916,0.0812946011113561,0.08129530506084322,0.08129619849917025,11.299223259359108,11.29910936274809,11.299035820267264,11.299035042685283,11.299021297804607,11.299013518568142,11.299008642817157,11.29900446895125,11.29900314530234,11.29899908933266,11.298997891559129,11.298996775049222
C/2018 C2,1.9516,34.479,19.373741177892295,3.226820367861611,0.4236154842296411,0.42364908318561834,0.4234877956626214,0.423489043251467,0.4235079616158116,0.4235248252330881,0.4235234298767738,0.42352811602748414,0.4235275180147307,0.4235302584845845,0.42352959925453304,0.42353083057036195,0.4235312533584426,12.405851454816222,12.405914423843527,12.40591641293234,12.405911363858852,12.405910330566819,12.405910993536635,12.405910605643893,12.405911221028106,12.405910503777815,12.405911536172239,12.405911112025574,12.40591115542273
C/2018 S3,8.0047,78.419,94.8460123820467,3.8289972488622817,0.002354217937559926,0.0022293198867409875,0.0020240412751084936,0.0020750014300892406,0.0021169670067974983,0.002091763728502127,0.002109629071208993,0.0021082459998273957,0.002115160756264231,0.002113637671010694,0.0021159685666334175,0.0021177438387180512,0.0021188169574884366,25.177482084156267,25.177348491478995,25.177225591672382,25.177164881841634,25.17713066536994,25.17710866549242,25.177096129439622,25.17708607947491,25.177079046884238,25.177070261859892,25.177064390693353,25.17706060210559
C/2018 U1,4.9883,108.296,43.03565777586616,4.462458821787823,0.14434842433250053,0.14783269395372986,0.14739307475512986,0.14725674552674695,0.1471418381612926,0.14708479859538356,0.14706448259211619,0.14704356339943533,0.14703756485800978,0.14702894574746433,0.1470219600144132,0.1470171081978195,0.14701407599113428,19.8654949879066,19.865681846254716,19.8657559631652,19.86580142186963,19.865839549022247,19.865851475849254,19.865866539941067,19.865871740048675,19.86587899582247,19.86588567039447,19.865890156510446,19.86589339540383
C/2019 F1,3.5872,54.227,84.58643566872902,2.620378738024156,0.21076885646549068,0.20846300975045468,0.20847675025895931,0.20843529286768211,0.20856188922693714,0.20857214262044912,0.20858514979412587,0.208594516619764,0.20859834442939987,0.20860155429168317,0.20860469685295122,0.2086079433771414,0.20860977727019842,16.84665773147145,16.84661333622513,16.846599370239936,16.846549517415966,16.846540767969607,16.846531669479525,16.846525706674264,16.846521736940865,16.846519369268435,16.846516097716716,16.846513273547906,16.846511493611445
C/2019 G4,5.8489,138.344,54.56169911941094,4.971856523549175,0.10381097060132459,0.10293972970990842,0.1031572296156303,0.10322117668874926,0.10330053054919054,0.10333466154618204,0.10334646552847726,0.10335853377555994,0.1033605669527915,0.10336674021525658,0.10337068349484937,0.1033732214089596,0.1033755240585127,21.50721900189587,21.507154732881425,21.507127198310236,21.507103041461846,21.5070869792986,21.50708057535823,21.50707374215492,21.507072569980476,21.50706868362783,21.507065701934167,21.50706387079807,21.507062070240178
C/2019 K7,4.4629,103.523,81.58326088173315,4.793344671399851,0.2698197115788186,0.27064696852647185,0.2703507298628221,0.2703576290847509,0.27025434910725016,0.2702177031395473,0.2702056709381055,0.2701920588744234,0.2701911759299991,0.270183698643198,0.270180223005961,0.2701769167410736,0.2701747060416159,18.790713771163972,18.790797769199358,18.790826952497696,18.79086285659333,18.790880533196436,18.790887907818803,18.79089575185062,18.790897120292904,18.790902002611972,18.790905016320167,18.790907541226282,18.79090940677733
C/2019 N1,1.7094,82.338,32.120790058958235,4.331525392831738,0.0759455409841967,0.07951221978908277,0.07967816145214353,0.07988012696114939,0.07987663713964409,0.07989114432365019,0.07991667949160036,0.07991393869834569,0.07992271762322446,0.07992236599789317,0.07992808512704958,0.07992887843793445,0.07992926611665535,11.620301960472277,11.620359162008016,11.620413351099073,11.6204470579505,11.620459954951048,11.620473471958908,11.620477570805221,11.620482183448948,11.620484630014523,11.620488710633277,11.620491130482705,11.620492653971965
C/2019 NJ3,4.3507,99.435,100.71002488103902,4.603026809025214,0.1504710580806191,0.14975132221410942,0.14981322822212145,0.15014117227012294,0.15019007131855308,0.15020131969262981,0.1502208103060763,0.15022058989085554,0.15023266569032548,0.15023319769763496,0.15023797963082997,0.15024061703262184,0.15024144218244195,18.55681730911904,18.55675853749549,18.556629013412724,18.556593552335336,18.556578672561894,18.556565381724234,18.556561691119615,18.55655291906017,18.556550447769823,18.55654517220855,18.556541885005593,18.556540291268295
C/2019 O3,8.8111,89.838,77.11822170749937,4.911361832967664,0.05847552156912581,0.05144960679590297,0.051893889286708794,0.052206831527748306,0.05224537652094743,0.052286407364257804,0.05228940141352496,0.052299079276811156,0.05230418025179672,0.05230917436343607,0.052312676417052915,0.05231381706315725,0.052315002048580625,26.38608419189091,26.385971995963907,26.385860391278527,26.385828114605236,26.3858059620459,26.38579801010411,26.385789851931342,26.385783711183883,26.385779210870666,26.385774051911866,26.385771366634284,26.38576931336674
C/2019 Q1,4.9926,155.704,124.62384641830019,3.012649443455762,0.1513206683649515,0.15104429672684994,0.15144450770913448,0.15131213835795843,0.15139463384168966,0.15143520505963445,0.1514272817660688,0.15145017837126504,0.15144209996928193,0.15145233578005074,0.15145345519246256,0.1514548219872402,0.15145743748973245,19.86452121191733,19.864421261033815,19.864468458584142,19.864462463133094,19.864446639106653,19.864455260554926,19.864445533399845,19.864451870893962,19.864446871799295,19.864447670257995,19.86444794110694,19.864446751222026
C/2020 F2,8.8267,163.616,10.562539558268618,3.222883747980742,0.07150776142333687,0.07134934666958788,0.07111977350900242,0.07121764199526877,0.07117810554004464,0.07116888269275054,0.07117813626793289,0.07116903260843421,0.07117144895024859,0.07116863791275059,0.0711688734542387,0.07116829197353976,0.0711669986362955,26.415348150564405,26.415270209638283,26.415305509563268,26.415298685056143,26.415292662801576,26.415300957122536,26.41529597001319,26.415298991765695,26.41529716544797,26.415298251216466,26.415298548837015,26.415297731907977
C/2020 H6,4.7058,79.935,7.669910170047671,5.344696909513304,0.045828375022824185,0.04629638813475098,0.04591669631937954,0.04577607367904626,0.045699717045823283,0.04565324192547515,0.04563756787612106,0.045626647409321125,0.045619797745295766,0.045615125993093295,0.045609483411247695,0.045606442252113195,0.045604415389987815,19.281615141354685,19.28172933865205,19.281804470154878,19.281840759534358,19.28186749494463,19.281881894813175,19.28188996517553,19.2818966121754,19.2819006229421,19.281906662369742,19.281910219183096,19.281912297398243
C/2020 K6,5.864,103.684,62.61436145560655,1.8437419505670447,0.030571373898910553,0.030810011909714614,0.030663720425255142,0.030531504384718435,0.030564759178797727,0.03057707542825067,0.030582802279593885,0.030587795856443393,0.030586641593305767,0.03058986728433749,0.030590636383193547,0.03059232434870868,0.030593221405862157,21.530448425196695,21.530443021844775,21.530396585497872,21.530398112693867,21.530402416170162,21.53040113399789,21.530403640079772,21.530401241583323,21.530402884018493,21.530402347367954,21.530402712507733,21.530403095100876
C/2020 K8,0.4726,31.347,134.13966958846717,3.79030549775141,0.07435347850125687,0.07430935557279328,0.07440662743051807,0.07426697575004118,0.07431718786193237,0.07431992932611887,0.07430876888051463,0.07432569713629764,0.07431864466356951,0.07432501706022171,0.07432381682021486,0.07432312853760906,0.07432428984346989,6.129173856919504,6.129227960692226,6.129292174834156,6.1292614255615945,6.12925683362899,6.129262644165081,6.129255228118106,6.1292601489923335,6.129255392956956,6.129256510644684,6.129256805337271,6.129256166459311
C/2020 N1,1.32,29.775,108.314950920193,3.9574863709018486,0.07158615309029227,0.07184559787702015,0.07183737641805374,0.07184968953329149,0.07190641860794056,0.07192962277332565,0.07192952619692536,0.07194112722625022,0.07194068658604144,0.07194667052483071,0.07194849211991958,0.07194996084533395,0.07195083305370735,10.229624382887312,10.229713004784625,10.229752680458217,10.229741568059477,10.229745437049221,10.229752323608837,10.22975243210518,10.229755652088986,10.229754070622269,10.229756146298785,10.229756786053311,10.229757373440133
C/2020 O2,4.8571,71.761,45.09694154966411,5.128485169974419,0.19626728523456963,0.19508880426309957,0.19442123550482016,0.19410924322167047,0.19403882743206385,0.19396830864823816,0.19394240019642423,0.19392692232571712,0.19391558466404357,0.19390796101418145,0.1938991641761469,0.1938946441651753,0.1938922215910955,19.59079000162723,19.591014696143603,19.591113388675403,19.591142370190102,19.591182005419338,19.591193387714526,19.59120558281691,19.591211868674172,19.591218300119486,19.591224943148024,19.5912287496009,19.591231257983274
C/2020 R7,2.9531,114.816,63.65994859999919,3.912353922329652,0.13074542444885423,0.128550830811092,0.1281856716276862,0.12816696092341287,0.1280778663903144,0.12805477745567342,0.12805294951309243,0.12803500089096745,0.1280358551057669,0.12802926368989093,0.12802705529559477,0.1280246699468086,0.12802237365827424,15.278791649182548,15.278949868067851,15.278999842134464,15.279034415640616,15.27905685602841,15.279061284589085,15.279073588661992,15.279075459599426,15.279080876382654,15.27908456603219,15.279087179453526,15.279089636079474
C/2020 S4,3.3694,20.581,75.20302202298097,4.323894954597926,0.03355891838004622,0.038102659833481455,0.038033316324808,0.03802838315599886,0.03805538259247095,0.038051532642867245,0.038056176688904944,0.03806407326188889,0.03806336064298427,0.038065644999782315,0.03806625870036538,0.038066701843156595,0.038067810366900545,16.33884241815033,16.338781480744068,16.33878297953672,16.338792336824188,16.33878326549299,16.338786347843694,16.33879094506899,16.338789950895894,16.338791048189186,16.33879059801194,16.33879056615428,16.338791785872658
C/2020 U4,5.3531,167.024,149.81409286048353,1.872978407302509,0.09261663574522096,0.09199052358798593,0.09201414287212381,0.09226098879252378,0.09229052296338702,0.09230125446409168,0.09231421694323032,0.09231390001367447,0.0923236248660049,0.09232246739264423,0.09232709079216479,0.09232859568475646,0.09232900108171407,20.566322116411037,20.566370807994033,20.566344664049723,20.56633647458085,20.566336312545133,20.56633271249408,20.566336019126666,20.56633254993431,20.566334188211943,20.56633266362553,20.566332280022976,20.56633262130848
C/2021 A6,7.9369,75.543,55.793354390825854,7.749129843699456,0.05258576020858852,0.0519619344931356,0.05235894682631834,0.05275235651160156,0.05287724165652834,0.05295054853116509,0.05300281722145798,0.05302334992830181,0.05303877352396275,0.05304783413513377,0.053061187332480574,0.05306782377135574,0.05307134888122715,25.046593603642187,25.046662454157953,25.046785884932707,25.0468503179446,25.046872117378562,25.04690327692086,25.04691229836367,25.046922930821648,25.04692788464342,25.046937513617387,25.04694337184528,25.046946685681625
C/2021 A9,7.7612,158.006,110.68916055731516,3.3790546975764455,0.03688745570121574,0.037373761705532166,0.03777388442174315,0.03785236095564307,0.037887518645632876,0.03790389843051245,0.03791034474482565,0.037921716101144906,0.03792387539556624,0.03792698918157018,0.03793017422096465,0.03793179835778791,0.03793316785996306,24.767982927956957,24.76807380614602,24.76800797074103,24.768014149634535,24.76802821793904,24.768018113635904,24.768026374505325,24.76802189900136,24.76802577887794,24.76802469490496,24.76802470619884,24.768025835321954
C/2021 C5,3.2497,50.715,66.30147198051381,3.514055821394942,0.007691482595863812,0.009458494310907912,0.009541614312224195,0.009549506905916145,0.009487882633132792,0.009496747294418182,0.009482507763285809,0.009475227633629117,0.009473727225602349,0.009471585682047,0.009469298666870057,0.009467321391170883,0.009466088170718907,16.011493408299785,16.01146089180775,16.01140550857019,16.01137699237841,16.01136879711802,16.011355938552605,16.011349160732436,16.01134521261387,16.01134222334981,16.011338005468787,16.011335529505022,16.011333977347505
C/2021 D2,2.9455,83.845,83.44217157693464,3.290114644144508,0.049234056611358046,0.053974561270402566,0.05403568934529078,0.0541186220726336,0.05409582228681967,0.05408721040554933,0.05408877560702654,0.05407786588105709,0.054081940460299405,0.05407835965774922,0.05407851207960071,0.05407846601476474,0.054077345552207286,15.269627561562297,15.269622004292767,15.26962462086359,15.269605110958137,15.269597402317688,15.269593118414935,15.269585787664123,15.269586139216791,15.269583087641628,15.26958136579572,15.2695803555745,15.269578860693567
C/2021 E3,1.7714,112.589,71.0300574218861,3.7388948155436714,0.1852138014912775,0.18193293830003146,0.18214291480379768,0.18236461749884011,0.182352852617725,0.18234387315458778,0.1823521879228891,0.18234744337292255,0.182352324415317,0.1823507452233983,0.18235265664086933,0.1823525286550953,0.18235270057793412,11.843394797544851,11.84332985923302,11.84326719571589,11.843263115038685,11.843266494103354,11.843262269287724,11.84326270415433,11.843260255803116,11.843260431438313,11.843258947144388,11.84325856927676,11.843257980165182
C/2021 G3,5.1892,102.827,67.38171048389809,5.439226728930541,0.056328982403116276,0.0557914085148665,0.0561125019670729,0.056377355057423806,0.056452937911256024,0.05649485594840932,0.056522285638349476,0.05653416475852002,0.05654353580007998,0.05654806222817541,0.05655631286311248,0.056559799872122174,0.05656170097921241,20.253236121945307,20.25331793201906,20.253427243274054,20.25347942528829,20.25350183209046,20.253524909513835,20.253535507788488,20.253543348757944,20.25354835121071,20.253556508612732,20.253561034933625,20.253563974078652
C/2021 K3,5.2202,134.858,79.56335486685155,2.8705415618298815,0.19829621127435146,0.19966183351859823,0.19939427780454483,0.19941059027313401,0.19934214081891333,0.1993282872501731,0.1993313349068675,0.19932072223957095,0.19932509061946174,0.19932036107013465,0.19931888719114554,0.19931860248865854,0.19931759417398467,20.321354051335057,20.321468665539534,20.321533659106258,20.321569012544188,20.32159030466125,20.321595881837695,20.32160561861823,20.321607317904725,20.32161267151598,20.321616904137738,20.32161915872321,20.32162114120529
C/2021 Q6,8.7016,161.842,131.02737057563874,3.531635838308883,0.08298246076469291,0.08237490023534412,0.08271736057865944,0.08255438705302244,0.08263043792581459,0.08265595884030809,0.08265673350123807,0.08267577567927577,0.08266945394175587,0.08267726032331657,0.08267881085655909,0.08268152878541095,0.08268400270836783,26.228221182119423,26.22813973842623,26.22820213158798,26.228207318948865,26.22819894240869,26.228205905008856,26.22819876039583,26.228205646330796,26.228202249918983,26.22820374709079,26.22820377361606,26.22820293792349
C/2021 Y1,2.0254,77.182,116.08862179194386,3.608705737168156,0.1496838391747198,0.14387870559512347,0.14413561589331197,0.14421727747272933,0.14423660771623903,0.14426180400350022,0.14426248557292465,0.14426764848469523,0.1442704338356236,0.1442728573329295,0.14427526870934035,0.1442765604978543,0.14427696886555713,12.670529881265537,12.670436340309434,12.670392525359325,12.670368144306275,12.670352154249725,12.670348059856291,12.670342380957248,12.670339671829193,12.670336633954008,12.670333767729101,12.670332032871828,12.670331050773873
C/2022 K1,3.983,41.991,69.15694903110875,3.6376653981571554,0.23753636422021335,0.2375211003791677,0.23726528345485318,0.2371137829931318,0.237252109518223,0.23723339310493913,0.2372354516966355,0.2372393934649316,0.2372376518303893,0.23724035554658848,0.23723967184149086,0.23724099131508414,0.23724235651270822,17.732602596402394,17.73270374735597,17.732752957678784,17.732712215480817,17.732727007802644,17.732727041035055,17.732728603765846,17.732729818098584,17.73272998665138,17.732731676225555,17.73273147171646,17.732731071600128
C/2022 T1,3.4517,22.52,27.99682039718107,3.56472913992197,0.08395943395694128,0.08421797743415359,0.08402806694404252,0.08390358449877486,0.08395876656151596,0.0839365885549012,0.08393296565568269,0.08393711359242274,0.08393284045311451,0.08393448052986156,0.08393311979532013,0.08393244509958311,0.08393316157281461,16.52272682988059,16.522673816867147,16.522644372333,16.522675149357752,16.522664116560488,16.522665756256476,16.52266715882655,16.522665956552846,16.522666896199645,16.522666697566784,16.522666612574408,16.52266732530328
C/2025 D1,14.1088,84.505,82.17305564703652,9.211217989218731,0.014237070929502516,0.015792861027739167,0.015100573967021382,0.014629799111740144,0.014415699152962164,0.01429419336992925,0.014231570590972752,0.01419435683475429,0.014173272902294337,0.01415735174119609,0.014138771256837834,0.014128781738135171,0.014122806891090224,33.40216648484947,33.40231420511555,33.4024360821808,33.40250638903383,33.40255628401421,33.402582330187585,33.40260160443937,33.402612893383704,33.40262289923169,33.402634976519806,33.40264251772015,33.40264754892452
