desig,theta,q,model_ng,nobs,arc_yr,A1,eA1,A2,eA2,A3,eA3,tau
C/1885 X1,39.97957144419162,0.63999379,True,228,0.63,2.337,0.295,-0.288,0.161,0.0,0.0,0.0
C/1892 Q1,66.54757675675941,0.97466329,True,191,0.85,2.779,0.405,0.199,0.385,0.0,0.0,0.0
C/1956 R1,63.51573054381855,0.31732219,True,249,1.4,1.948,0.139,0.1123,0.0223,0.3728,0.0873,0.0
C/1959 Y1,93.70710784409417,0.504209,True,88,0.45,9.482,0.73,1.276,0.309,0.725,0.154,-9.3
C/1974 F1,79.05895209801719,3.01230367,True,137,3.5,50.9,38.0,-1.0,30.8,-14.29,6.73,0.0
C/1978 H1,45.7927710448596,1.12973415,True,287,1.6,1.292,0.198,0.415,0.125,0.0,0.0,0.0
C/1989 Q1,107.16603130840973,0.64067579,True,231,0.33,3.396,0.317,0.506,0.149,0.0,0.0,0.0
C/1989 X1,83.07435291502141,0.34831385,True,281,0.56,0.2675,0.0729,0.0327,0.0221,0.0,0.0,0.0
C/1991 F2,106.17217607597439,1.51348314,True,114,1.6,0.656,0.23,-0.34,0.134,0.0724,0.0379,0.0
C/1992 J1,78.91347726837249,3.00047429,False,248,2.8,nan,nan,nan,nan,nan,nan,nan
C/1993 A1,118.75491142908034,1.94259216,True,746,1.4,14.458,0.215,0.135,0.279,-0.089,0.0627,-34.2
C/1993 Q1,105.69312536908494,0.96693428,True,526,1.5,3.829,0.336,0.864,0.128,0.455,0.186,0.0
C/1996 E1,95.2393353720138,1.36236744,True,249,0.58,6.688,0.311,0.6882,0.0935,0.0,0.0,0.0
C/1997 J2,92.73991911477614,3.05072071,True,1446,2.4,292.74,6.92,-50.39,6.35,0.0,0.0,0.0
C/1999 Y1,150.33467254110028,3.08406653,True,884,3.7,296.45,7.64,48.9,10.4,5.31,3.4,0.0
C/2001 B1,112.89053295725837,2.92741701,False,162,0.96,nan,nan,nan,nan,nan,nan,nan
C/2001 K3,77.6227826227996,3.06886844,False,346,0.39,nan,nan,nan,nan,nan,nan,nan
C/2001 Q4,12.32011357405527,0.96047294,True,2681,5.0,1.2132,0.0267,0.03323,0.00721,0.17907,0.0092,0.0
C/2002 E2,29.933120629185627,1.47022961,True,941,0.83,2.78,0.232,0.879,0.194,0.0,0.0,0.0
C/2002 Q5,41.054726475442344,1.25026531,True,609,0.75,nan,nan,nan,nan,nan,nan,nan
C/2002 T7,80.57019512735297,0.61543684,True,4507,3.4,1.414,0.106,0.4371,0.0781,-0.4016,0.0292,0.0
C/2003 K4,38.52173479334302,1.02053946,True,3658,3.5,0.3299,0.0407,0.1058,0.0256,-0.1252,0.0148,0.0
C/2003 T3,132.4371716925621,1.48623673,False,749,1.6,nan,nan,nan,nan,nan,nan,nan
C/2004 B1,82.09184635988694,1.60641136,True,2057,4.6,0.9131,0.0334,-0.3503,0.0177,-0.23725,0.00683,0.0
C/2005 E2,155.09365297596273,1.52138713,False,1364,3.0,nan,nan,nan,nan,nan,nan,nan
C/2006 K3,155.4737018682359,2.50325995,True,207,1.7,15.69,1.67,2.25,2.45,-0.209,0.576,0.0
C/2006 L2,35.7982554283485,1.98559713,False,408,1.1,nan,nan,nan,nan,nan,nan,nan
C/2006 P1,120.57604452896905,0.17003705,True,341,0.93,0.1329,0.0335,0.03138,0.00397,0.0,0.0,0.0
C/2006 Q1,34.64539758250486,2.76497731,True,2744,4.2,33.504,0.7,1.916,0.55,10.604,0.189,0.0
C/2007 N3,17.130102294565614,1.20594372,True,3951,3.2,0.08678,0.00814,-0.02141,0.00696,-0.13334,0.0019,11.3
C/2007 O1,62.688003802254876,2.86341562,False,183,1.6,nan,nan,nan,nan,nan,nan,nan
C/2007 Q1,110.04804251581689,3.01650403,False,43,0.07,nan,nan,nan,nan,nan,nan,nan
C/2007 Q3,63.98182449099164,2.25546432,True,1368,4.0,0.156,0.18,2.675,0.103,1.657,0.037,0.0
C/2007 W3,52.65403740436752,1.77616467,True,212,0.8,4.968,0.572,2.248,0.581,-1.084,0.316,0.0
C/2008 C1,86.08381851986317,1.26642335,False,815,0.3,nan,nan,nan,nan,nan,nan,nan
C/2008 J6,90.21350076094028,1.99507614,False,390,0.6,nan,nan,nan,nan,nan,nan,nan
C/2008 T2,73.49199035003241,1.2055687,False,1345,0.9,nan,nan,nan,nan,nan,nan,nan
C/2009 K5,50.79178414969275,1.41933411,False,2539,2.4,nan,nan,nan,nan,nan,nan,nan
C/2009 O4,129.776453176615,2.55680478,False,785,0.38,nan,nan,nan,nan,nan,nan,nan
C/2009 R1,77.64379188090138,0.39442252,True,792,0.94,5.798,0.49,-1.418,0.359,0.776,0.207,0.0
C/1972 L1,47.36592579679729,4.2645889,False,150,2.4,nan,nan,nan,nan,nan,nan,nan
C/1973 W1,150.70607462914163,3.84026288,False,22,0.86,nan,nan,nan,nan,nan,nan,nan
C/1974 V1,142.56442370101453,6.01579264,False,46,2.0,nan,nan,nan,nan,nan,nan,nan
C/1976 D2,30.170043761762596,6.88171236,False,57,2.1,nan,nan,nan,nan,nan,nan,nan
C/1976 U1,89.75527684911135,5.85519975,False,30,1.2,nan,nan,nan,nan,nan,nan,nan
C/1978 A1,28.272305381018477,5.60844086,False,62,3.2,nan,nan,nan,nan,nan,nan,nan
C/1979 M3,76.94619240506869,4.69146981,False,34,1.2,nan,nan,nan,nan,nan,nan,nan
C/1980 E1,42.495183761641464,3.16929496,True,203,6.9,1095.0,181.0,535.89,93.1,0.0,0.0,0.0
C/1983 O1,167.80763726343366,3.32563612,True,232,7.8,2683.0,942.0,158.1,677.0,0.0,0.0,0.0
C/1987 F1,38.235698929928354,3.62427914,False,56,2.7,nan,nan,nan,nan,nan,nan,nan
C/1987 H1,41.52373478389679,5.45109244,False,127,4.7,nan,nan,nan,nan,nan,nan,nan
C/1987 W3,168.1333857080227,3.32264693,False,34,2.6,nan,nan,nan,nan,nan,nan,nan
C/1988 B1,74.9995793387083,5.03079825,False,66,4.0,nan,nan,nan,nan,nan,nan,nan
C/1993 F1,79.73229841672058,5.89949798,False,111,2.3,nan,nan,nan,nan,nan,nan,nan
C/1993 K1,63.47824969214643,4.84471237,False,44,2.9,nan,nan,nan,nan,nan,nan,nan
C/1997 A1,105.57013521743687,3.16326982,False,200,0.97,nan,nan,nan,nan,nan,nan,nan
C/1999 F1,89.05687202059292,5.78838144,False,168,6.5,nan,nan,nan,nan,nan,nan,nan
C/1999 F2,20.966289755085004,4.72811386,False,148,2.3,nan,nan,nan,nan,nan,nan,nan
C/1999 J2,40.753689945209885,7.11363383,False,1001,4.1,nan,nan,nan,nan,nan,nan,nan
C/1999 K5,93.64442347997289,3.25370073,False,250,2.8,nan,nan,nan,nan,nan,nan,nan
C/1999 N4,40.62764947225594,5.51393119,False,345,3.7,nan,nan,nan,nan,nan,nan,nan
C/1999 S2,77.33061865865095,6.46202592,False,98,2.4,nan,nan,nan,nan,nan,nan,nan
C/1999 U1,114.88852639392638,4.13652185,False,208,1.1,nan,nan,nan,nan,nan,nan,nan
C/1999 U4,92.77358780267605,4.8867074,False,911,4.6,nan,nan,nan,nan,nan,nan,nan
C/2000 A1,87.72286382445886,9.74094723,False,132,2.2,nan,nan,nan,nan,nan,nan,nan
C/2000 K1,37.79147761689358,6.27823901,False,333,2.2,nan,nan,nan,nan,nan,nan,nan
C/2000 O1,141.0508455294425,5.9148729,False,65,2.7,nan,nan,nan,nan,nan,nan,nan
C/2000 Y1,153.4041759343884,7.96805733,False,94,2.0,nan,nan,nan,nan,nan,nan,nan
C/2001 C1,52.186912949782986,5.11002022,False,223,2.2,nan,nan,nan,nan,nan,nan,nan
C/2001 G1,32.97579059081934,8.23895535,False,138,2.4,nan,nan,nan,nan,nan,nan,nan
C/2001 K5,47.118114339487015,5.18958159,False,3402,3.6,nan,nan,nan,nan,nan,nan,nan
C/2002 A3,102.85648332908835,5.14305257,False,291,1.4,nan,nan,nan,nan,nan,nan,nan
C/2002 J4,86.82690395135192,3.63841226,False,232,4.4,nan,nan,nan,nan,nan,nan,nan
C/2002 J5,55.078251431596534,5.72509311,False,618,4.6,nan,nan,nan,nan,nan,nan,nan
C/2002 L9,107.10080099479119,7.03551955,False,323,4.6,nan,nan,nan,nan,nan,nan,nan
C/2002 R3,145.20681558573153,3.87017657,True,1274,1.7,17850.0,2640.0,5810.0,3510.0,0.0,0.0,0.0
C/2003 G1,35.99418463068832,4.92065682,False,1484,1.5,nan,nan,nan,nan,nan,nan,nan
C/2003 S3,137.16202768039912,8.12669499,False,124,2.8,nan,nan,nan,nan,nan,nan,nan
C/2004 P1,83.21619718864824,6.02262457,False,151,2.3,nan,nan,nan,nan,nan,nan,nan
C/2004 T3,97.29457005825172,8.86554953,False,109,1.3,nan,nan,nan,nan,nan,nan,nan
C/2004 X3,58.21110673362082,4.38911289,False,250,1.3,nan,nan,nan,nan,nan,nan,nan
C/2005 B1,90.21775195047223,3.2059358,True,1517,3.6,74.7,12.6,-77.7,9.17,-63.94,4.66,0.0
C/2005 G1,63.57524466190257,4.95322048,False,292,2.0,nan,nan,nan,nan,nan,nan,nan
C/2005 K1,59.797304687953684,3.69197608,True,642,2.2,2515.0,741.0,184.0,762.0,0.0,0.0,0.0
C/2005 L3,36.41948046763068,5.58682654,False,5337,8.7,nan,nan,nan,nan,nan,nan,nan
C/2005 Q1,113.6988485278937,6.39876801,False,161,2.1,nan,nan,nan,nan,nan,nan,nan
C/2006 E1,88.50688935336716,6.0360765,False,143,3.0,nan,nan,nan,nan,nan,nan,nan
C/2006 K1,145.27496169094468,4.42388653,False,417,2.8,nan,nan,nan,nan,nan,nan,nan
C/2006 S2,79.46329774856092,3.15839357,True,178,0.83,772.0,299.0,-167.0,199.0,0.0,0.0,0.0
C/2006 S3,42.78076096296739,5.13372946,False,5214,6.9,nan,nan,nan,nan,nan,nan,nan
C/2006 YC,76.2596296380762,4.94671296,False,147,0.3,nan,nan,nan,nan,nan,nan,nan
C/2007 D1,63.13663577646013,8.79200698,False,548,6.2,nan,nan,nan,nan,nan,nan,nan
C/2007 Y1,80.83778197922777,3.34342252,False,209,0.38,nan,nan,nan,nan,nan,nan,nan
C/2009 P2,123.39329452192962,6.54119059,False,503,2.8,nan,nan,nan,nan,nan,nan,nan
C/2009 U5,69.4981689971462,6.09719567,False,187,1.4,nan,nan,nan,nan,nan,nan,nan
C/2010 D3,68.83433532762959,4.24846025,False,97,3.3,nan,nan,nan,nan,nan,nan,nan
C/2010 R1,14.926566938549312,5.62134619,False,1574,2.7,nan,nan,nan,nan,nan,nan,nan
