desig,yr,in_code,theta_declared,in_cap,resid,q,e,arc,nobs,cc
C/1850 J1 (Petersen),1850,0,62.24,0,-0.0433,1.081,0.9986,167,170,
C/1850 Q1 (Bond),1850,0,129.40,0,0.1576,0.566,1.0000,76,50,
C/1851 P1 (Brorsen),1851,0,88.53,0,-0.0367,0.985,1.0000,60,151,
C/1853 E1 (Secchi),1853,0,66.56,0,0.1117,1.092,1.0000,36,107,
C/1853 L1 (Klinkerfues),1853,0,101.59,0,-0.3176,0.307,1.0003,213,350,
C/1853 W1 (van Arsdale),1853,0,151.72,0,-0.3640,2.045,1.0000,88,80,
C/1854 F1 (Great comet),1854,0,67.30,0,0.0392,0.277,1.0000,30,200,
C/1854 L1 (Klinkerfues),1854,0,76.59,0,0.2022,0.648,1.0000,54,227,
C/1855 V1 (Bruhns),1855,0,126.75,0,0.1371,1.231,1.0000,51,104,
C/1857 D1 (d'Arrest),1857,0,74.69,0,0.0532,0.772,1.0000,67,252,
C/1857 Q1 (Klinkerfues),1857,0,35.05,1,-0.1342,0.563,0.9969,42,104,
C/1857 V1 (Donati-van Arsdale),1857,0,128.32,0,0.3538,1.009,1.0000,39,69,
C/1858 L1 (Donati),1858,0,121.00,0,0.1505,0.578,0.9963,270,1000,
C/1859 G1 (Tempel),1859,0,115.99,0,0.2940,0.201,1.0000,32,29,
C/1860 H1 (Rumker),1860,0,137.06,0,0.2470,1.307,1.0000,56,55,
C/1860 M1 (Great comet),1860,0,77.27,0,0.0528,0.293,1.0000,118,300,
C/1861 Y1 (Tuttle),1861,0,54.56,1,0.2900,0.839,1.0000,35,30,
C/1862 W1 (Respighi),1862,0,87.09,0,0.2323,0.803,1.0000,84,25,
C/1862 X1 (Bruhns),1862,0,74.54,0,-0.0662,0.795,1.0000,102,120,
C/1863 G1 (Klinkerfues),1863,0,38.28,1,0.2141,1.068,0.9992,170,49,
C/1863 G2 (Respighi),1863,0,54.71,1,0.2408,0.629,0.9991,48,160,
C/1863 T1 (Baeker),1863,0,74.64,0,0.2668,1.313,1.0007,185,176,
C/1863 V1 (Tempel),1863,0,115.20,0,-0.0642,0.706,0.9989,92,58,
C/1864 N1 (Tempel),1864,0,91.75,0,0.0114,0.909,0.9964,78,206,
C/1864 O1 (Donati-Toussaint),1864,0,65.00,0,0.2086,0.931,0.9994,213,57,
C/1864 X1 (Baeker),1864,0,103.25,0,0.2607,0.771,1.0000,69,123,
C/1867 S1 (Baeker-Winnecke),1867,0,38.31,1,-0.1025,0.330,1.0000,34,57,
C/1868 L1 (Winnecke),1868,0,59.74,1,0.1099,0.579,1.0000,33,201,
C/1870 Q1 (Coggia),1870,0,160.07,0,0.1515,1.817,1.0000,98,79,
C/1871 G1 (Winnecke),1871,0,113.96,0,0.1626,0.654,0.9978,120,130,
C/1871 L1 (Tempel),1871,0,83.73,0,0.1340,1.083,1.0000,98,185,
C/1871 V1 (Tempel),1871,0,105.78,0,0.0762,0.691,0.9957,110,57,
C/1873 Q1 (Borrelly),1873,0,163.56,0,-0.1855,0.794,0.9965,31,50,
C/1873 Q2 (Henry),1873,0,112.71,0,-0.1198,0.385,0.9997,97,118,
C/1874 G1 (Winnecke),1874,0,89.89,0,-0.8989,0.886,1.0000,65,148,
C/1874 H1 (Coggia),1874,0,71.00,0,0.0443,0.676,0.9988,185,638,
C/1874 O1 (Borrelly),1874,0,110.19,0,-0.1301,0.983,0.9988,87,125,
C/1874 X1 (Borrelly),1874,0,64.72,0,-0.1138,0.508,1.0000,31,20,
C/1877 C1 (Borrelly),1877,0,23.20,1,-0.4169,0.807,1.0000,53,97,
C/1877 G1 (Winnecke),1877,0,60.03,0,0.1818,0.950,0.9987,98,274,
C/1877 R1 (Coggia),1877,0,113.50,0,-0.0898,1.576,1.0000,86,63,
C/1880 S1 (Hartwig),1880,0,137.71,0,0.1575,0.355,1.0000,35,140,
C/1881 K1 (Great comet),1881,0,58.53,1,0.0495,0.735,0.9959,232,157,
C/1881 N1 (Schaeberle),1881,0,103.24,0,0.1174,0.634,1.0000,96,500,
C/1881 W1 (Swift),1881,0,129.77,0,0.4014,1.925,0.9902,55,61,
C/1885 N1 (Barnard),1885,0,60.29,0,-0.2627,2.506,1.0000,35,32,
C/1885 X1 (Fabry),1885,1,39.98,1,0.0307,0.642,1.0004,142,46,
C/1885 X2 (Barnard),1885,1,50.73,1,-0.2192,0.479,1.0002,150,76,
C/1886 T1 (Barnard-Hartwig),1886,1,87.46,0,0.1089,0.663,1.0004,236,62,
C/1887 B3 (Barnard),1887,0,48.28,1,0.0111,1.481,1.0000,119,86,
C/1887 D1 (Barnard),1887,0,99.81,0,0.1018,1.006,1.0000,52,75,
C/1887 J1 (Barnard),1887,0,47.72,1,0.3917,1.394,0.9961,91,313,
C/1888 D1 (Sawerthal),1888,0,35.19,1,-0.3892,0.699,0.9959,201,186,
C/1888 P1 (Brooks),1888,0,77.28,0,0.1373,0.902,0.9999,82,257,
C/1888 R1 (Barnard),1888,0,162.04,0,-0.0392,1.815,1.0012,684,173,
C/1888 U1 (Barnard),1888,0,124.94,0,-0.0910,1.528,0.9915,201,54,
C/1889 G1 (Barnard),1889,0,137.98,0,-0.0757,2.256,0.9998,525,41,
C/1889 O1 (Davidson),1889,0,72.08,0,-0.0716,1.040,0.9976,115,92,
C/1889 X1 (Borrelly),1889,0,32.08,1,0.0052,0.270,1.0000,34,40,
C/1890 F1 (Brooks),1890,1,59.06,1,0.1448,1.908,1.0003,685,140,
C/1890 O2 (Denning),1890,0,67.74,0,0.0860,1.260,0.9992,107,123,
C/1890 V1 (Zona),1890,0,103.02,0,-0.0982,2.047,0.9959,59,120,
C/1891 F1 (Barnard-Denning),1891,0,157.31,0,-0.0152,0.398,1.0000,101,110,
C/1891 T1 (Barnard),1891,0,101.90,0,0.0849,0.971,1.0000,65,41,
C/1892 E1 (Swift),1892,0,46.52,1,0.0542,1.027,0.9988,230,53,
C/1893 U1 (Brooks),1893,0,36.94,1,-0.6126,0.812,0.9965,82,153,
C/1896 G1 (Swift),1896,0,34.85,1,-0.0054,0.566,1.0005,65,400,
C/1898 L1 (Coddington-Pauly),1898,1,84.99,0,0.1131,1.702,1.0010,541,130,
C/1898 U1 (Brooks),1898,0,101.74,0,-0.1834,0.756,1.0000,31,60,
C/1898 V1 (Chase),1898,0,111.52,0,-0.1728,2.285,0.9992,180,29,
C/1899 E1 (Swift),1899,1,157.05,0,0.1050,0.327,1.0003,126,151,
C/1899 S1 (Giacobini),1899,0,60.74,0,0.2734,1.786,1.0000,79,36,
C/1900 B1 (Giacobini),1900,0,150.82,0,-0.3046,1.332,1.0012,165,30,
C/1900 O1 (Borrelly-Brooks),1900,0,117.04,0,-0.0621,1.015,1.0003,94,121,
C/1901 G1 (Great comet),1901,0,67.65,0,0.3378,0.245,0.9999,42,54,
C/1902 R1 (Perrine),1902,1,40.87,1,-0.1342,0.401,0.9999,70,157,
C/1902 X1 (Giacobini),1902,1,89.98,0,-0.1432,2.773,1.0003,131,65,
C/1903 H1 (Grigg),1903,0,171.22,0,-0.1781,0.499,1.0000,31,32,
C/1903 M1 (Borrelly),1903,1,88.80,0,0.0700,0.330,1.0008,58,20,
C/1904 H1 (Brooks),1904,0,35.58,1,0.0509,2.708,1.0019,140,31,
C/1904 Y1 (Giacobini),1904,1,27.09,1,-0.2772,1.882,1.0007,135,48,
C/1905 X1 (Giacobini),1905,0,77.36,0,0.1383,0.216,1.0000,89,131,
C/1906 B1 (Brooks),1906,1,42.46,1,0.1439,1.296,0.9999,83,158,
C/1906 E1 (Kopff),1906,1,71.77,0,-0.8263,3.340,1.0019,100,124,
C/1907 E1 (Giacobini),1907,1,86.24,0,0.2587,2.052,1.0003,35,28,
C/1907 L2 (Daniel),1907,0,135.54,0,0.0307,0.512,0.9988,344,173,
C/1908 R1 (Morehouse),1908,0,76.12,0,-0.3521,0.945,1.0009,88,137,
C/1909 L1 (Borrelly-Daniel),1909,0,94.95,0,-0.1857,0.843,0.9948,63,160,
C/1910 A1 (Great January comet),1910,0,97.67,0,-0.0632,0.129,0.9998,82,25,
C/1910 P1 (Metcalf),1910,0,47.91,1,0.1238,1.947,0.9981,52,30,
C/1911 N1 (Kiess),1911,0,136.50,0,-0.1966,0.684,0.9963,71,86,
C/1911 S3 (Beljawsky),1911,1,92.62,0,0.0162,0.303,1.0001,140,66,
C/1912 R1 (Gale),1912,1,83.71,0,-0.0317,0.716,1.0004,207,30,
C/1913 J1 (Schaumasse),1913,0,50.69,1,0.1493,1.457,0.9967,41,34,
C/1913 R1 (Metcalf),1913,0,135.12,0,0.1840,1.356,0.9976,57,299,
C/1913 Y1 (Delavan),1913,1,61.14,0,-0.2540,1.104,1.0001,577,157,
C/1914 F1 (Kritzinger),1914,1,54.58,1,0.3408,1.199,1.0006,109,69,
C/1915 C1 (Mellish),1915,0,102.46,0,0.2328,1.005,1.0003,376,94,
C/1916 G1 (Wolf),1916,1,88.49,0,-0.6160,1.686,0.9994,583,69,
C/1917 H1 (Schaumasse),1917,0,34.54,1,-0.1961,0.764,1.0001,56,45,
C/1921 E1 (Reid),1921,1,29.07,1,0.2396,1.008,1.0006,51,20,
C/1922 B1 (Reid),1922,0,115.18,0,0.2149,1.629,0.9870,67,70,
C/1922 U1 (Baade),1922,1,111.99,0,-0.3753,2.259,1.0005,143,103,
C/1922 W1 (Skjellerup),1922,0,58.57,1,0.3688,0.924,0.9937,78,65,
C/1924 F1 (Reid),1924,0,120.74,0,-0.0891,1.756,0.9986,191,63,
C/1925 F1 (Shajn-Comas Sola),1925,1,62.90,0,0.0428,4.181,1.0024,711,59,
C/1925 F2 (Reid),1925,0,63.50,0,0.5030,1.633,0.9951,644,283,
C/1925 G1 (Orkisz),1925,1,88.67,0,0.2485,1.109,1.0006,391,201,
C/1925 V1 (Wilk-Peltier),1925,0,132.94,0,0.0823,0.764,1.0005,40,164,
C/1925 W1 (Van Biesbroeck),1925,1,102.17,0,-0.3165,1.566,1.0004,195,129,
C/1925 X1 (Ensor),1925,0,73.70,0,0.1278,0.323,1.0000,38,28,
C/1926 B1 (Blathwayt),1926,0,66.17,0,-0.9824,1.345,0.9924,60,47,
C/1927 A1 (Blathwayt),1927,0,66.46,0,0.1149,1.036,1.0000,74,33,
C/1927 X1 (Skjellerup-Maristany),1927,0,105.44,0,0.1489,0.176,0.9998,115,34,
C/1929 Y1 (Wilk),1929,0,142.47,0,0.0619,0.672,0.9990,39,212,
C/1930 E1 (Beyer),1930,0,83.46,0,0.1834,2.079,1.0005,673,249,
C/1930 L1 (Forbes),1930,0,83.80,0,-0.5667,1.153,1.0000,49,54,
C/1932 M1 (Newman),1932,1,66.88,0,0.0551,1.647,1.0005,163,67,
C/1935 Q1 (Van Biesbroeck),1935,1,95.29,0,0.4262,4.043,1.0020,861,107,
C/1936 K1 (Peltier),1936,0,86.68,0,-0.2993,1.100,0.9920,157,113,
C/1937 C1 (Whipple),1937,1,35.81,1,0.2928,1.734,1.0002,177,53,
C/1937 N1 (Finsler),1937,1,80.32,0,0.2572,0.863,1.0004,55,25,
C/1939 B1 (Kozik-Peltier),1939,0,106.07,0,-0.0368,0.716,0.9955,30,53,
C/1939 V1 (Friend),1939,0,112.96,0,0.1834,0.945,0.9972,64,61,
C/1940 R2 (Cunningham),1940,1,87.95,0,-0.0042,0.368,1.0005,271,189,
C/1941 B2 (de Kock-Paraskevopoulos),1941,0,82.77,0,0.1433,0.790,0.9991,241,130,
C/1941 K1 (van Gent),1941,1,70.51,0,0.2171,0.875,1.0002,259,318,
C/1942 C2 (Oterma),1942,1,96.23,0,0.7138,4.113,1.0012,390,35,
C/1942 X1 (Whipple-Fedtke-Tevzadze),1942,0,72.55,0,0.4748,1.354,0.9922,257,166,
C/1944 K2 (van Gent),1944,1,36.72,1,0.2462,2.226,1.0021,436,25,
C/1946 C1 (Timmers),1946,1,62.46,0,0.3259,1.724,1.0012,553,183,
C/1946 U1 (Bester),1946,1,174.51,0,-0.4097,2.408,1.0006,633,34,
C/1947 F2 (Becvar),1947,0,73.22,0,0.0636,0.962,1.0000,42,23,
C/1947 S1 (Bester),1947,1,67.32,0,0.1059,0.748,1.0003,491,42,
C/1948 N1 (Wirtanen),1948,0,67.19,0,0.1818,2.517,0.9995,934,20,
C/1948 R1 (Johnson),1948,0,115.02,0,0.1381,4.708,1.0000,90,36,
C/1948 W1 (Bester),1948,0,108.09,0,0.2059,1.273,0.9975,94,24,
C/1949 N1 (Bappu-Bok-Newkirk),1949,0,61.41,0,0.0574,2.058,0.9988,613,30,
C/1950 K1 (Minkowski),1950,1,20.89,1,-0.0283,2.572,1.0012,698,32,
C/1951 P1 (Wilson-Harrington),1951,0,60.67,0,-0.2239,0.740,0.9998,222,23,
C/1952 M1 (Peltier),1952,0,69.59,0,-0.1495,1.202,0.9998,150,30,
C/1953 T1 (Abell),1953,0,32.89,1,-0.2576,0.970,1.0008,334,39,
C/1954 O2 (Baade),1954,1,106.88,0,0.2814,3.870,1.0006,1202,35,
C/1954 Y1 (Haro-Chavira),1954,1,97.45,0,0.3262,4.077,1.0046,1218,57,
C/1955 N1 (Bakharev-Macfarlane-Krienke),1955,0,95.53,0,-0.0707,1.427,0.9942,132,28,
C/1955 O1 (Honda),1955,0,130.24,0,-0.0854,0.885,1.0011,96,43,
C/1956 E1 (Mrkos),1956,0,63.58,0,0.2981,0.842,1.0000,53,32,
C/1956 R1 (Arend-Roland),1956,1,63.53,0,0.0241,0.316,1.0002,497,57,
C/1958 D1 (Burnham),1958,0,47.15,1,0.3687,1.323,0.9999,205,22,
C/1958 R1 (Burnham-Slaughter),1958,1,100.30,0,-0.1674,1.628,0.9998,585,40,
C/1959 O1 (Bester-Hoffmeister),1959,0,79.10,0,0.4109,1.251,1.0027,101,29,
C/1959 Q1 (Alcock),1959,0,76.12,0,0.2605,1.150,1.0013,68,22,
C/1959 Y1 (Burnham),1959,1,93.73,0,0.1956,0.504,1.0003,148,35,
C/1960 M1 (Humason),1960,1,59.69,1,0.3299,4.268,1.0003,349,24,
C/1961 R1 (Humason),1961,0,77.50,0,0.1032,2.133,0.9896,1517,80,
C/1963 F1 (Alcock),1963,0,21.28,1,-0.2044,1.537,0.9979,118,25,
C/1964 P1 (Everhart),1964,0,71.31,0,-0.1559,1.259,0.9965,201,40,
C/1965 S2 (Alcock),1965,0,115.96,0,-0.0648,1.294,1.0003,30,29,
C/1966 P1 (Kilston),1966,0,97.56,0,-0.3195,2.385,0.9995,126,208,
C/1966 P2 (Barbon),1966,0,88.94,0,-0.4806,2.019,0.9981,91,90,
C/1966 R1 (Ikeya-Everhart),1966,0,64.38,0,0.1722,0.882,1.0000,30,23,
C/1966 T1 (Rudnicki),1966,1,57.50,1,-0.6592,0.419,1.0004,114,49,
C/1967 C2 (Wild),1967,0,84.75,0,0.2564,1.327,1.0000,56,37,
C/1967 M1 (Mitchell-Jones-Gerber),1967,0,91.05,0,-0.9203,0.178,1.0000,65,39,
C/1967 Y1 (Ikeya-Seki),1967,0,37.95,1,0.1633,1.697,0.9992,676,197,
C/1968 H1 (Tago-Honda-Yamamoto),1968,0,36.24,1,0.0746,0.680,0.9962,32,35,
C/1968 L1 (Whitaker-Thomas),1968,0,41.95,1,-0.0402,1.234,1.0000,39,23,
C/1968 N1 (Honda),1968,0,128.23,0,-0.0601,1.160,1.0007,120,137,
C/1968 Q1 (Bally-Clayton),1968,0,96.11,0,-0.3490,1.771,1.0000,89,52,
C/1968 Q2 (Honda),1968,0,112.07,0,-0.1061,1.099,1.0000,64,35,
C/1968 Y1 (Thomas),1968,0,99.82,0,-0.3638,3.316,0.9953,150,43,
C/1969 P1 (Fujikawa),1969,0,84.26,0,0.3865,0.774,1.0000,74,69,
C/1969 T1 (Tago-Sato-Kosaka),1969,0,115.20,0,0.1431,0.473,0.9999,175,305,
C/1969 Y1 (Bennett),1969,0,21.57,1,0.0886,0.538,0.9963,301,529,
C/1970 N1 (Abe),1970,0,65.62,0,0.2368,1.113,1.0000,324,271,
C/1970 U1 (Suzuki-Sato-Seki),1970,0,71.95,0,-0.3721,0.405,1.0000,37,47,
C/1971 E1 (Toba),1971,1,75.56,0,0.0480,1.233,1.0010,184,137,
C/1972 E1 (Bradfield),1972,0,83.06,0,0.2514,0.927,0.9981,72,85,
C/1972 L1 (Sandage),1972,1,47.36,1,0.3468,4.276,1.0063,862,146,
C/1972 U1 (Kojima),1972,0,150.96,0,-0.0201,2.147,1.0010,659,267,
C/1972 X1 (Araya),1972,0,124.97,0,-0.3566,4.861,0.9995,944,71,
C/1973 A1 (Heck-Sause),1973,1,35.32,1,0.0097,2.511,1.0006,405,190,
C/1973 D1 (Kohoutek),1973,0,91.28,0,0.2616,1.382,0.9987,206,42,
C/1973 E1 (Kohoutek),1973,1,79.70,0,-0.2901,0.142,1.0000,453,812,
C/1973 N1 (Sandage),1973,0,27.22,1,-0.1366,4.812,1.0002,609,27,
C/1973 W1 (Gibson),1973,1,150.70,0,-0.0096,3.842,1.0005,315,21,
C/1974 C1 (Bradfield),1974,0,89.75,0,-0.4309,0.503,0.9997,277,173,
C/1974 F1 (Lovas),1974,1,79.06,0,-0.5135,3.011,0.9998,1270,137,
C/1974 V1 (van den Bergh),1974,1,142.56,0,0.2820,6.019,1.0037,717,40,
C/1975 E1 (Bradfield),1975,1,134.06,0,0.2672,1.217,1.0014,358,52,
C/1975 N1 (Kobayashi-Berger-Milon),1975,0,89.87,0,-0.1886,0.426,1.0001,178,390,
C/1975 T1 (Mori-Sato-Fujikawa),1975,0,113.28,0,0.0838,1.604,0.9975,383,193,
C/1975 V2 (Bradfield),1975,1,58.11,1,-0.0454,0.219,1.0000,88,81,
C/1975 X1 (Sato),1975,1,118.01,0,0.0869,0.864,1.0015,57,72,
C/1976 D1 (Bradfield),1976,0,94.83,0,0.4728,0.848,0.9934,63,29,
C/1976 D2 (Schuster),1976,1,30.17,1,-0.0419,6.880,1.0011,772,54,
C/1976 J1 (Harlan),1976,0,61.20,0,-0.4573,1.569,0.9997,181,41,
C/1976 U1 (Lovas),1976,1,89.75,0,-0.7254,5.857,1.0037,448,34,
C/1977 D1 (Lovas),1977,1,67.84,0,0.5099,5.716,1.0034,352,30,
C/1977 R1 (Kohler),1977,0,130.70,0,-0.1947,0.991,0.9995,271,421,
C/1977 V1 (Tsuchinshan),1977,0,166.74,0,0.3255,3.603,0.9994,363,69,
C/1978 A1 (West),1978,1,28.28,1,0.1090,5.606,1.0027,1183,60,
C/1978 C1 (Bradfield),1978,0,76.14,0,-0.5361,0.437,1.0000,34,73,
C/1978 H1 (Meier),1978,1,45.79,1,-0.1358,1.137,1.0008,590,276,
C/1978 R3 (Machholz),1978,1,135.71,0,0.2969,1.772,1.0003,322,46,
C/1978 T1 (Seargent),1978,0,42.85,1,-0.1182,0.370,0.9983,62,33,
C/1979 M1 (Bradfield),1979,1,81.96,0,0.2741,0.413,1.0000,91,25,
C/1979 M3 (Torres),1979,1,76.95,0,-0.2409,4.687,1.0010,426,33,
C/1980 E1 (Bowell),1980,1,42.49,1,0.6178,3.364,1.0577,2514,187,
C/1980 L1 (Torres),1980,0,67.54,0,-0.3204,2.584,1.0002,118,58,
C/1980 O1 (Cernis-Petrauskas),1980,0,73.79,0,-0.1009,0.523,1.0000,41,20,
C/1980 V1 (Meier),1980,0,77.64,0,0.2348,1.519,0.9946,209,61,
C/1980 Y1 (Bradfield),1980,0,97.53,0,-0.0641,0.260,0.9997,405,32,
C/1980 Y2 (Panther),1980,0,76.68,0,0.1774,1.657,0.9987,238,200,
C/1981 G1 (Elias),1981,1,57.42,1,0.4377,4.743,1.0014,715,20,
C/1981 H1 (Bus),1981,0,25.07,1,0.5218,2.458,0.9989,265,26,
C/1981 M1 (Gonzalez),1981,0,109.41,0,-0.4877,2.334,0.9994,151,20,
C/1982 M1 (Austin),1982,0,103.38,0,-0.0676,0.648,0.9994,288,290,
C/1983 J1 (Sugano-Saigusa-Fujikawa),1983,0,87.14,0,0.1791,0.471,0.9999,39,55,
C/1983 O1 (Cernis),1983,1,167.81,0,-0.5466,3.318,1.0015,2854,229,
C/1983 O2 (IRAS),1983,0,35.17,1,0.2991,2.255,1.0001,306,35,
C/1983 R1 (Shoemaker),1983,0,131.35,0,0.0666,3.345,1.0002,624,117,
C/1984 K1 (Shoemaker),1984,0,62.43,0,0.1678,2.697,1.0007,2779,176,
C/1984 N1 (Austin),1984,0,38.58,1,-0.4387,0.291,0.9998,142,100,
C/1984 U1 (Shoemaker),1984,0,155.12,0,-0.1855,5.489,0.9944,2034,60,
C/1984 V1 (Levy-Rudenko),1984,0,101.92,0,0.0841,0.918,0.9992,190,162,
C/1984 W2 (Hartley),1984,1,114.21,0,-1.1180,4.000,0.9995,1278,53,
C/1985 K1 (Machholz),1985,0,106.73,0,-0.7483,0.106,1.0000,102,30,
C/1985 R1 (Hartley-Good),1985,0,85.27,0,0.2289,0.695,0.9999,187,165,
C/1986 N1 (Churyumov-Solodovnikov),1986,0,103.95,0,0.3032,2.642,0.9992,996,86,
C/1986 P1 (Wilson),1986,0,46.57,1,-0.0070,1.200,1.0003,980,671,
C/1986 V1 (Sorrells),1986,0,137.99,0,0.2365,1.721,0.9999,321,360,
C/1987 A1 (Levy),1987,0,70.01,0,0.1490,0.921,1.0004,136,62,
C/1987 B1 (Nishikawa-Takamizawa-Tago),1987,0,121.45,0,0.2075,0.870,0.9958,131,87,
C/1987 F1 (Torres),1987,1,38.24,1,-0.3424,3.624,1.0012,1005,50,
C/1987 H1 (Shoemaker),1987,1,41.53,1,0.2923,5.457,1.0032,1715,126,
C/1987 P1 (Bradfield),1987,0,110.40,0,0.3368,0.869,0.9947,245,611,
C/1987 Q1 (Rudenko),1987,0,73.27,0,-0.2877,0.603,1.0004,156,90,
C/1987 U3 (McNaught),1987,0,43.62,1,-0.2812,0.841,0.9986,504,106,
C/1987 W2 (Furuyama),1987,0,147.25,0,0.2189,1.680,1.0002,264,152,
C/1987 W3 (Jensen-Shoemaker),1987,1,168.14,0,0.4730,3.333,1.0036,948,33,
C/1988 A1 (Liller),1988,0,110.52,0,0.2314,0.841,0.9966,184,427,
C/1988 B1 (Shoemaker),1988,1,75.00,0,-0.0546,5.031,1.0031,1444,63,
C/1988 F1 (Levy),1988,0,70.05,0,-0.4908,1.174,0.9977,118,37,
C/1988 J1 (Shoemaker-Holt),1988,0,70.07,0,-0.4888,1.174,0.9978,160,84,
C/1988 L1 (Shoemaker-Holt-Rodriquez),1988,0,89.03,0,-0.4177,2.474,1.0007,652,155,
C/1988 Y1 (Yanaka),1988,0,95.95,0,-0.1860,0.428,1.0000,57,56,
C/1989 A1 (Yanaka),1989,0,64.64,0,-0.1697,1.895,0.9986,188,101,
C/1989 A5 (Shoemaker),1989,0,75.66,0,-0.1624,2.640,0.9955,405,77,
C/1989 A6 (Shoemaker),1989,0,118.79,0,0.4545,2.208,1.0000,58,28,
C/1989 Q1 (Okazaki-Levy-Rudenko),1989,1,107.16,0,0.0108,0.642,1.0001,122,225,
C/1989 W1 (Aarseth-Brewington),1989,0,59.90,1,0.0416,0.301,1.0001,151,73,
C/1989 X1 (Austin),1989,1,83.07,0,0.0156,0.350,1.0002,203,266,
C/1989 Y1 (Skorichenko-George),1989,0,117.99,0,0.2065,1.569,1.0003,1008,106,
C/1989 Y2 (McKenzie-Russell),1989,0,111.59,0,0.1757,1.976,1.0000,50,45,
C/1990 E1 (Cernis-Kiuchi-Nakamura),1990,0,99.49,0,0.2529,1.068,1.0000,72,89,
C/1990 K1 (Levy),1990,1,73.36,0,-0.0709,0.939,1.0006,920,666,
C/1990 M1 (McNaught-Hughes),1990,1,6.41,1,0.0921,2.682,1.0013,360,49,
C/1990 N1 (Tsuchiya-Kiuchi),1990,0,64.96,0,0.1252,1.092,0.9954,208,103,
C/1991 A2 (Arai),1991,0,109.49,0,0.2340,1.434,0.9907,80,110,
C/1991 B1 (Shoemaker-Levy),1991,0,60.07,0,0.1385,2.265,0.9936,945,429,
C/1991 C3 (McNaught-Russell),1991,1,58.25,1,0.4212,4.778,1.0025,460,42,
C/1991 F2 (Helin-Lawrence),1991,1,106.17,0,0.0531,1.518,1.0004,585,108,
C/1991 L4 (Helin-Alu),1991,0,58.47,1,0.0271,4.850,1.0002,534,80,
C/1991 Q1 (McNaught-Russell),1991,0,101.47,0,-0.0004,3.194,0.9945,647,29,
C/1991 R1 (McNaught-Russell),1991,0,111.65,0,0.1628,6.982,0.9999,1090,41,
C/1991 T2 (Shoemaker-Levy),1991,0,33.53,1,-0.0464,0.836,0.9999,320,212,
C/1991 X2 (Mueller),1991,1,95.67,0,-0.1136,0.199,1.0002,81,149,
C/1991 Y1 (Zanotta-Brewington),1991,0,128.95,0,0.0394,0.644,1.0001,130,266,
C/1992 A1 (Helin-Alu),1992,1,67.60,0,0.6807,3.017,1.0043,439,53,
C/1992 F1 (Tanaka-Machholz),1992,0,86.54,0,-0.0063,1.262,0.9960,297,167,
C/1992 J1 (Spacewatch),1992,1,78.92,0,0.1714,3.007,1.0000,1007,240,
C/1992 U1 (Shoemaker),1992,0,103.71,0,0.0991,2.314,0.9994,619,212,
C/1993 A1 (Mueller),1993,1,118.76,0,-0.6396,1.937,1.0018,629,714,
C/1993 F1 (Mueller),1993,1,79.73,0,0.1466,5.901,1.0054,837,102,
C/1993 K1 (Shoemaker-Levy),1993,1,63.48,0,-0.1558,4.849,1.0001,1045,46,
C/1993 Q1 (Mueller),1993,1,105.69,0,0.1111,0.967,1.0003,566,495,
C/1994 E2 (Shoemaker-Levy),1994,0,84.49,0,0.0529,1.159,0.9973,183,114,
C/1994 J2 (Takamizawa),1994,0,22.95,1,0.0902,1.948,0.9962,1034,399,
C/1994 N1 (Nakamura-Nishimura-Machholz),1994,0,99.87,0,0.1026,1.140,1.0000,114,305,
C/1994 T1 (Machholz),1994,0,115.12,0,-0.2381,1.845,0.9995,170,344,
C/1995 O1 (Hale-Bopp),1995,0,94.21,0,0.2970,0.891,0.9950,10665,66,
C/1995 Q1 (Bradfield),1995,0,30.16,1,-0.0399,0.436,0.9980,173,156,
C/1995 Y1 (Hyakutake),1995,1,25.88,1,-0.3309,1.055,1.0003,270,259,
C/1996 B1 (Szczepanski),1996,0,64.34,0,-0.2407,1.449,0.9908,134,489,
C/1996 B2 (Hyakutake),1996,0,127.72,0,-0.9252,0.230,0.9999,306,977,
C/1996 E1 (NEAT),1996,1,95.24,0,0.2099,1.359,1.0009,211,237,
C/1996 N1 (Brewington),1996,0,50.89,1,0.2257,0.926,1.0006,122,303,
C/1996 P2 (Russell-Watson),1996,0,76.77,0,0.2022,2.006,1.0001,1007,157,
C/1996 Q1 (Tabur),1996,0,110.57,0,0.0462,0.840,0.9986,58,214,
C/1996 R1 (Hergenrother-Spahr),1996,0,135.24,0,0.0331,1.899,0.9856,87,321,
C/1997 A1 (NEAT),1997,1,105.57,0,-0.1874,3.157,1.0021,353,197,
C/1997 BA6 (Spacewatch),1997,1,89.87,0,-0.3776,3.436,0.9989,2804,520,
C/1997 D1 (Mueller),1997,0,118.70,0,-0.2067,2.248,1.0012,562,430,
C/1997 G2 (Montani),1997,0,80.59,0,-0.2710,3.085,0.9942,554,187,
C/1997 J1 (Mueller),1997,0,54.50,1,0.5290,2.302,0.9910,885,497,
C/1997 J2 (Meunier-Dupouy),1997,1,92.73,0,0.2065,3.051,1.0006,887,1420,
C/1997 L1 (Zhu-Balam),1997,0,30.09,1,0.1652,4.900,0.9980,453,213,
C/1997 P2 (Spacewatch),1997,1,112.47,0,0.9124,4.263,1.0279,49,94,
C/1997 T1 (Utsunomiya),1997,0,85.83,0,0.2884,1.359,0.9985,256,681,
C/1998 H1 (Stonehouse),1998,0,14.06,1,-0.4182,1.487,0.9979,91,407,
C/1998 J1 (SOHO),1998,0,80.62,0,0.0363,0.153,1.0002,94,318,
C/1998 K2 (LINEAR),1998,0,72.04,0,-0.0720,2.323,0.9993,646,201,
C/1998 K3 (LINEAR),1998,0,45.99,1,0.0605,3.546,0.9980,64,178,
C/1998 M1 (LINEAR),1998,0,59.58,1,-0.5750,3.118,0.9928,556,191,
C/1998 M2 (LINEAR),1998,0,64.20,0,-0.1729,2.725,0.9978,546,386,
C/1998 M3 (Larsen),1998,1,32.11,1,0.0843,5.768,1.0023,384,109,
C/1998 M4 (LINEAR),1998,0,119.18,0,0.3483,2.600,0.9974,71,116,
C/1998 M5 (LINEAR),1998,0,78.55,0,0.0503,1.742,0.9960,951,1238,
C/1998 M6 (Montani),1998,0,90.14,0,0.2561,5.979,0.9989,139,94,
C/1998 P1 (Williams),1998,1,43.84,1,-0.2549,1.146,0.9994,240,403,
C/1998 Q1 (LINEAR),1998,0,80.78,0,0.3876,1.578,0.9956,90,147,
C/1998 T1 (LINEAR),1998,0,75.53,0,0.1684,1.468,0.9991,585,376,
C/1998 U1 (LINEAR),1998,0,121.72,0,0.1650,3.975,1.0004,87,122,
C/1998 W3 (LINEAR),1998,0,93.12,0,-0.2322,4.915,1.0009,471,162,
C/1999 A1 (Tilbrook),1999,0,126.09,0,0.2100,0.731,0.9959,43,68,
C/1999 F1 (Catalina),1999,1,89.06,0,-0.1993,5.787,0.9992,2360,172,
C/1999 F2 (Dalcanton),1999,1,20.97,1,0.0746,4.718,0.9982,837,137,
C/1999 H1 (Lee),1999,0,83.73,0,-0.0458,0.708,0.9997,267,1019,
C/1999 H3 (LINEAR),1999,1,48.74,1,-0.8693,3.501,1.0030,1063,847,
C/1999 J2 (Skiff),1999,1,40.75,1,-0.3939,7.110,1.0011,1478,978,
C/1999 J3 (LINEAR),1999,0,144.31,0,0.3149,0.977,0.9994,292,187,
C/1999 K2 (Ferris),1999,0,85.94,0,0.3580,5.290,0.9658,100,101,
C/1999 K3 (LINEAR),1999,0,61.71,0,-0.2841,1.929,0.9917,59,56,
C/1999 K5 (LINEAR),1999,1,93.65,0,-0.4571,3.255,1.0018,1038,239,
C/1999 K6 (LINEAR),1999,0,72.51,0,0.2897,2.247,0.9935,240,320,
C/1999 K7 (LINEAR),1999,0,78.25,0,0.0717,2.323,0.9965,44,37,
C/1999 K8 (LINEAR),1999,0,142.55,0,0.3146,4.201,1.0007,1230,610,
C/1999 L2 (LINEAR),1999,0,59.88,1,-0.2068,1.905,0.9951,40,94,
C/1999 N2 (Lynn),1999,0,43.80,1,-0.2412,0.761,0.9974,87,203,
C/1999 N4 (LINEAR),1999,1,40.63,1,-0.2079,5.505,1.0042,1348,325,
C/1999 S2 (McNaught-Watson),1999,1,77.33,0,0.1063,6.468,1.0053,881,88,
C/1999 S4 (LINEAR),1999,1,72.12,0,-0.5582,0.765,1.0001,300,1230,
C/1999 T1 (McNaught-Hartley),1999,0,43.85,1,0.0898,1.172,0.9999,787,661,
C/1999 T2 (LINEAR),1999,0,56.62,1,-0.1244,3.037,1.0020,1029,1021,
C/1999 T3 (LINEAR),1999,0,163.06,0,0.3625,5.368,1.0031,868,227,
C/1999 U1 (Ferris),1999,1,114.89,0,0.2701,4.139,1.0034,402,208,
C/1999 U4 (Catalina-Skiff),1999,1,92.78,0,0.1417,4.915,1.0076,1667,847,
C/1999 Y1 (LINEAR),1999,1,150.34,0,0.1641,3.091,1.0009,1283,833,
C/2000 A1 (Montani),2000,1,87.72,0,0.2984,9.743,1.0040,806,135,
C/2000 B2 (LINEAR),2000,0,99.50,0,0.3189,3.776,0.9995,61,86,
C/2000 CT54 (LINEAR),2000,1,92.69,0,-0.6738,3.156,0.9984,1763,216,
C/2000 H1 (LINEAR),2000,1,71.54,0,-0.0170,3.638,1.0021,364,112,
C/2000 K1 (LINEAR),2000,1,37.79,1,-0.3031,6.276,1.0023,820,304,
C/2000 K2 (LINEAR),2000,0,84.36,0,-0.7391,2.437,0.9953,987,315,
C/2000 O1 (Koehn),2000,1,141.05,0,0.2523,5.922,1.0000,987,64,
C/2000 OF8 (Spacewatch),2000,1,40.53,1,-0.1721,2.173,1.0018,373,72,
C/2000 SV74 (LINEAR),2000,1,93.07,0,0.5224,3.542,1.0049,1359,2039,
C/2000 U5 (LINEAR),2000,0,124.90,0,0.5327,3.486,1.0054,362,288,
C/2000 W1 (Utsunomiya-Jones),2000,1,102.33,0,-0.4818,0.321,1.0000,58,440,
C/2000 WM1 (LINEAR),2000,0,89.32,0,0.2076,0.555,1.0002,981,2130,
C/2000 Y1 (Tubbiolo),2000,1,153.41,0,0.3640,7.975,1.0023,742,94,
C/2000 Y2 (Skiff),2000,0,63.61,0,0.2361,2.769,0.9943,201,159,
C/2001 A1 (LINEAR),2001,0,90.71,0,0.4001,2.406,0.9909,93,126,
C/2001 B1 (LINEAR),2001,1,112.89,0,0.1403,2.928,1.0012,351,167,
C/2001 B2 (NEAT),2001,1,40.54,1,-0.2071,5.307,1.0017,1123,553,
C/2001 C1 (LINEAR),2001,1,52.19,1,-0.1580,5.104,0.9999,795,229,
C/2001 G1 (LONEOS),2001,1,32.98,1,0.1160,8.236,1.0028,885,134,
C/2001 HT50 (LINEAR-NEAT),2001,0,137.26,0,0.2001,2.792,0.9977,1779,3866,
C/2001 K3 (Skiff),2001,1,77.62,0,-0.1719,3.060,0.9989,142,331,
C/2001 K5 (LINEAR),2001,1,47.12,1,-0.0981,5.184,0.9995,1305,3292,
C/2001 N2 (LINEAR),2001,0,39.39,1,-0.3323,2.669,1.0011,697,884,
C/2001 O2 (NEAT),2001,0,108.08,0,-0.0393,4.819,0.9978,398,73,
C/2001 Q1 (NEAT),2001,0,102.04,0,-0.4070,5.834,0.9659,560,77,
C/2001 Q4 (NEAT),2001,1,12.33,1,0.0802,0.962,1.0007,1811,2617,
C/2001 RX14 (LINEAR),2001,0,70.19,0,0.5773,2.058,1.0016,673,3261,
C/2001 U6 (LINEAR),2001,0,94.66,0,-0.0897,4.406,0.9962,620,110,
C/2001 W1 (LINEAR),2001,0,122.44,0,0.5109,2.399,0.9989,80,101,
C/2001 X1 (LINEAR),2001,0,74.58,0,-0.1784,1.698,0.9970,90,203,
C/2002 A3 (LINEAR),2002,1,102.85,0,0.2518,5.152,1.0095,527,287,
C/2002 B2 (LINEAR),2002,0,66.68,0,0.2860,3.842,0.9972,87,52,
C/2002 B3 (LINEAR),2002,0,100.12,0,0.2001,6.056,1.0054,44,50,
C/2002 C2 (LINEAR),2002,0,133.29,0,0.4431,3.254,0.9996,346,209,
C/2002 E2 (Snyder-Murakami),2002,1,29.93,1,-0.1924,1.466,1.0008,302,905,
C/2002 F1 (Utsunomiya),2002,0,95.13,0,0.2047,0.438,0.9995,53,161,
C/2002 H2 (LINEAR),2002,0,46.03,1,-0.1925,1.635,0.9941,97,369,
C/2002 J4 (NEAT),2002,1,86.82,0,-0.2737,3.634,0.9999,1611,228,
C/2002 J5 (LINEAR),2002,1,55.08,1,-0.4594,5.727,1.0011,1672,590,
C/2002 K1 (NEAT),2002,0,66.22,0,-0.0864,3.230,0.9996,115,72,
C/2002 K2 (LINEAR),2002,0,59.85,1,-0.3383,5.235,0.9931,685,136,
C/2002 L9 (NEAT),2002,1,107.10,0,-0.1560,7.033,0.9984,1680,333,
C/2002 O4 (Hoenig),2002,1,88.57,0,0.1826,0.776,1.0009,58,1195,
C/2002 O6 (SWAN),2002,0,110.00,0,0.0913,0.495,0.9986,30,215,
C/2002 O7 (LINEAR),2002,1,89.14,0,0.1526,0.903,1.0003,343,1606,
C/2002 P1 (NEAT),2002,0,88.16,0,0.1122,6.530,0.9842,521,102,
C/2002 Q5 (LINEAR),2002,1,41.05,1,-0.9541,1.243,1.0016,275,571,
C/2002 R3 (LONEOS),2002,1,145.21,0,-0.0309,3.869,1.0026,628,1261,
C/2002 T7 (LINEAR),2002,1,80.57,0,-0.1496,0.615,1.0005,1242,4397,
C/2002 U2 (LINEAR),2002,0,70.40,0,0.2314,1.209,1.0000,209,372,
C/2002 V2 (LINEAR),2002,0,149.53,0,-0.1629,6.812,0.9986,1727,317,
C/2002 VQ94 (LINEAR),2002,0,67.34,0,0.4841,6.797,0.9663,3479,1292,
C/2002 X1 (LINEAR),2002,0,139.00,0,0.0712,2.487,0.9982,695,1432,
C/2002 X5 (Kudo-Fujikawa),2002,0,86.39,0,0.0083,0.190,0.9998,129,514,
C/2002 Y1 (Juels-Holvorcem),2002,0,111.99,0,-0.0160,0.714,0.9972,372,760,
C/2003 A2 (Gleason),2003,1,73.61,0,-0.0621,11.427,1.0069,2616,165,
C/2003 G1 (LINEAR),2003,1,35.99,1,-0.2689,4.916,1.0014,555,1472,
C/2003 G2 (LINEAR),2003,0,25.95,1,0.0595,1.553,0.9964,53,112,
C/2003 H1 (LINEAR),2003,0,36.04,1,0.1662,2.240,0.9992,604,1890,
C/2003 H3 (NEAT),2003,0,60.05,0,-0.2773,2.901,0.9998,582,765,
C/2003 J1 (NEAT),2003,0,89.48,0,-0.2775,5.125,0.9911,423,80,
C/2003 K4 (LINEAR),2003,1,38.52,1,0.1909,1.024,1.0003,1269,3625,
C/2003 L2 (LINEAR),2003,0,98.87,0,0.0639,2.865,0.9815,292,492,
C/2003 O1 (LINEAR),2003,1,64.66,0,-0.4129,6.847,1.0014,1309,550,
C/2003 S3 (LINEAR),2003,1,137.16,0,-0.1240,8.130,1.0018,1035,122,
C/2003 T2 (LINEAR),2003,0,133.47,0,-0.0036,1.786,0.9997,128,442,
C/2003 T3 (Tabur),2003,1,132.44,0,-0.2085,1.481,0.9997,566,744,
C/2003 T4 (LINEAR),2003,0,61.39,0,-0.5490,0.850,1.0005,816,955,
C/2003 V1 (LINEAR),2003,0,162.91,0,-0.3595,1.783,0.9970,441,530,
C/2003 WT42 (LINEAR),2003,1,68.46,0,0.6223,5.191,1.0026,1592,2466,
C/2004 B1 (LINEAR),2004,1,82.09,0,-0.2931,1.602,1.0013,1670,1832,
C/2004 D1 (NEAT),2004,0,75.17,0,0.5474,4.975,1.0016,1699,507,
C/2004 F2 (LINEAR),2004,0,69.88,0,0.0201,1.430,0.9906,119,144,
C/2004 F4 (Bradfield),2004,0,37.26,1,-0.6671,0.168,0.9993,155,301,
C/2004 H6 (SWAN),2004,0,120.01,0,0.1366,0.776,1.0006,102,285,
C/2004 K1 (Catalina),2004,0,18.60,1,0.3070,3.399,0.9981,1017,1117,
C/2004 L1 (LINEAR),2004,0,43.16,1,0.1724,2.047,0.9976,600,410,
C/2004 L2 (LINEAR),2004,0,120.25,0,-1.0245,3.779,0.9952,1008,303,
C/2004 P1 (NEAT),2004,1,83.21,0,0.1569,6.014,0.9993,842,148,
C/2004 Q1 (Tucker),2004,0,139.48,0,-0.1403,2.047,0.9890,615,1972,
C/2004 Q2 (Machholz),2004,0,101.52,0,0.1328,1.205,0.9995,743,3612,
C/2004 RG113 (LINEAR),2004,0,74.79,0,0.3803,1.942,0.9972,332,414,
C/2004 T3 (Siding Spring),2004,1,97.29,0,-0.5747,8.864,0.9985,476,110,
C/2004 U1 (LINEAR),2004,0,109.80,0,0.2510,2.659,0.9992,345,545,
C/2004 X2 (LINEAR),2004,0,88.43,0,0.3623,3.793,0.9974,135,252,
C/2004 X3 (LINEAR),2004,1,58.21,1,0.5981,4.402,1.0064,471,241,
C/2004 YJ35 (LINEAR),2004,1,87.53,0,0.0905,1.781,0.9999,335,216,
C/2005 B1 (Christensen),2005,1,90.22,0,-0.4008,3.205,1.0002,1310,1486,
C/2005 E2 (McNaught),2005,1,155.09,0,0.4426,1.520,1.0001,1087,1317,
C/2005 EL173 (LONEOS),2005,1,123.43,0,-0.1327,3.886,1.0032,1355,314,
C/2005 G1 (LINEAR),2005,1,63.58,0,0.0028,4.961,0.9997,719,287,
C/2005 J2 (Catalina),2005,0,28.86,1,0.6259,4.287,1.0000,234,65,
C/2005 K1 (Skiff),2005,1,59.80,1,0.2916,3.693,1.0033,812,616,
C/2005 L2 (McNaught),2005,0,37.96,1,0.4530,3.194,1.0000,290,54,
C/2005 L3 (McNaught),2005,1,36.42,1,-0.2682,5.594,0.9996,3464,5219,
C/2005 N1 (Juels-Holvorcem),2005,0,106.32,0,-0.2677,1.125,0.9985,275,226,
C/2005 Q1 (LINEAR),2005,1,113.70,0,0.2721,6.408,1.0043,780,156,
C/2005 R4 (LINEAR),2005,0,152.66,0,-0.0657,5.188,0.9975,469,491,
C/2005 S4 (McNaught),2005,0,86.62,0,0.2041,5.850,0.9990,1457,580,
C/2005 X1 (Beshore),2005,0,77.44,0,0.1286,2.862,0.9957,99,102,
C/2005 YW (LINEAR),2005,0,62.19,0,0.1799,1.993,0.9895,597,226,
C/2006 A1 (Pojmanski),2006,0,21.87,1,0.1122,0.555,0.9998,247,600,
C/2006 A2 (Catalina),2006,0,117.92,0,0.0575,5.316,0.9986,307,89,
C/2006 B1 (McNaught),2006,0,50.38,1,0.2537,2.998,0.9978,409,184,
C/2006 CK10 (Catalina),2006,0,111.56,0,-0.2321,1.752,0.9919,302,321,
C/2006 E1 (McNaught),2006,1,88.51,0,0.2148,6.041,1.0011,1088,143,
C/2006 HW51 (Siding Spring),2006,1,19.14,1,0.4681,2.266,1.0021,471,182,
C/2006 K1 (McNaught),2006,1,145.27,0,-0.3559,4.426,1.0016,1018,415,
C/2006 K3 (McNaught),2006,1,155.48,0,-0.5087,2.501,1.0008,614,205,
C/2006 K4 (NEAT),2006,0,79.15,0,0.2563,3.189,0.9982,1282,470,
C/2006 L1 (Garradd),2006,0,97.32,0,-0.2247,1.462,0.9973,281,706,
C/2006 L2 (McNaught),2006,1,35.80,1,0.3027,1.994,1.0010,388,400,
C/2006 M1 (LINEAR),2006,0,119.53,0,-0.4828,3.556,0.9769,1021,629,
C/2006 M4 (SWAN),2006,0,85.45,0,-0.0617,0.783,1.0002,433,1265,
C/2006 O2 (Garradd),2006,0,81.73,0,0.0888,1.555,0.9964,112,84,
C/2006 OF2 (Broughton),2006,1,132.46,0,-0.4496,2.431,1.0008,1403,4756,
C/2006 P1 (McNaught),2006,1,120.58,0,-0.5366,0.171,1.0000,338,331,
C/2006 Q1 (McNaught),2006,1,34.65,1,-0.2365,2.764,0.9996,1519,2710,
C/2006 S2 (LINEAR),2006,1,79.47,0,0.3313,3.162,1.0020,302,175,
C/2006 S3 (LONEOS),2006,1,42.78,1,-0.1942,5.131,1.0035,5180,5568,
C/2006 U6 (Spacewatch),2006,0,100.22,0,0.0412,2.498,0.9987,1217,552,
C/2006 V1 (Catalina),2006,0,44.38,1,0.3670,2.675,0.9896,678,684,
C/2006 VZ13 (LINEAR),2006,1,36.73,1,0.2100,1.015,1.0002,274,1025,
C/2006 W3 (Christensen),2006,0,99.58,0,0.2877,3.126,0.9998,1791,5639,
C/2006 WD4 (Lemmon),2006,0,84.51,0,0.0740,0.591,0.9990,204,96,
C/2006 X1 (LINEAR),2006,1,117.25,0,-0.4924,6.126,1.0000,66,95,
C/2006 XA1 (LINEAR),2006,0,70.52,0,-0.5597,1.804,0.9928,549,486,
C/2006 YC (Catalina-Christensen),2006,1,76.26,0,0.3470,4.948,1.0002,120,143,
C/2007 B2 (Skiff),2007,0,25.05,1,-0.0519,2.975,0.9960,1264,1527,
C/2007 D1 (LINEAR),2007,1,63.14,0,0.3491,8.793,0.9999,2268,525,
C/2007 D3 (LINEAR),2007,0,110.57,0,-0.2102,5.209,0.9920,815,177,
C/2007 E2 (Lovejoy),2007,0,38.08,1,0.2049,1.093,0.9992,158,1648,
C/2007 F1 (LONEOS),2007,0,134.00,0,-0.9425,0.402,1.0001,217,197,
C/2007 G1 (LINEAR),2007,0,71.11,0,0.3329,2.646,1.0015,1398,2001,
C/2007 JA21 (LINEAR),2007,1,73.72,0,0.1622,5.369,1.0018,474,169,
C/2007 K1 (Lemmon),2007,0,59.68,1,0.2348,9.239,0.9787,1771,141,
C/2007 K3 (Siding Spring),2007,0,71.28,0,0.6143,2.051,1.0012,531,94,
C/2007 K4 (Gibbs),2007,0,36.12,1,0.6509,3.528,1.0030,73,95,
C/2007 K6 (McNaught),2007,0,95.11,0,0.4073,3.433,0.9846,104,44,
C/2007 M1 (McNaught),2007,0,64.48,0,-0.1182,7.475,0.9952,1421,232,
C/2007 M2 (Catalina),2007,0,59.56,1,-0.1153,3.541,0.9993,1099,432,
C/2007 M3 (LINEAR),2007,0,58.43,1,0.4426,3.469,0.9798,597,680,
C/2007 N3 (Lulin),2007,1,17.12,1,0.0242,1.212,1.0000,1270,3853,
C/2007 O1 (LINEAR),2007,1,62.69,0,0.6440,2.877,1.0048,590,164,
C/2007 Q1 (Garradd),2007,1,109.58,0,-0.1360,2.989,1.0010,81,45,
C/2007 Q3 (Siding Spring),2007,1,63.99,0,-0.2892,2.252,1.0002,1470,1341,
C/2007 T1 (McNaught),2007,0,71.30,0,0.2375,0.969,0.9998,184,321,
C/2007 U1 (LINEAR),2007,1,159.93,0,-0.0700,3.329,1.0014,761,871,
C/2007 VO53 (Spacewatch),2007,1,89.27,0,-0.3687,4.843,0.9996,1735,701,
C/2007 W1 (Boattini),2007,1,70.05,0,-0.5358,0.850,1.0001,597,1639,
C/2007 W3 (LINEAR),2007,1,52.65,1,0.0495,1.777,1.0002,284,206,
C/2007 Y1 (LINEAR),2007,1,80.84,0,-0.5194,3.341,1.0007,139,204,
C/2007 Y2 (McNaught),2007,0,111.15,0,0.0314,4.209,0.9965,380,81,
C/2008 A1 (McNaught),2008,1,66.49,0,0.1558,1.073,1.0002,636,906,
C/2008 C1 (Chen-Gao),2008,1,86.09,0,-0.3057,1.262,1.0000,119,754,
C/2008 E3 (Garradd),2008,1,75.22,0,-0.5178,5.531,0.9985,768,109,
C/2008 FK75 (Lemmon-Siding Spring),2008,1,71.33,0,0.1381,4.511,1.0027,2046,3622,
C/2008 G1 (Gibbs),2008,0,52.18,1,0.3955,3.990,0.9891,142,166,
C/2008 J1 (Boattini),2008,0,90.16,0,0.3137,1.724,0.9896,337,1557,
C/2008 J6 (Hill),2008,1,90.21,0,0.3845,2.004,1.0021,471,385,
C/2008 L3 (Hill),2008,0,63.73,0,0.0654,2.011,0.9938,51,82,
C/2008 N1 (Holmes),2008,0,53.69,1,-0.0626,2.784,0.9971,729,1522,
C/2008 P1 (Garradd),2008,1,141.11,0,0.3355,3.896,1.0017,905,1345,
C/2008 Q1 (Maticic),2008,0,53.00,1,0.2748,2.959,0.9950,600,1021,
C/2008 Q3 (Garradd),2008,0,32.34,1,0.0673,1.798,0.9998,431,701,
C/2008 S3 (Boattini),2008,1,150.26,0,-0.0545,8.018,1.0011,3124,1909,
C/2008 T2 (Cardinal),2008,1,73.49,0,-0.4916,1.202,1.0001,338,1309,
C/2009 F2 (McNaught),2009,0,35.43,1,0.1645,5.875,0.9830,1222,363,
C/2009 F4 (McNaught),2009,1,97.18,0,0.1885,5.455,1.0018,2164,1187,
C/2009 F6 (Yi-SWAN),2009,0,98.18,0,0.2621,1.274,0.9975,330,487,
C/2009 G1 (STEREO),2009,0,87.10,0,0.2019,1.129,0.9977,113,119,
C/2009 K2 (Catalina),2009,0,71.43,0,-0.0503,3.246,0.9978,424,665,
C/2009 K5 (McNaught),2009,1,50.79,1,0.0953,1.422,1.0008,913,2488,
C/2009 O2 (Catalina),2009,0,64.24,0,0.7810,0.696,0.9975,247,281,
C/2009 O4 (Hill),2009,1,129.78,0,0.2742,2.564,1.0013,137,764,
C/2009 P1 (Garradd),2009,0,61.62,0,0.2033,1.551,1.0010,1978,9048,
C/2009 P2 (Boattini),2009,1,123.39,0,-0.4571,6.544,1.0015,1060,507,
C/2009 R1 (McNaught),2009,1,77.65,0,0.2450,0.405,1.0004,315,751,
C/2009 S3 (Lemmon),2009,0,122.22,0,-0.0450,6.475,1.0014,1586,278,
C/2009 T1 (McNaught),2009,0,114.73,0,-1.1335,6.220,0.9983,725,141,
C/2009 T3 (LINEAR),2009,0,150.68,0,0.1179,2.281,0.9995,301,401,
C/2009 U3 (Hill),2009,0,82.53,0,-0.0798,1.414,0.9916,241,602,
C/2009 U5 (Grauer),2009,1,69.51,0,0.0077,6.094,0.9994,526,182,
C/2009 UG89 (Lemmon),2009,1,57.82,1,-0.2694,3.931,1.0080,918,966,
C/2009 W2 (Boattini),2009,0,129.78,0,-0.1888,6.907,0.9996,686,93,
C/2009 Y1 (Catalina),2009,0,111.25,0,-0.4090,2.520,0.9933,736,1677,
C/2010 A4 (Siding Spring),2010,0,109.11,0,0.0358,2.738,0.9906,655,140,
C/2010 B1 (Cardinal),2010,0,125.70,0,-0.0394,2.941,0.9990,988,2090,
C/2010 D3 (WISE),2010,1,68.83,0,-0.0572,4.248,0.9996,1203,87,
C/2010 E3 (WISE),2010,0,88.98,0,-0.1507,2.269,0.9922,70,33,
C/2010 FB87 (WISE-Garradd),2010,0,85.55,0,0.1945,2.843,0.9905,755,613,
C/2010 G1 (Boattini),2010,0,105.33,0,-0.0680,1.205,0.9975,69,282,
C/2010 G3 (WISE),2010,0,62.96,0,-0.4775,4.908,0.9981,1415,271,
C/2010 H1 (Garradd),2010,1,41.70,1,-0.1047,2.745,0.9997,133,46,
C/2010 J2 (McNaught),2010,0,93.95,0,0.4438,3.387,0.9995,413,543,
C/2010 L3 (Catalina),2010,1,46.82,1,-0.2092,9.883,0.9992,1028,123,
C/2010 M1 (Gibbs),2010,0,37.42,1,0.2268,7.977,1.0039,51,24,
C/2010 R1 (LINEAR),2010,1,14.92,1,-0.1879,5.621,1.0037,1303,1572,
C/2010 S1 (LINEAR),2010,1,91.59,0,0.0672,5.900,1.0012,1762,8511,
C/2010 U3 (Boattini),2010,1,76.13,0,-0.5417,8.446,1.0009,6370,4354,
C/2010 X1 (Elenin),2010,1,93.13,0,0.3374,0.482,1.0001,271,2235,
C/2011 A3 (Gibbs),2011,0,53.23,1,-0.1509,2.345,0.9980,995,1747,
C/2011 C1 (McNaught),2011,0,60.43,0,-0.0250,0.883,0.9974,308,613,
C/2011 C3 (Gibbs),2011,0,33.37,1,-0.3543,1.517,0.9953,92,80,
C/2011 F1 (LINEAR),2011,1,62.27,0,-0.5226,1.819,1.0000,1239,4591,
C/2011 G1 (McNaught),2011,0,57.71,1,-0.0346,2.155,1.0010,348,487,
C/2011 J2 (LINEAR),2011,1,99.48,0,0.2448,3.443,1.0005,2381,6434,
C/2011 K1 (Schwartz-Holvorcem),2011,0,42.81,1,-0.1235,3.377,1.0070,32,114,
C/2011 L2 (McNaught),2011,1,90.37,0,0.3152,1.943,1.0018,240,57,
C/2011 L3 (McNaught),2011,0,88.50,0,0.0402,1.924,1.0001,174,798,
C/2011 L4 (PANSTARRS),2011,1,149.99,0,-0.0677,0.302,1.0000,1194,5413,
C/2011 L6 (Boattini),2011,1,33.21,1,-0.1239,6.788,1.0037,332,56,
C/2011 M1 (LINEAR),2011,1,84.85,0,0.2036,0.896,1.0027,41,109,
C/2011 N2 (McNaught),2011,1,58.92,1,-0.2315,2.563,0.9997,71,46,
C/2011 O1 (LINEAR),2011,0,89.33,0,-0.1888,3.891,0.9968,1012,281,
C/2011 Q1 (PANSTARRS),2011,1,96.72,0,0.1263,6.780,0.9979,313,59,
C/2011 Q2 (McNaught),2011,1,96.76,0,0.1725,1.350,1.0001,244,106,
C/2011 R1 (McNaught),2011,1,66.15,0,-0.2037,2.080,1.0007,1246,1454,
C/2011 U3 (PANSTARRS),2011,1,90.20,0,-0.0495,1.071,1.0004,94,60,
C/2011 UF305 (LINEAR),2011,0,79.14,0,0.4090,2.138,1.0007,637,2274,
C/2012 A1 (PANSTARRS),2012,1,123.40,0,-0.1969,7.604,1.0012,1162,322,
C/2012 A2 (LINEAR),2012,0,102.68,0,0.1567,3.537,0.9964,1300,2643,
C/2012 B3 (La Sagra),2012,1,38.36,1,-0.4355,3.537,1.0012,205,295,
C/2012 C1 (McNaught),2012,0,108.37,0,0.1335,4.838,0.9962,903,219,
C/2012 CH17 (MOSS),2012,1,51.57,1,-0.4462,1.296,1.0000,494,627,
C/2012 E1 (Hill),2012,0,44.43,1,-0.0766,7.503,0.9980,730,98,
C/2012 E3 (PANSTARRS),2012,0,57.83,1,-0.1169,3.827,0.9827,96,74,
C/2012 F3 (PANSTARRS),2012,1,53.81,1,-0.0528,3.457,1.0016,2098,1763,
C/2012 F6 (Lemmon),2012,0,111.18,0,0.0270,0.731,0.9985,995,3201,
C/2012 J1 (Catalina),2012,1,148.65,0,0.0807,3.159,1.0013,677,4401,
C/2012 K1 (PANSTARRS),2012,1,97.90,0,-0.1557,1.055,1.0002,1546,7829,
C/2012 K5 (LINEAR),2012,0,97.89,0,0.2667,1.142,0.9985,343,4281,
C/2012 K6 (McNaught),2012,0,28.86,1,-0.1017,3.353,0.9992,1084,1091,
C/2012 K8 (Lemmon),2012,1,64.37,0,0.1703,6.463,1.0023,1470,962,
C/2012 KA51 (Palomar),2012,0,89.14,0,0.0029,4.895,0.9941,292,22,
C/2012 L1 (LINEAR),2012,0,106.42,0,0.4833,2.262,0.9971,316,1489,
C/2012 L2 (LINEAR),2012,0,117.63,0,0.0698,1.509,0.9973,338,2119,
C/2012 L3 (LINEAR),2012,0,78.02,0,-0.1641,3.045,0.9908,332,255,
C/2012 LP26 (Palomar),2012,1,84.75,0,0.1109,6.536,0.9993,2326,439,
C/2012 OP (Siding Spring),2012,0,60.29,0,-0.5134,3.607,0.9966,381,100,
C/2012 S3 (PANSTARRS),2012,1,86.74,0,-1.0189,2.308,1.0007,538,730,
C/2012 S4 (PANSTARRS),2012,1,139.65,0,0.0414,4.349,1.0000,460,924,
C/2012 T4 (McNaught),2012,0,105.35,0,-0.0151,1.956,0.9912,233,49,
C/2012 T5 (Bressi),2012,1,52.04,1,0.2789,0.323,1.0004,158,661,
C/2012 U1 (PANSTARRS),2012,0,102.36,0,0.0045,5.264,0.9996,996,172,
C/2012 V1 (PANSTARRS),2012,1,100.45,0,0.1533,2.089,0.9994,345,98,
C/2012 V2 (LINEAR),2012,0,118.10,0,-0.1897,1.455,0.9976,397,1054,
C/2012 X1 (LINEAR),2012,0,41.71,1,-0.4907,1.599,0.9896,1038,2560,
C/2013 A1 (Siding Spring),2013,0,85.16,0,-0.4176,1.400,1.0001,1291,449,
C/2013 B2 (Catalina),2013,1,76.56,0,0.3274,3.734,1.0027,438,136,
C/2013 E1 (McNaught),2013,1,43.94,1,-0.2213,7.782,1.0023,727,172,
C/2013 E2 (Iwamoto),2013,0,62.04,0,-0.2746,1.413,0.9939,689,1159,
C/2013 F1 (Boattini),2013,1,75.27,0,0.5651,1.860,1.0028,72,274,
C/2013 F2 (Catalina),2013,0,77.61,0,0.0393,6.218,0.9993,481,168,
C/2013 F3 (McNaught),2013,0,51.79,1,-0.3456,2.253,0.9970,151,301,
C/2013 G2 (McNaught),2013,1,95.04,0,-0.1906,2.154,1.0002,139,111,
C/2013 G3 (PANSTARRS),2013,1,62.41,0,0.0881,3.852,1.0005,1353,902,
C/2013 G5 (Catalina),2013,1,96.88,0,-0.1496,0.929,0.9997,52,114,
C/2013 G6 (Lemmon),2013,0,43.40,1,-0.5073,2.048,0.9947,298,230,
C/2013 G7 (McNaught),2013,0,49.91,1,0.0081,4.677,0.9979,1013,305,
C/2013 G8 (PANSTARRS),2013,1,97.75,0,-0.3246,5.141,0.9984,858,147,
C/2013 G9 (Tenagra),2013,1,32.96,1,0.2512,5.338,1.0013,1093,496,
C/2013 H1 (La Sagra),2013,0,11.77,1,-0.2632,2.647,0.9854,113,270,
C/2013 H2 (Boattini),2013,1,26.99,1,0.2646,7.499,1.0018,780,221,
C/2013 J3 (McNaught),2013,0,47.24,1,0.0229,3.989,0.9980,324,105,
C/2013 J5 (Boattini),2013,0,27.92,1,-0.0411,4.906,1.0025,415,74,
C/2013 L2 (Catalina),2013,1,71.35,0,-0.2011,4.872,1.0009,121,242,
C/2013 O3 (McNaught),2013,0,74.99,0,-0.6589,3.180,0.9961,361,103,
C/2013 P2 (PANSTARRS),2013,0,47.06,1,0.2328,2.835,0.9989,610,295,
C/2013 P3 (Palomar),2013,1,140.42,0,-0.0409,8.647,1.0012,1781,492,
C/2013 R1 (Lovejoy),2013,0,83.11,0,0.2910,0.812,0.9984,372,3894,
C/2013 S1 (Catalina),2013,1,152.51,0,0.1907,2.824,1.0004,59,109,
C/2013 TW5 (Spacewatch),2013,0,67.52,0,0.0110,5.831,0.9869,1222,421,
C/2013 U2 (Holvorcem),2013,0,84.31,0,0.1441,5.117,0.9943,1251,471,
C/2013 US10 (Catalina),2013,1,25.44,1,0.1502,0.823,1.0003,1555,4397,
C/2013 V1 (Boattini),2013,1,99.46,0,-0.1268,1.661,1.0014,302,2087,
C/2013 V2 (Borisov),2013,0,65.98,0,0.5462,3.508,1.0045,1273,1794,
C/2013 V4 (Catalina),2013,1,117.76,0,0.3138,5.185,1.0026,1748,2445,
C/2013 V5 (Oukaimeden),2013,1,109.47,0,0.4573,0.626,0.9987,523,1519,
C/2013 X1 (PANSTARRS),2013,1,110.17,0,0.1394,1.314,1.0010,1565,539,
C/2013 Y2 (PANSTARRS),2013,0,40.07,1,0.0965,1.919,0.9913,254,436,
C/2014 A4 (SONEAR),2014,1,169.47,0,-0.4399,4.180,1.0009,1344,2742,
C/2014 A5 (PANSTARRS),2014,0,81.63,0,1.1572,4.800,0.9604,854,42,
C/2014 AA52 (Catalina),2014,1,125.27,0,-0.2628,2.003,1.0004,624,399,
C/2014 B1 (Schwartz),2014,1,67.67,0,0.0727,9.557,1.0032,3008,1276,
C/2014 C2 (STEREO),2014,0,30.44,1,-0.1208,0.512,1.0000,58,297,
C/2014 E2 (Jacques),2014,0,143.00,0,-0.0246,0.664,0.9990,452,4812,
C/2014 F1 (Hill),2014,0,23.47,1,-0.4122,3.496,0.9991,111,190,
C/2014 F2 (Tenagra),2014,0,52.11,1,0.1538,4.314,0.9709,904,300,
C/2014 G1 (PANSTARRS),2014,0,45.84,1,-0.3343,5.469,0.9947,482,89,
C/2014 H1 (Christensen),2014,0,3.54,1,-0.1325,2.139,0.9849,39,105,
C/2014 L5 (Lemmon),2014,1,123.90,0,-0.1428,6.203,1.0026,702,75,
C/2014 M1 (PANSTARRS),2014,1,47.05,1,-0.3266,5.577,1.0024,987,86,
C/2014 M2 (Christensen),2014,0,64.15,0,0.0940,6.910,0.9927,511,57,
C/2014 N2 (PANSTARRS),2014,0,77.58,0,0.0333,2.184,0.9995,253,50,
C/2014 N3 (NEOWISE),2014,1,161.56,0,-0.4429,3.882,0.9993,917,1594,
C/2014 OE4 (PANSTARRS),2014,1,59.99,1,-0.5053,6.244,0.9997,2084,1798,
C/2014 Q1 (PANSTARRS),2014,0,71.86,0,-0.3567,0.315,0.9997,636,704,
C/2014 Q2 (Lovejoy),2014,0,112.58,0,-0.0429,1.290,0.9978,802,7892,
C/2014 QU2 (PANSTARRS),2014,0,142.32,0,-0.4884,2.223,0.9913,56,67,
C/2014 Q6 (PANSTARRS),2014,1,113.15,0,-0.0328,4.223,0.9993,375,40,
C/2014 R1 (Borisov),2014,0,53.66,1,0.2825,1.345,0.9925,335,523,
C/2014 R3 (PANSTARRS),2014,1,65.69,0,-0.2446,7.276,0.9995,2000,830,
C/2014 R4 (Gibbs),2014,0,113.33,0,0.3751,1.818,0.9994,122,129,
C/2014 S1 (PANSTARRS),2014,1,138.67,0,-0.0906,8.137,1.0008,607,45,
C/2014 S2 (PANSTARRS),2014,0,90.71,0,0.1243,2.101,0.9876,942,2941,
C/2014 U3 (Kowalski),2014,0,93.08,0,0.4042,2.556,0.9933,301,51,
C/2014 UN271 (Bernardinelli-Bernstein),2014,1,50.43,1,0.1904,10.937,0.9993,5769,2298,
C/2014 W2 (PANSTARRS),2014,0,76.49,0,0.4962,2.670,0.9983,1053,3410,
C/2014 W3 (PANSTARRS),2014,1,101.11,0,-0.6661,6.066,1.0070,442,47,
C/2014 W5 (Lemmon-PANSTARRS),2014,0,109.15,0,0.9994,2.399,0.9791,579,76,
C/2014 W6 (Catalina),2014,1,51.43,1,0.4119,3.088,1.0017,242,139,
C/2014 W8 (PANSTARRS),2014,0,127.96,0,0.1632,4.899,1.0011,36,32,
C/2014 W10 (PANSTARRS),2014,1,123.23,0,0.1671,7.657,1.0036,378,28,
C/2014 XB8 (PANSTARRS),2014,0,166.26,0,-0.0009,3.010,0.9967,304,58,
C/2014 Y1 (PANSTARRS),2014,0,17.98,1,0.1875,2.241,1.0021,559,305,
C/2015 A2 (PANSTARRS),2015,0,145.12,0,0.0766,5.267,1.0137,50,23,
C/2015 B2 (PANSTARRS),2015,1,123.79,0,-0.4139,3.370,1.0002,980,242,
C/2015 C2 (SWAN),2015,0,159.06,0,-0.5125,0.711,0.9985,145,151,
C/2015 D3 (PANSTARRS),2015,1,59.11,1,-0.2583,8.149,1.0022,2510,313,
C/2015 ER61 (PANSTARRS),2015,0,87.71,0,0.1187,1.042,0.9973,1421,2826,
C/2015 F3 (SWAN),2015,0,110.52,0,0.1680,0.834,0.9964,67,316,
C/2015 G2 (MASTER),2015,1,44.62,1,0.0708,0.780,1.0004,314,562,
C/2015 H2 (PANSTARRS),2015,1,79.08,0,0.4345,4.967,1.0035,1982,204,
C/2015 J1 (PANSTARRS),2015,1,58.10,1,0.4274,6.020,1.0032,390,54,
C/2015 J2 (PANSTARRS),2015,0,49.55,1,0.2821,4.320,0.9825,475,99,
C/2015 K1 (MASTER),2015,0,81.91,0,-0.4468,2.557,0.9858,258,584,
C/2015 K2 (PANSTARRS),2015,0,23.95,1,-0.1554,1.455,0.9944,32,54,
C/2015 K4 (PANSTARRS),2015,1,39.27,1,-0.2563,2.008,1.0001,51,134,
C/2015 K7 (COIAS),2015,1,40.30,1,-0.0877,9.941,1.0040,808,59,
C/2015 LC2 (PANSTARRS),2015,1,32.79,1,0.5134,5.892,1.0013,1167,437,
C/2015 M1 (PANSTARRS),2015,0,55.92,1,-0.3530,2.092,0.9946,62,66,
C/2015 M3 (PANSTARRS),2015,0,72.34,0,-0.0534,3.552,0.9733,488,150,
C/2015 O1 (PANSTARRS),2015,1,39.93,1,0.2689,3.730,1.0000,1740,3677,
C/2015 P3 (SWAN),2015,0,33.67,1,0.1780,0.715,0.9971,54,132,
C/2015 R3 (PANSTARRS),2015,1,105.18,0,-0.4324,4.903,0.9987,1303,41,
C/2015 T2 (PANSTARRS),2015,0,142.04,0,-0.1504,6.935,1.0004,1448,214,
C/2015 TQ209 (LINEAR),2015,0,71.85,0,0.0484,1.413,0.9989,646,406,
C/2015 V1 (PANSTARRS),2015,0,158.93,0,-0.2411,4.267,1.0006,1317,2145,
C/2015 V2 (Johnson),2015,1,25.59,1,0.1978,1.637,1.0017,1750,5890,
C/2015 V3 (PANSTARRS),2015,0,145.77,0,-0.3062,4.236,0.9948,418,99,
C/2015 VL62 (Lemmon-Yeung-PANSTARRS),2015,1,107.58,0,0.3636,2.720,1.0020,987,2115,
C/2015 WZ (PANSTARRS),2015,0,107.49,0,0.1911,1.377,0.9929,272,373,
C/2015 W1 (Gibbs),2015,1,84.82,0,-0.2373,2.232,1.0013,228,355,
C/2015 XY1 (Lemmon),2015,1,127.23,0,-0.1559,7.928,1.0040,1782,741,
C/2015 X5 (PANSTARRS),2015,1,101.24,0,-0.1201,6.802,1.0030,1531,227,
C/2015 X7 (ATLAS),2015,1,82.94,0,0.3139,3.685,1.0019,870,620,
C/2015 Y1 (LINEAR),2015,0,66.54,0,0.4206,2.514,0.9914,491,573,
C/2016 A1 (PANSTARRS),2016,1,89.25,0,0.0546,5.328,1.0020,1506,2143,
C/2016 A5 (PANSTARRS),2016,0,112.31,0,0.2693,2.947,0.9973,537,46,
C/2016 A6 (PANSTARRS),2016,0,67.43,0,0.3544,2.413,0.9906,38,42,
C/2016 B1 (NEOWISE),2016,0,24.06,1,0.2913,3.206,0.9924,638,522,
C/2016 C1 (PANSTARRS),2016,1,62.92,0,-0.1115,8.463,1.0051,1563,236,
C/2016 E1 (PANSTARRS),2016,1,25.50,1,0.2615,8.177,1.0032,1399,166,
C/2016 E2 (Kowalski),2016,0,38.35,1,0.2120,1.075,1.0002,64,108,
C/2016 J2 (Denneau),2016,0,43.33,1,0.3507,1.519,1.0006,345,85,
C/2016 KA (Catalina),2016,1,72.29,0,-0.0221,5.400,0.9990,322,79,
C/2016 K1 (LINEAR),2016,1,105.56,0,-0.4409,2.292,1.0003,305,310,
C/2016 M1 (PANSTARRS),2016,0,70.17,0,0.2090,2.210,0.9991,2078,3553,
C/2016 N4 (MASTER),2016,1,113.34,0,-0.4820,3.199,0.9994,1658,2084,
C/2016 N6 (PANSTARRS),2016,0,86.52,0,-0.7398,2.669,0.9987,1342,3071,
C/2016 P4 (PANSTARRS),2016,0,103.41,0,-0.1427,5.892,0.9817,296,45,
C/2016 Q2 (PANSTARRS),2016,1,60.81,0,0.1878,7.082,0.9999,2786,662,
C/2016 R2 (PANSTARRS),2016,0,104.64,0,-0.1849,2.602,0.9963,1762,4319,
C/2016 T3 (PANSTARRS),2016,0,109.48,0,-0.2900,2.649,0.9814,555,436,
C/2016 U1 (NEOWISE),2016,1,15.03,1,-0.3517,0.319,1.0003,83,366,
C/2016 VZ18 (PANSTARRS),2016,0,78.52,0,-0.4574,0.910,0.9953,290,351,
C/2016 X1 (Lemmon),2016,1,99.82,0,0.2195,7.564,0.9963,1213,289,
C/2017 AB5 (PANSTARRS),2017,1,87.40,0,-0.8173,9.216,0.9999,842,85,
C/2017 B3 (LINEAR),2017,1,95.56,0,-0.0043,3.921,1.0021,2129,1591,
C/2017 D2 (Barros),2017,0,97.51,0,-0.3148,2.486,0.9982,594,433,
C/2017 D3 (ATLAS),2017,0,32.58,1,0.5117,4.971,1.0024,788,523,
C/2017 E1 (Borisov),2017,1,81.54,0,0.2226,0.901,1.0026,116,183,
C/2017 E3 (PANSTARRS),2017,1,37.75,1,0.7412,5.927,1.0127,2380,632,
C/2017 E4 (Lovejoy),2017,1,74.71,0,0.1581,0.494,0.9990,46,642,
C/2017 E5 (Lemmon),2017,0,61.00,0,0.2281,1.783,0.9956,645,112,
C/2017 F1 (Lemmon),2017,1,104.76,0,-0.1875,4.500,1.0041,407,89,
C/2017 F2 (PANSTARRS),2017,1,33.39,1,0.0845,6.928,1.0052,705,73,
C/2017 G3 (PANSTARRS),2017,0,9.49,1,0.3410,2.590,0.9911,343,155,
C/2017 K1 (PANSTARRS),2017,1,13.69,1,-0.1842,7.286,1.0021,1364,138,
C/2017 K2 (PANSTARRS),2017,1,84.07,0,-0.1181,1.797,1.0006,4727,3121,
C/2017 K5 (PANSTARRS),2017,1,66.15,0,-0.2872,7.680,1.0042,1139,116,
C/2017 K6 (Jacques),2017,0,147.04,0,-0.4839,2.003,0.9982,626,475,
C/2017 M3 (PANSTARRS),2017,0,65.31,0,0.1709,4.656,0.9732,356,65,
C/2017 M4 (ATLAS),2017,1,34.34,1,0.4716,3.252,1.0011,1628,3296,
C/2017 M5 (TOTAS),2017,0,91.67,0,0.4583,5.990,1.0037,1366,461,
C/2017 O1 (ASASSN),2017,0,152.60,0,-0.2479,1.499,0.9964,601,2877,
C/2017 P2 (PANSTARRS),2017,0,87.72,0,-0.1808,2.462,0.9980,307,50,
C/2017 S3 (PANSTARRS),2017,1,106.75,0,0.1443,0.208,1.0001,351,986,
C/2017 S6 (Catalina),2017,1,128.39,0,-0.0257,1.543,1.0014,337,247,
C/2017 S7 (Lemmon),2017,1,135.77,0,-0.1844,7.614,1.0025,1056,157,
C/2017 T1 (Heinze),2017,1,80.92,0,0.0773,0.581,1.0003,262,1005,
C/2017 T2 (PANSTARRS),2017,1,60.07,0,-0.3021,1.615,0.9997,1434,6929,
C/2017 T3 (ATLAS),2017,0,124.46,0,-0.1953,0.825,0.9994,535,542,
C/2017 U2 (Fuls),2017,0,106.47,0,0.4386,6.701,1.0000,416,59,
C/2017 U4 (PANSTARRS),2017,1,124.88,0,-0.1165,7.724,1.0030,1150,85,
C/2017 U7 (PANSTARRS),2017,1,94.62,0,-0.7397,6.418,1.0016,1811,915,
C/2017 Y1 (PANSTARRS),2017,0,102.87,0,-0.2029,3.719,0.9990,480,92,
C/2017 Y2 (PANSTARRS),2017,0,51.39,1,0.3990,4.632,1.0010,1680,961,
