desig,yr,in_code,cat_theta,our_theta,cat_drot,our_drot,our_ddirf,our_d_in,our_d_out,our_daa,our_denc,n_obs,n_in,n_out
C/1902 R1,1902.0,True,40.87592150728317,40.8762112841055,0.15071565727328015,0.1507553640678962,0.18856146388834716,0.08132151487841227,0.06944461036465772,839.9256878085667,2.305838769326782,329,287,42
C/1902 X1,1902.0,True,89.9831680520808,89.98385461217963,0.07587736072734924,0.0758691274392757,,0.06517927519417313,0.09076075090118685,-513.9556668716738,3.8583026327987002,97,87,10
C/1903 M1,1903.0,True,88.83361003852946,88.75975877131474,0.19832155068687526,0.19853901297751067,,0.27929453875907867,0.09584587758749015,-1034.0367477830214,2.909747551069788,137,137,0
C/1906 E1,1906.0,True,71.76285756818247,71.7606571960101,0.015466715479246966,0.015486933592928036,,0.06172160812636783,0.04756398832809568,-546.9519868764896,2.817283830796543,138,0,138
C/1907 E1,1907.0,True,86.2388602773084,86.23360637667588,0.2239669989902527,0.22392136135669827,0.5161768529666323,0.09793335955729726,0.12962474439986707,-314.81659439368286,3.5240182141122043,42,27,15
C/1912 R1,1912.0,True,83.7049140227459,83.70335811143269,0.12267946038618986,0.12268713844958211,,0.0981741685528475,0.027996929475182553,-407.55301147917135,3.6237929257201054,44,11,33
C/1913 Y1,1913.0,True,61.14451124812311,61.14463883478916,0.14942042667887964,0.14942540623577388,0.1587515902091478,0.11125258238804377,0.0810692765234814,34.26559188061196,3.710224047743401,173,149,24
C/1914 F1,1914.0,True,54.58186083806127,54.58278538661918,0.30040637778631557,0.3003580052294179,0.3149684896214978,0.030678139763518672,0.3298135791915143,1434.0886856822722,3.45930776878847,79,55,24
C/1916 G1,1916.0,True,88.49026986582827,88.48981246516092,0.03438877185025719,0.03438754935906549,0.03223047943874751,0.09896586780014109,0.09196907423919913,746.0719501595021,3.4410122660087707,74,31,43
C/1919 Q2,1919.0,True,92.97973700277319,93.02193975084131,0.08262451619030861,0.08269466307350819,,0.053393846077177995,0.029301099013494328,-60.71237406535647,3.8731272439210493,35,35,0
C/1922 U1,1922.0,True,111.9964832295302,111.99174305348991,0.05037451701629469,0.05037773131383608,,0.06644432551335197,0.09126324074856089,-544.5613259364941,3.3206215683698,112,12,100
C/1932 M1,1932.0,True,66.88221904226337,66.88222244465604,0.12464075042147171,0.12464789790299509,0.08053976792620236,0.102542253467199,0.05340704408083135,-269.9863870292329,3.558848728746072,85,72,13
C/1932 M2,1932.0,True,42.38981197405987,42.39577495752949,0.21200022277444838,0.21200357237501122,,0.09448259363781875,0.12985449561712975,-285.6016825397677,2.853429095895216,53,0,53
C/1937 C1,1937.0,True,35.80641528668602,35.80804768959475,0.47225493389959294,0.47223703019794605,0.4992808424396855,0.04300384377425738,0.5077969836733696,1338.5062206607763,1.8230605208905708,61,44,17
C/1937 N1,1937.0,True,80.31842449227696,80.32128824089861,0.22095541825617582,0.22102523981429606,,0.10714189036151649,0.12067951849275899,157.0606291399033,3.825521160342946,31,27,4
C/1947 S1,1947.0,True,67.32157839554105,67.32220228197038,0.15377490389513268,0.15377902308274963,,0.05481264806381846,0.10439703002660532,-389.64301065470005,2.9725520014799947,46,38,8
C/1950 K1,1950.0,True,20.888863263526567,20.88861311555434,0.10064874431213996,0.10065039684357306,0.1012278137821251,0.0800548597560994,0.04673067232783335,233.26230039167584,3.025535954002159,59,42,17
