desig,cls,q,i,T,aa_osc,aa_orig,cat_kick,aa_out,kick_e,denc,dom,t_years,aa_out_merc,theta,d_of
C/1890 F1,1a,1.9027,120.564,1890 06 02.038,-173.84,54.37,-228.21,54.357733472371166,-228.19773347237117,4.285109896298011,VB,-310.0,53.252656835986,59.0540698817944,0.2171027307370628
C/1898 L1,1b,1.6934,69.95,1898 09 14.547,-586.86,91.5,-678.36,30.527820888896173,-617.3878208888962,3.746205154384475,MaB,-309.0,27.5633153678282,84.99079512136034,0.1485972690298803
C/1902 R1,1b,0.3975,156.487,1902 11 24.357,82.9,31.04,51.86000000000001,29.363637301550263,53.53636269844974,2.3231471643512194,NB,-307.0,-1136.9318307738963,40.87592891569073,0.15123669191447472
C/1902 X1,1b,2.7765,43.893,1903 03 23.974,-169.59,74.03,-243.62,73.15824998552486,-242.74824998552486,3.9888508949800023,MaB,-312.0,72.52731148614556,89.9830163249937,0.07626250758212988
C/1912 R1,1b,0.7138,79.847,1912 10 05.453,-637.75,36.77,-674.52,36.58392585678748,-674.3339258567875,4.942000323833509,MeB,-308.0,26.37864629657859,83.70497101177986,0.12229071678467134
C/1913 Y1,1b,1.1007,67.987,1914 10 26.767,-87.08,52.57,-139.65,80.08361514662278,-167.16361514662276,3.5495416061178133,MaB,-309.0,53.80373953667647,61.14240259461215,0.1540025296642529
C/1914 M1,1b,3.7423,71.079,1914 07 30.491,-868.34,36.59,-904.9300000000001,35.63369359213857,-903.9736935921386,4.310021965143072,JuB,-313.0,34.95207389007814,60.329403075235376,0.24488980265301113
C/1916 G1,1b,1.6921,25.606,1917 06 17.074,402.53,69.59,332.93999999999994,68.44462597758839,334.0853740224116,2.921989850824479,MaB,-310.0,65.77192573701736,88.4924507980817,0.03164871703728313
C/1922 U1,1b,2.2566,51.423,1922 10 26.532,-353.37,2.35,-355.72,0.6578237019293428,-354.0278237019293,4.528873268678173,VB,-310.0,-0.2647537488435721,111.99622609873275,0.05040404923748309
C/1925 F1,1b,4.1782,146.742,1925 09 06.942,-582.23,34.85,-617.08,34.82310403306074,-617.0531040330608,3.3341251268410264,JuB,-314.0,35.17988192439676,62.90459428238504,0.11702616118301468
C/1925 G1,1b,1.1054,100.09,1925 04 01.507,-544.52,40.03,-584.55,39.51536262746241,-584.0353626274624,4.727806208731509,MeB,-308.0,21.722648406442566,88.66705985802855,0.19587881681520605
C/1925 W1,1b,1.5653,49.271,1925 10 02.973,-239.13,28.59,-267.71999999999997,21.173923848003856,-260.3039238480039,3.323786500205496,MaB,-309.0,14.805720398858796,102.1658243709238,0.06418305521477434
C/1932 M1,1b,1.6445,78.369,1932 09 24.551,-284.33,24.21,-308.53999999999996,21.571746107585458,-305.90174610758544,3.4088538246308837,MaB,-309.0,16.482234366846892,66.882374676358,0.12483890933454213
C/1932 M2,1a,2.3125,125.023,1932 09 21.074,-607.36,56.58,-663.94,57.131712626535716,-664.4917126265357,3.8570547517179516,EMB,-311.0,57.72680086316028,42.38977954777537,0.21202382273464052
C/1935 Q1,1a,4.0342,66.129,1936 05 11.636,-510.99,13.16,-524.15,14.021222566570339,-525.0112225665704,4.75522535878403,EMB,-313.0,13.901437488598518,95.28520285394622,0.19215227970036733
C/1937 C1,1b,1.7354,41.523,1937 06 20.062,-85.79,44.83,-130.62,48.71522871368131,-134.50522871368133,3.63797041410358,MaB,-309.0,51.29977118442518,35.80665597872519,0.474958472739007
C/1941 K1,1b,0.8786,94.468,1941 09 03.184,-301.9,53.89,-355.78999999999996,53.87259515639546,-355.7725951563954,4.864212836699897,EMB,-308.0,79.34847572898377,70.51140844339899,0.20716089345474206
C/1942 C1,1b,1.4409,79.489,1942 04 30.834,-572.28,37.02,-609.3,61.37568700851407,-633.6556870085141,4.6822805815255,EMB,-309.0,51.59893140879868,68.21436022312781,0.13216591174484943
C/1944 K2,1b,2.2256,95.125,1944 07 17.612,-922.4,20.79,-943.1899999999999,33.510202315123045,-955.910202315123,4.119904483518765,MaB,-310.0,33.85133596670614,36.72036150256955,0.17866994613040604
C/1946 P1,1a,1.1295,57.042,1946 10 26.779,-676.64,50.86,-727.5,50.72810703467796,-727.3681070346779,3.354639052373554,MaB,-308.0,65.6051898465491,45.20045853187486,0.24444631049638593
C/1946 U1,1b,2.4109,108.115,1947 02 07.363,-370.14,17.08,-387.21999999999997,20.367768181622345,-390.50776818162234,4.250544582344492,EMB,-310.0,21.33306258323547,174.50853041718474,0.03507639550955297
C/1947 S1,1b,0.7492,140.602,1948 02 16.422,-313.92,52.99,-366.91,193.81969098761684,-507.7396909876169,4.711652775846639,MeB,-309.0,128.12756873545322,67.31940572912822,0.15977916009136578
C/1947 Y1,1b,1.4914,77.587,1948 02 16.692,-721.74,28.89,-750.63,29.29923826478341,-751.0392382647834,4.155396559554614,EMB,-309.0,34.14781970286811,46.97442572142732,0.2485563329027556
C/1948 E1,1a,2.095,92.926,1948 05 16.612,-369.1,37.25,-406.35,36.04649701232201,-405.146497012322,2.794261810338936,JuB,-310.0,36.78398108555463,56.83809362313789,0.3363620937289636
C/1948 T1,1b,3.2605,155.124,1947 09 04.430,-698.18,34.19,-732.3699999999999,35.09488036728739,-733.2748803672873,4.377493306623256,MeB,-312.0,35.938335351191846,139.9665439185552,0.038632279929212504
C/1950 K1,1a,2.5713,144.145,1951 01 15.044,-470.63,45.1,-515.73,37.984104068901146,-508.61410406890116,3.611134705218815,JuB,-311.0,39.08644865311091,20.888953764693543,0.10080821479172526
C/1954 O2,1a,3.8671,100.343,1955 08 13.304,-127.12,47.14,-174.26,50.56508619102729,-177.6850861910273,4.95400413595345,MeB,-313.0,49.70985266251125,106.88034583696285,0.1528234423595396
C/1954 Y1,1a,4.071,79.681,1956 01 26.665,-1145.32,38.2,-1183.52,40.489105863614945,-1185.8091058636148,3.648495032603147,JuB,-314.0,40.68288019879943,97.45275691715825,0.23081453476210181
C/1955 G1,1b,4.4969,123.952,1954 03 24.115,-621.0,80.9,-701.9,85.89712050812635,-706.8971205081264,5.197112603117753,JuB,-315.0,86.12946817001142,53.323502483150655,0.041376664137543415
C/1958 R1,1b,1.6287,61.167,1959 03 11.521,93.25,44.15,49.1,87.46202492046922,5.787975079530781,3.9952888225361227,MaB,-310.0,79.70397946230926,100.3062612486421,0.09793829130043023
C/1959 X1,1b,1.2586,19.621,1959 11 13.216,204.72,72.2,132.51999999999998,74.78413922693132,129.93586077306867,3.340117081964171,MaB,-309.0,82.46227871368757,28.665860380595607,0.6015848462071861
C/1960 M1,1b,4.2588,125.469,1959 12 11.211,-204.21,42.71,-246.92000000000002,45.61327494444498,-249.823274944445,4.620556465004483,VB,-314.0,44.23564258414854,59.684210186405636,0.20805477845266657
C/1973 A1,1b,2.509,138.589,1972 10 05.460,-183.32,66.04,-249.36,65.23022483983473,-248.55022483983473,3.934225485291391,JuB,-311.0,65.74157495506736,35.31892592262207,0.12082813819815859
C/1977 D1,1b,5.7118,64.552,1976 10 31.960,-714.76,41.63,-756.39,42.78566068264964,-757.5456606826497,5.92363486650228,MaB,-316.0,42.82662021504841,67.84928890129315,0.2658822145989286
C/1978 R3,1b,1.7638,130.653,1978 08 13.669,-179.39,70.48,-249.87,55.110839932003515,-234.5008399320035,4.654832087152941,MeB,-310.0,53.31760122279657,135.71742713277138,0.2642531692895503
C/1986 P1-A,1a,1.1937,147.182,1987 04 20.781,-261.07,42.0,-303.07,66.41044328271462,-327.48044328271465,2.70438231674841,JuB,-309.0,82.15051177323316,46.57189765947699,0.15862964132073584
C/1990 M1,1b,2.6799,132.766,1991 02 27.664,-457.94,29.17,-487.11,30.57346244379312,-488.5134624437931,3.5985225227091284,MaB,-311.0,30.682645394405977,6.406486404929673,0.14365125649986119
C/1992 A1,1b,3.0079,39.309,1992 07 08.691,-1429.98,42.93,-1472.91,40.48356979843515,-1470.4635697984352,3.651036672773799,JuB,-312.0,40.21340304495502,67.594209372152,0.5153999570898707
C/2003 A2,1a,11.4227,8.066,2003 11 05.811,-606.67,41.4,-648.0699999999999,42.1475752089119,-648.8175752089119,6.3313966504926595,JuB,-326.0,42.14455001146092,73.61034296516097,0.02685734558305918
C/2003 WT42,1a+,5.1822,31.434,2006 04 10.767,-493.46,46.77,-540.23,49.12787614502401,-542.587876145024,5.0685827670481025,SaB,-316.0,49.146561737326785,68.4623011085555,0.2758049822657498
C/2004 YJ35,1b,1.7829,52.399,2005 03 03.152,63.4,19.06,44.34,17.41767788885392,45.982322111146075,4.2196502248281496,MeB,-309.0,17.49439394742437,87.53746056906654,0.13697178100850027
C/2008 FK75,1a+,4.5055,61.19,2010 09 29.255,-556.37,27.92,-584.29,48.26587579186305,-604.6358757918631,5.642768757850364,MaB,-314.0,48.426227433720605,71.32048449994934,0.10787903939384405
C/2008 S3,1a+,8.0157,162.706,2011 06 03.771,-449.54,20.98,-470.52000000000004,-302.0641228511646,-147.47587714883542,6.384716452131439,JuB,-316.0,-302.71398035350927,150.2645387267258,0.033527338249898106
C/2009 F4,1a+,5.4516,79.343,2011 12 31.894,-279.54,42.66,-322.20000000000005,49.42735853248172,-328.96735853248174,5.513199090975505,MaB,-316.0,49.48510130942833,97.1887891467403,0.09923951414836613
C/2010 S1,1a+,5.9005,125.32,2013 05 20.292,-319.09,23.79,-342.88,25.382256376935082,-344.47225637693504,6.173437629305363,JuB,-317.0,25.462316520255225,91.59253635068222,0.1161189872202768
C/2010 U3,1a+,8.4482,55.48,2019 02 26.612,182.18,61.2,120.98,57.625638057235456,124.55436194276456,8.439012847285348,EMB,-321.0,57.60991382927794,76.13640709447654,0.009894022945979455
C/2011 F1,1a,1.8219,56.6,2013 01 08.009,23.65,25.17,-1.5200000000000031,105.44269040438257,-81.79269040438257,4.039501730152041,MaB,-310.0,103.93348760991053,62.272014210947354,0.07442031140082286
C/2011 L2,1b,1.9381,104.342,2011 11 01.273,-895.73,6.42,-902.15,9.465742696558271,-905.1957426965583,3.948568672606033,JuB,-309.0,12.84324301762687,90.37455043861482,0.2384994350071396
C/2011 L4,1a+,0.3014,84.087,2013 03 10.152,-291.07,30.84,-321.90999999999997,-152.33909593293052,-138.73090406706947,3.8318613035369085,PlB,-305.0,-722.8638717516698,149.99828607135487,0.11020944164737942
C/2011 R1,1a+,2.0833,116.135,2012 10 19.623,-333.78,45.44,-379.21999999999997,52.00530482904624,-385.7853048290462,2.5694850289750772,JuB,-310.0,54.393577703885185,66.14664001682877,0.1009310559343148
C/2012 A1,1a+,7.5994,120.933,2013 12 02.218,-215.81,82.69,-298.5,91.150262026858,-306.960262026858,4.749540767991667,JuB,-320.0,90.96744037526781,123.39940331118505,0.05488235970841657
C/2012 B3,1b,3.5359,106.92,2011 12 06.856,-402.48,50.55,-453.03000000000003,59.123808066173034,-461.60380806617303,3.5329427498039827,MaB,-313.0,59.52942234650947,38.35984223568562,0.038261034526992456
C/2012 CH17,1b,1.2965,27.725,2012 09 28.218,-153.13,92.48,-245.61,-72.47996240439105,-80.65003759560895,3.941325715631874,MaB,-307.0,-84.01079158245791,51.58139647746718,0.076801223793476
C/2012 F3,1a+,3.4509,11.354,2015 04 06.674,-503.17,38.29,-541.46,46.676885078127896,-549.8468850781279,3.1747592484392206,MaB,-312.0,46.577195081763755,53.808060044920715,0.09410771339459525
C/2012 K1,1a+,1.0512,142.417,2014 08 27.656,-132.62,40.31,-172.93,99.63131948207051,-232.25131948207053,4.244965046779026,VB,-309.0,63.58770874033439,97.89311822545409,0.20392615474219075
C/2012 K8,1a+,6.4594,106.102,2014 08 19.354,-291.0,38.81,-329.81,34.281818543737806,-325.2818185437378,6.329418303118345,EMB,-318.0,34.3128527640019,64.36647912828865,0.06821279493839555
C/2012 LP26,1a+,6.5436,25.375,2015 08 16.608,120.49,40.06,80.42999999999999,42.770074921537216,77.71992507846278,4.78083781797089,SaB,-318.0,42.76430301365335,84.75016857184762,0.07834714330795725
C/2012 S3,1a,2.3105,112.894,2013 08 31.125,-329.87,40.31,-370.18,32.27851981534377,-362.1485198153438,4.274659620969155,VB,-310.0,33.3557435132526,86.73090397617665,0.009311796328281047
C/2013 B2,1a,3.7329,43.477,2013 07 01.538,-699.92,67.1,-767.02,49.049170805897454,-748.9691708058974,3.8764687217718685,JuB,-313.0,48.95281843190588,76.55486177517058,0.20958265274056298
C/2013 E1,1a,7.7795,158.699,2013 06 12.112,-298.55,39.7,-338.25,30.424162208029642,-328.97416220802967,3.248831159475642,NB,-320.0,30.47343601317302,43.93907717234663,0.04898775181404818
C/2013 G3,1a+,3.8446,64.635,2014 11 15.193,-134.14,23.68,-157.82,18.489842156730656,-152.62984215673063,3.293713654030228,SaB,-313.0,18.219883429576754,62.410742786980016,0.13930012387756993
C/2013 G8,1a+,5.1447,27.588,2013 11 14.976,321.27,41.66,279.61,35.448261767002805,285.8217382329972,4.5624169331101765,MaB,-315.0,35.40842919231211,97.74924610872351,0.032797926227665836
C/2013 G9,1a+,5.3312,146.231,2015 01 14.759,-168.39,73.18,-241.57,73.52983508158663,-241.9198350815866,3.963720035557601,SaB,-316.0,73.673860122264,32.962391846265355,0.16664061506774808
C/2013 P3,1a+,8.6482,93.875,2014 11 23.830,-140.96,38.64,-179.60000000000002,37.985939591184746,-178.94593959118475,8.362567708099679,VB,-321.0,38.00504084592422,140.41654112119852,0.028316643727132027
C/2013 US10,1a+,0.82,148.836,2015 11 15.721,-346.24,55.15,-401.39,77.58401008858593,-423.82401008858596,3.2125208236523437,UB,-308.0,20.071306275610088,25.433753689176267,0.20976384763320013
C/2013 V1,1a,1.6553,65.342,2014 04 21.231,-790.49,35.05,-825.54,54.41288239693105,-844.9028823969311,3.810944756515264,MaB,-309.0,57.830067807681736,99.45081757374095,0.2360977504168883
C/2013 V4,1a+,5.1824,67.871,2015 10 07.602,-489.22,79.56,-568.78,88.74348635884925,-577.9634863588493,5.188308853242796,EMB,-316.0,88.76862715304433,117.76536335216142,0.12373559001801165
C/2013 V5,1b,0.6055,154.917,2014 09 28.223,2355.19,8.94,2346.25,283.06329455098603,2072.126705449014,0.5737219845328434,JuB,-310.0,489.7847528493392,109.47505265726919,0.5366845688357949
C/2014 AA52,1a,1.9991,105.209,2015 02 27.648,-228.07,29.66,-257.73,19.464734441429187,-247.53473444142918,3.3275138543279152,MaB,-310.0,20.26921811779255,125.2742724915365,0.076263870612113
C/2014 B1,1a+,9.5569,28.38,2017 09 10.534,-392.0,61.01,-453.01,59.45832343694829,-451.45832343694826,7.250348644280684,JuB,-323.0,59.431778354966234,67.66311001755666,0.036040997207090225
C/2014 M1,1a,5.5744,160.18,2015 08 26.517,-391.16,72.44,-463.6,76.42459330954249,-467.5845933095425,4.922287854006411,MaB,-317.0,76.44693914375391,47.04669642525742,0.07253978492813297
C/2014 N3,1a+,3.8861,61.609,2015 03 13.236,140.84,36.02,104.82,36.16841115626244,104.67158884373757,5.072955683442525,MeB,-313.0,36.12209426335426,161.55994161307808,0.033593143309316856
C/2014 OE4,1a+,6.236,81.288,2016 12 10.748,85.07,39.24,45.82999999999999,40.70921716672743,44.360782833272566,2.525053519428917,SaB,-317.0,40.64523646002495,59.98848722957193,0.0728820166355601
C/2014 Q6,1b,4.2279,49.773,2015 01 06.354,134.29,30.02,104.27,31.905496064432263,102.38450393556772,4.804725850114707,MeB,-314.0,31.856862803903404,113.14978841776136,0.0764981426097584
C/2014 UN271,1a+,10.9491,95.466,2031 01 22.887,-69.35,46.52,-115.87,46.090792634922174,-115.44079263492216,9.077142233063928,JuB,-325.0,46.065769232239425,50.429963760151324,0.03475375596512383
C/2014 W10,1b,7.6561,83.327,2016 02 17.551,-464.08,15.04,-479.12,-37.10749426435193,-426.97250573564804,6.878881880273057,MaB,-319.0,-37.077395150144916,123.23018435493685,0.05659657373668971
C/2014 W3,1b,6.0608,90.211,2014 02 25.260,-816.77,13.42,-830.1899999999999,-6.303738413692018,-810.466261586308,5.878309317139166,JuB,-316.0,-4.565493261271128,101.10904302628612,0.03246649905061684
C/2014 W6,1b,3.0797,53.529,2015 03 19.018,-473.69,65.38,-539.0699999999999,84.72723195663353,-558.4172319566335,3.139908364867376,JuB,-312.0,85.56686154075324,51.437364779018836,0.2892926072117325
C/2015 D3,1a+,8.1447,128.548,2016 04 30.791,-301.87,27.91,-329.78000000000003,31.69095372123038,-333.56095372123036,4.572607782579765,JuB,-320.0,31.462670407502824,59.10904884858967,0.04126476705259604
C/2015 H2,1a+,4.9596,33.743,2016 09 13.249,-646.36,34.56,-680.9200000000001,48.577530483280846,-694.9375304832809,5.530845499517301,MeB,-315.0,48.596380219594685,79.08243666097901,0.2047521972546181
C/2015 K7,1a,9.9414,159.876,2013 02 20.049,-442.93,78.57,-521.5,78.14391036654511,-521.0739103665451,6.605468370288421,UB,-324.0,78.2215018899606,40.3000996478495,0.04459609338946295
C/2015 O1,1a+,3.721,127.177,2018 02 19.031,12.31,40.82,-28.509999999999998,79.90879687408098,-67.59879687408097,4.518153015026145,MeB,-313.0,78.93126574491507,39.9271127611764,0.17997513724614175
C/2015 R3,1a,4.9033,83.532,2014 02 11.810,277.06,46.36,230.7,46.37844192700243,230.68155807299757,4.2746377606891,SaB,-315.0,46.208149282566715,105.17804494226048,0.03133789171795537
C/2015 V2,1a+,1.6308,49.94,2017 06 12.339,-1055.12,27.43,-1082.55,54.665641765533856,-1109.7856417655337,4.1196773834772795,VB,-309.0,57.15198979628543,25.591652684303995,0.2595406150839236
C/2015 VL62,1a,2.7226,165.631,2017 08 28.596,-672.89,19.1,-691.99,17.881465081328205,-690.7714650813282,4.347881041808713,EMB,-311.0,18.5306421393856,107.57758183038138,0.39846402871685954
C/2015 X5,1a+,6.8046,124.312,2017 12 31.028,-488.27,59.24,-547.51,58.78146445780533,-547.0514644578053,4.799609522062577,JuB,-319.0,58.84116386677943,101.24369850956455,0.043843429660523424
C/2015 X7,1a+,3.6838,57.582,2016 07 30.233,-477.73,30.94,-508.67,24.289921435849752,-502.01992143584977,4.233913101742396,MaB,-313.0,24.160118408256363,82.93405261545539,0.18796721577172185
C/2015 XY1,1a+,7.9355,148.842,2018 04 29.913,-522.01,30.07,-552.08,29.40203244867107,-551.4120324486711,5.538084815524682,JuB,-320.0,29.459307677189397,127.23843383189019,0.03200497909750625
C/2016 A1,1a+,5.328,121.194,2017 11 23.373,-371.05,39.11,-410.16,39.202597432412766,-410.25259743241276,4.804129982817279,JuB,-316.0,39.26462071559512,89.24785465523676,0.07803889851083767
C/2016 C1,1a+,8.4553,56.199,2016 02 16.395,-582.0,60.96,-642.96,60.32818350099261,-642.3281835009926,5.982370111412296,JuB,-321.0,60.36590345216108,62.91976698886722,0.048728865821653804
C/2016 E1,1a+,8.1599,132.068,2017 06 01.586,-378.01,42.76,-420.77,47.38296401845599,-425.392964018456,2.06206003371566,SaB,-321.0,47.15641683623096,25.497018976515683,0.2586415374431971
C/2017 AB5,1a,9.2197,32.416,2018 02 17.870,13.88,66.82,-52.93999999999999,63.776631508569935,-49.89663150856993,8.798923885899347,MaB,-323.0,63.77076134864535,87.4071357935318,0.004136748561028018
C/2017 E3,1a+,5.9093,70.679,2017 05 31.581,-844.41,37.41,-881.8199999999999,13.080817422162752,-857.4908174221628,5.809822572554394,JuB,-316.0,14.342282682233648,37.75349087044191,0.5263144671499665
C/2017 F1,1a,4.5089,146.595,2017 11 30.986,-966.96,31.62,-998.58,35.127699937044376,-1002.0876999370444,2.14137764447844,JuB,-314.0,35.38248781652331,104.76118052757455,0.11628094521192538
C/2017 F2,1a,6.9245,42.522,2017 11 26.391,-769.87,16.1,-785.97,16.805104905155154,-786.6751049051552,5.700476688493238,JuB,-318.0,16.818834224503874,33.385980803820686,0.07702706332986438
C/2017 K1,1a+,7.2757,154.033,2018 03 14.234,-336.85,51.55,-388.40000000000003,57.895050869901496,-394.74505086990155,3.8410222013972537,SaB,-319.0,53.82752900894418,13.687152547309502,0.04865320206584105
C/2017 K5,1a,7.6691,82.297,2020 03 24.163,-815.65,33.4,-849.05,43.8649420427911,-859.5149420427911,5.064964127218942,JuB,-320.0,43.234824503186005,66.14942525468733,0.05182502523191078
C/2017 M4,1a+,3.2447,105.658,2019 01 18.180,-692.91,40.15,-733.06,29.687019857930842,-722.5970198579308,4.5346435566443235,VB,-312.0,26.6615544034174,34.342399811543046,0.41486970351925684
C/2017 S6,1b,1.5473,152.896,2018 02 26.932,-886.43,74.34,-960.77,73.17432407863451,-959.6043240786345,3.9958599599264146,VB,-309.0,78.84524266022885,128.39118515921504,0.15073190039201245
C/2017 T2,1a+,1.6193,57.141,2020 05 04.948,301.75,27.05,274.7,91.90036051446734,209.84963948553266,3.7385058534018123,MaB,-310.0,86.14456692532042,60.065523884458734,0.08800466726477785
C/2018 C2,1a,1.9516,34.479,2018 06 02.222,-939.32,38.47,-977.7900000000001,30.704671108190215,-970.0246711081903,3.226820367861611,MaB,-310.0,32.087232522243816,19.373741177892295,0.4236154842296411
C/2018 S3,1a+,8.0047,78.419,2016 06 29.249,-304.81,85.43,-390.24,-168.72173390629962,-136.08826609370038,3.8289972488622817,SaB,-318.0,-168.73176618874282,94.8460123820467,0.002354217937559926
C/2018 U1,1a+,4.9883,108.296,2021 11 02.490,-99.19,70.7,-169.89,241.3336429548254,-340.5236429548254,4.462458821787823,JuB,-318.0,241.29591979445155,43.03565777586616,0.14434842433250053
C/2019 F1,1a+,3.5872,54.227,2021 06 23.018,-733.04,41.11,-774.15,335.89987110221807,-1068.9398711022181,4.199834280790419,EMB,-316.0,336.28247489589313,84.58643566872902,0.21076885646549068
C/2019 G4,1a,5.8489,138.344,2018 09 15.168,60.88,93.03,-32.15,94.1162858519824,-33.236285851982394,5.085245959876827,JuB,-317.0,94.04171748767888,54.56169911941094,0.10381097060132459
C/2019 K7,1a,4.4629,103.523,2020 06 16.720,-321.24,25.24,-346.48,2.3298872711827894,-323.5698872711828,4.793344671399851,EMB,-314.0,2.2557004752803786,81.58326088173315,0.2698197115788186
C/2019 N1,1a,1.7094,82.338,2020 12 01.800,38.64,41.93,-3.289999999999999,26.438540557889365,12.201459442110636,4.49157737492529,MeB,-309.0,27.913291326979586,32.120790058958235,0.0759455409841967
C/2019 NJ3,1a,4.3507,99.435,2020 10 22.289,-175.98,38.37,-214.35,39.51858683571043,-215.49858683571043,4.603026809025214,JuB,-314.0,39.607171118571834,100.71002488103902,0.1504710580806191
C/2019 O3,1a+,8.8111,89.838,2021 03 06.172,-89.55,39.1,-128.65,210.19606740915276,-299.7460674091528,4.911361832967664,SaB,-324.0,210.21369987844784,77.11822170749937,0.05847552156912581
C/2019 Q1,1a+,4.9926,155.704,2020 07 19.721,-162.1,34.54,-196.64,34.36660508200501,-196.466605082005,5.492466888782346,VB,-315.0,34.58895218081499,124.62384641830019,0.1513206683649515
C/2020 F2,1a+,8.8267,163.616,2022 07 15.615,-594.74,60.84,-655.58,54.92514235992243,-649.6651423599225,3.222883747980742,SaB,-322.0,54.98665529517827,10.562539558268618,0.07150776142333687
C/2020 H6,1a+,4.7058,79.935,2021 10 01.079,-151.04,10.5,-161.54,18.060836915904837,-169.10083691590484,5.38854391998923,MeB,-314.0,18.148701020326964,7.669910170047671,0.045828375022824185
C/2020 K6,1a,5.864,103.684,2021 09 15.457,-517.45,73.22,-590.6700000000001,71.45116880370762,-588.9011688037076,1.8437419505670447,JuB,-317.0,71.61286739139622,62.61436145560655,0.030571373898910553
C/2020 K8,1b,0.4726,31.347,2020 09 14.518,-440.41,32.86,-473.27000000000004,87.34802442131821,-527.7580244213183,3.79030549775141,JuB,-308.0,-177.66151357740316,134.13966958846717,0.07435347850125687
C/2020 N1,1b,1.32,29.775,2021 03 12.224,-497.73,13.9,-511.63,-87.07904968189315,-410.6509503181069,4.9425817580900056,MeB,-307.0,-99.93314659053786,108.314950920193,0.07158615309029227
C/2020 O2,1a+,4.8571,71.761,2021 08 28.507,-502.46,34.95,-537.41,43.070187553506415,-545.5301875535064,5.128485169974419,JuB,-315.0,42.93195405281916,45.09694154966411,0.19626728523456963
C/2020 R7,1a+,2.9531,114.816,2022 09 16.237,-33.38,17.99,-51.370000000000005,34.22635201542232,-67.60635201542232,4.24541807917691,EMB,-311.0,33.96904981478982,63.65994859999919,0.13074542444885423
C/2020 S4,1a+,3.3694,20.581,2023 02 09.218,-341.62,30.83,-372.45,58.42028481069019,-400.0402848106902,4.379849190549806,EMB,-313.0,58.13301736348983,75.20302202298097,0.03355891838004622
C/2020 U4,1a+,5.3531,167.024,2022 04 07.995,-252.47,23.74,-276.21,24.370980619733512,-276.8409806197335,4.559652475955271,MaB,-316.0,24.632150962171067,149.81409286048353,0.09261663574522096
C/2021 A6,1a+,7.9369,75.543,2021 05 04.799,101.11,37.42,63.69,38.06658784797499,63.043412152025006,7.857166682591604,VB,-320.0,38.086866200314944,55.793354390825854,0.05258576020858852
C/2021 A9,1a+,7.7612,158.006,2023 12 01.884,-170.16,26.68,-196.84,23.41298010956783,-193.57298010956782,7.351745993677424,MaB,-320.0,23.443983149429602,110.68916055731516,0.03688745570121574
C/2021 C5,1a,3.2497,50.715,2023 02 11.066,409.17,25.03,384.14,35.34444181636562,373.82555818363437,3.825967451627007,EMB,-312.0,34.90908331117315,66.30147198051381,0.007691482595863812
C/2021 D2,1a+,2.9455,83.845,2022 02 03.976,-482.43,6.13,-488.56,28.370189640981824,-510.80018964098184,4.245941267935952,VB,-311.0,29.04143963886494,83.44217157693464,0.049234056611358046
C/2021 E3,1a+,1.7714,112.589,2022 06 11.909,-512.84,31.85,-544.69,8.422841308492728,-521.2628413084927,4.014134679998592,JuB,-309.0,12.43525413806133,71.0300574218861,0.1852138014912775
C/2021 G3,1a,5.1892,102.827,2021 10 18.746,-231.67,25.16,-256.83,16.913269681550517,-248.58326968155052,5.439226728930541,VB,-315.0,17.058217648051876,67.38171048389809,0.056328982403116276
C/2021 K3,1a,5.2202,134.858,2022 02 02.774,-575.27,29.79,-605.06,24.196417272164684,-599.4664172721647,2.8705415618298815,JuB,-315.0,24.461922874069888,79.56335486685155,0.19829621127435146
C/2021 Q6,1a+,8.7016,161.842,2024 03 25.046,-129.08,35.51,-164.59,30.805333476925334,-159.88533347692535,4.5729742317641415,JuB,-321.0,31.009503965450847,131.02737057563874,0.08298246076469291
C/2021 Y1,1a,2.0254,77.182,2023 04 30.701,-421.67,24.97,-446.64,25.223725124608837,-446.89372512460886,4.5602060313990895,MeB,-310.0,22.801042642505966,116.08862179194386,0.1496838391747198
C/2022 K1,1b,3.983,41.991,2021 12 17.157,-513.95,37.27,-551.22,39.655003051507165,-553.6050030515072,4.529541317921824,VB,-313.0,40.028969222238715,69.15694903110875,0.23753636422021335
C/2022 T1,1a,3.4517,22.52,2024 02 17.464,8.21,21.29,-13.079999999999998,9.442572960166714,-1.2325729601667135,3.56472913992197,MaB,-312.0,9.058941358799684,27.99682039718107,0.08395943395694128
C/2025 D1,1a+,14.1088,84.505,2028 05 19.807,-215.34,28.73,-244.07,53.08277365943719,-268.4227736594372,9.211217989218731,JuB,-331.0,53.07299208059851,82.17305564703652,0.014237070929502516
