desig,yr,q,i,e,cc,arc,nobs,ng,theta,drot,d_in,d_out,daa,denc,aa_back,aa_fwd,t_back,t_fwd,aph_lb,dtau,dtau_in,dtau_out,dtau_unexplained
C/2018 A3 (ATLAS),2018,3.277,139.56,0.9934,,1018.0,1589.0,False,92.661210248976,0.1456404328712041,0.24223230014259564,0.09805746604690928,-680.2200282517188,2.492242658815642,3538.581567884114,2858.3615396323953,-357.0,344.0,0.2503;-0.7224;-0.6445,9.905329695236208,16.474757376405933,6.669106312894718,
C/2018 B1 (Lemmon),2018,5.117,162.42,1.003,,1018.0,316.0,False,137.04647149309898,0.09402382803225755,0.05273418814402996,0.04918959611538045,-14.240698816270367,2.6854978807417234,215.846978281845,201.60627946557463,-309.0,308.0,-0.3934;-0.8757;-0.2800,5.104023797091,2.862641915781829,2.6702259884171258,
C/2018 C2 (Lemmon),2018,1.957,34.45,1.0018,,272.0,1672.0,False,19.372920814779945,0.42367435427984274,0.1347170808019858,0.2895654804014821,347.7872383568217,3.445842486745284,81.11598205347602,428.9032204102977,-301.0,305.0,0.5763;0.7097;-0.4052,37.180610644366716,11.822436920824103,25.411548454842915,18.655580704498703
C/2018 E2 (Barros),2018,3.922,97.74,0.9976,,1686.0,62.0,False,104.89299681978721,0.07596184391016399,0.08914030329188857,0.048468188410761046,90.88102151165333,1.7833054966427917,632.0753743882294,722.9563958998828,-312.0,312.0,0.0711;-0.1715;0.9826,4.71165565721735,5.52907081597449,3.0063174136572335,
C/2018 EF9 (Lemmon),2018,1.557,84.69,0.9976,,186.0,191.0,False,60.89960091324128,0.24716640237470322,0.17205040680460207,0.13613288954907085,45.46203279985366,3.7061125227440006,2406.884117086181,2452.3461498860347,-332.0,333.0,0.3052;0.0475;-0.9511,24.339682684745696,16.942643770236067,13.405670442048066,12.666048554658847
C/2018 F1 (Grauer),2018,2.993,46.07,0.9907,,594.0,221.0,False,38.73133477792548,0.6162156034404985,0.31199549904133894,0.32612223715487276,8.614044904637922,3.016804374970756,4631.504731788947,4640.118776693585,-383.0,383.0,0.3409;0.6432;-0.6856,43.8785380350382,22.216098221161,23.22201337839634,30.231379107973464
C/2018 F4 (PANSTARRS),2018,3.44,78.1,1.0015,,1330.0,530.0,False,94.76382955231165,0.42375490436027746,0.31480384686932594,0.1918896656865966,-674.2758403255192,2.5446463893778635,1393.4996675010061,719.2238271754869,-320.0,312.0,0.0121;0.2313;0.9728,28.081423711750002,20.86144636690859,12.71615963049723,
C/2018 KJ3 (Lemmon),2018,3.627,136.67,0.9958,,614.0,465.0,False,46.747706791297325,0.35852976456230123,0.1424355987989534,0.21880350319125977,386.2078204112422,2.625751726866471,1344.8063563624746,1731.0141767737168,-319.0,327.0,0.4246;0.8017;0.4206,23.13897856504093,9.192582020439318,14.121253158658332,
C/2018 L2 (ATLAS),2018,1.712,67.42,0.993,,996.0,731.0,True,60.4976770351991,0.29207459720955514,0.2510232995647231,0.04744234400518461,-445.8171713347383,3.4742485107458827,4880.867621283171,4435.050449948432,-387.0,374.0,-0.0346;0.6373;-0.7699,27.46082443993178,23.601185537999786,4.460524442016088,10.401449800505528
C/2018 N1 (NEOWISE),2018,1.307,159.44,0.9969,,295.0,263.0,False,84.02123987415142,0.22320517540666224,0.11651936702000351,0.11013948508321204,-472.3653261879185,3.521675623537307,2934.445295296302,2462.0799691083835,-341.0,333.0,-0.4604;0.8871;0.0326,23.990859071275747,12.523901868127211,11.83817023955686,12.696071401974747
C/2018 N2 (ASASSN),2018,3.125,77.53,1.0002,,1421.0,4653.0,False,143.0023410327675,0.030593419510677785,0.13644777457869522,0.10620488357186808,-599.906621921401,3.4596369005432956,360.8458727629217,-239.06074915847924,-307.0,299.0,-0.7841;-0.4705;-0.4048,2.125142206665694,9.478212288808882,7.377419204604388,
C/2018 R3 (Lemmon),2018,1.291,69.72,0.9993,,573.0,272.0,False,87.90868041251548,0.11586077032627554,0.08116963146835458,0.10056091039032176,71.05178634931576,2.935563840572715,661.9310308682192,732.982817217535,-307.0,308.0,0.1329;-0.4865;-0.8635,12.520700034267255,8.771740466123982,10.867293481860306,-10.57618718263222
C/2018 R4 (Fuls),2018,1.709,11.68,0.9944,,125.0,114.0,False,71.77589872305008,0.594081802474753,0.6024057529588057,0.008412478652862803,-2011.0330560160305,1.8994363393785603,5503.841064393864,3492.8080083778336,-407.0,352.0,-0.2500;0.9668;0.0536,55.91925753418625,56.70276769874704,0.7918430733455617,10.831320149585153
C/2018 S3 (TESS),2018,8.0,78.42,1.0013,,1750.0,35.0,False,94.84227750064932,0.0020227647318478022,0.06421652566469743,0.06403389846420281,-39.06114996100664,3.7048018183246016,91.49717371920522,52.43602375819858,-313.0,311.0,0.0138;0.2267;0.9739,0.08780967829840283,2.787685770508327,2.7797577918010252,
C/2018 U1 (Lemmon),2018,4.994,108.3,1.0008,,1686.0,2459.0,False,43.0383572156267,0.1470666973881859,0.0905626442103054,0.12451640163778319,196.6620577817405,4.351971999464526,84.03456503025522,280.6966228119957,-305.0,310.0,0.2545;0.9671;0.0070,8.079754390482057,4.975456273696536,6.840854936480843,
C/2018 V1 (Machholz-Fujikawa-Iwamoto),2018,0.387,143.99,1.0004,,37.0,750.0,False,130.73799557611065,0.05637238394029016,0.11008688878640308,0.1660739022393499,-557.9384674816754,2.909547042873017,12.889821585924949,-545.0486458957505,-298.0,292.0,-0.6178;-0.5239;-0.5864,11.124332955733385,21.72416916442431,32.77245442955335,-12.949131561915186
C/2018 V4 (Africano),2018,3.199,69.0,0.9848,,125.0,159.0,False,134.1140703780066,0.09785829455143708,0.05179997476729298,0.047970622928098804,-10.570615933198496,3.7122427562101104,4853.488992901342,4842.918376968143,-390.0,390.0,-0.2008;-0.9796;0.0005,6.742879004385487,3.569252498085238,3.3053928402476984,
C/2018 W2 (Africano),2018,1.455,116.62,1.0008,,566.0,1995.0,False,141.03599556953534,0.06515190831101188,0.10452121613392493,0.10403979459675497,-821.3170092549099,3.9219870977408546,524.8618148969733,-296.4551943579366,-305.0,296.0,-0.9215;-0.1986;-0.3337,6.631947713451506,10.639431112862644,10.59042621729766,-4.003509380838864
C/2018 X2 (Fitzsimmons),2018,2.126,23.07,0.9863,,392.0,390.0,False,68.88329825534235,0.07083210033347472,0.11347102033872705,0.09596576558053452,851.6968429512126,2.002229111735008,6170.501145443946,7022.197988395159,-436.0,491.0,0.8044;-0.5815;-0.1217,5.9832895702902835,9.585060577429259,8.106366486376462,-33.36465686001873
C/2018 Y1 (Iwamoto),2018,1.287,160.4,0.9911,,348.0,2771.0,False,65.63097548196765,0.10709959965054756,0.09141214833198073,0.041391303791502236,819.8720952307849,3.5351457381933904,7015.650839167745,7835.52293439853,-486.0,607.0,0.8592;-0.5115;0.0123,11.615653248560777,9.91424637622222,4.489158072641506,-0.14648210404497597
C/2019 B1 (Africano),2019,1.597,123.36,0.9897,,105.0,161.0,False,99.45936270640796,0.07444992211485947,0.07316249858041414,0.03476591330223744,437.36133576463,4.065900185319563,6762.722208933607,7200.083544698237,-468.0,504.0,0.3934;-0.9162;-0.0758,7.251871305529297,7.126468490827847,3.3864095747212977,-0.1848445460496304
C/2019 B3 (PANSTARRS),2019,6.823,66.54,1.0021,,1728.0,293.0,False,84.13463187052723,0.022269163406734526,0.055905745998943705,0.050389306056309445,-103.79243772230325,3.1571388848361353,409.2641049501562,305.47166722785295,-314.0,312.0,0.1161;0.3921;0.9125,1.0473265881215954,2.6292668989872956,2.3698267880961237,
C/2019 C1 (ATLAS),2019,6.581,36.02,0.9921,,907.0,739.0,False,50.552378971368825,0.01002082302420638,0.08658059619935932,0.08571898385883421,384.74671852991355,6.020119377688244,1007.8917167512245,1392.638435281138,-321.0,327.0,0.9221;-0.0422;0.3845,0.4803317828367098,4.15009945101761,4.108799470902322,
C/2019 D1 (Flewelling),2019,1.578,34.1,0.9885,,281.0,797.0,False,80.92796492200969,2.4247360760416847,2.407441873655948,0.019104262845796402,3257.0886278360795,0.9641800352878708,4434.078817080281,7691.16744491636,-6325.0,572.0,-0.4406;0.7228;-0.5324,237.37474567613603,235.68169259149371,1.8702528407768098,168.21025975084044
C/2019 E3 (ATLAS),2019,10.313,84.3,1.0009,,5247.0,972.0,False,105.92350490999424,0.023266856606348543,0.04640864716144972,0.029414483905164872,28.234542898281468,8.265090590138337,38.53180994265821,66.76635284093967,-314.0,317.0,-0.1596;0.1367;0.9777,0.8895100766641579,1.7742387806351616,1.1245386635674997,
C/2019 F1 (ATLAS-Africano),2019,3.596,54.18,1.0035,,1818.0,1964.0,True,84.58667716920644,0.20927744054786088,0.17940836719232928,0.14492691292352183,118.08633341298935,2.677857234082567,60.170983269047674,178.25731668203701,-303.0,306.0,-0.0958;0.6325;0.7686,13.548729942391173,11.614990656091852,9.382643439468943,
C/2019 G2 (PANSTARRS),2019,2.291,159.21,0.9967,,564.0,120.0,False,83.68442403843791,0.29939697437809915,0.3656909300794765,0.06652589638210729,-275.4575635081519,2.0025159866464968,2728.612179292184,2453.154615784032,-339.0,335.0,0.5517;-0.7589;-0.3461,24.320761291286885,29.70598428833761,5.404064115741013,-2.260941673250123
C/2019 H1 (NEOWISE),2019,1.845,104.58,0.9922,,283.0,165.0,False,48.35446729439027,0.27023190746042947,0.15995215157638204,0.11116063308248961,-71.30338874033532,4.16997471773789,4749.503484265081,4678.200095524746,-383.0,381.0,0.0978;0.9417;-0.3218,24.476790080327216,14.487982836020503,10.068594440701991,19.58686175921086
C/2019 J2 (Palomar),2019,1.727,105.14,0.9977,,96.0,312.0,False,66.5070677258405,0.18821457668831734,0.10420840200574619,0.13332353950297202,215.6912976927954,3.7890377787002025,1374.8753933064995,1590.566690999295,-317.0,320.0,0.0272;0.2973;-0.9544,17.592499876791763,9.74040550792552,12.461810310067573,7.520002867814457
C/2019 J3 (ATLAS),2019,2.374,131.41,1.0007,,284.0,270.0,True,44.09797922652548,0.3045936500171504,0.15871411087922993,0.1459715385826704,112.3778362277392,4.0789626731229776,107.6680728913701,220.0459091191093,-302.0,304.0,0.1819;0.9595;-0.2151,24.27005498502185,12.646357524921727,11.631027985810512,22.76177755755496
C/2019 JU6 (ATLAS),2019,2.046,148.29,0.9994,,40.0,76.0,False,67.82349321684791,0.26015176545624447,0.13154953205011613,0.13728809874735015,-76.45968948999018,3.703604806746396,535.1873868221239,458.72769733213374,-307.0,306.0,-0.2315;0.8195;-0.5242,22.333428648919767,11.293223717654126,11.785866424325661,17.471826577085725
C/2019 K1 (ATLAS),2019,2.013,87.16,1.0006,,468.0,274.0,False,101.80975987175826,0.4914362588909,0.4956554569507152,0.0052936248504669315,102.27302517651543,2.816177880063003,449.78092435940283,552.0539495359183,-305.0,308.0,-0.0285;0.0781;0.9965,42.531054765609724,42.89620271817216,0.45813357144610706,22.387639896202526
C/2019 K4 (Ye),2019,2.259,105.31,0.9991,,222.0,609.0,False,124.88278583169425,0.07128668539678265,0.1123972029172721,0.10631049856622882,-618.868377182137,4.068511976545494,1482.0178641586854,863.1494869765484,-320.0,311.0,-0.7636;-0.1742;-0.6217,5.827424036906162,9.188057465646903,8.690491797620881,-0.20068586208219763
C/2019 K5 (Young),2019,2.035,15.32,0.9865,,643.0,734.0,False,136.2358785227833,0.11467922891510944,0.09927626705091563,0.11497564316060079,-549.3945386671785,2.945701879078651,6996.843828089958,6447.44928942278,-488.0,450.0,-0.9908;0.1332;-0.0248,9.904134721531348,8.573876305454,9.929734184036459,-15.959375008488427
C/2019 K6 (PANSTARRS),2019,3.929,132.39,0.9976,,676.0,360.0,False,18.943456214077266,0.207576029572301,0.12859008211208023,0.10972021867538101,185.96977721340318,4.036883261359473,1049.4198226269204,1235.3895998403236,-316.0,320.0,0.7877;0.6083;0.0974,12.86906026523805,7.972180215711627,6.802308095775393,
C/2019 K7 (Smith),2019,4.475,103.54,1.0,,2370.0,2719.0,False,81.58449351757774,0.2701012771504513,0.14380115738794017,0.1305112094420222,364.2602035630304,2.6598144521945466,42.9286999018807,407.1889034649111,-306.0,309.0,-0.4605;0.7662;-0.4483,15.67521460229044,8.345439999004977,7.574163430810547,
C/2019 K8 (ATLAS),2019,3.195,93.22,0.9977,,358.0,1385.0,False,72.900410886399,0.12841370463308846,0.10414878120384462,0.05731743125589761,-158.48378985063061,3.407004523558039,950.2320183590577,791.7482285084271,-314.0,312.0,0.0234;0.0940;-0.9953,8.8260897979363,7.1583208184611085,3.9395234075447765,
C/2019 L3 (ATLAS),2019,3.554,48.36,1.0014,,2180.0,6499.0,False,106.61553889420495,0.06437301263750503,0.11674950229899293,0.12155340388258518,-755.6264331368703,3.978402691953934,59.0948663686436,-696.5315667682268,-304.0,296.0,0.2625;-0.9588;-0.1087,4.1920885298126915,7.60294150290863,7.915780375936502,
C/2019 M3 (ATLAS),2019,2.418,99.44,1.0022,,117.0,340.0,False,84.24891146607708,0.290578961805289,0.14718663465021625,0.24762952220493362,213.986389878541,3.21208200275478,51.13406547529267,265.1204553538337,-302.0,304.0,-0.0393;-0.1647;-0.9856,22.940979823044483,11.620268703399887,19.550155445527945,9.727846038679914
C/2019 M4 (TESS),2019,9.181,65.71,1.0045,,178.0,88.0,False,99.83327436162794,0.010420744387675167,0.04808229825116285,0.05760670140211927,75.53713906069441,4.408780007577519,75.0706649076445,150.6078039683389,-314.0,315.0,-0.2182;0.3810;0.8985,0.42227085987451907,1.9483976069190694,2.3343468019787528,
C/2019 N1 (ATLAS),2019,1.705,82.42,0.9999,,1179.0,1998.0,True,32.1224731559489,0.07993335903562496,0.1022180752872493,0.12837668255909016,964.2931947984064,2.5029070587355373,47.362668599527495,1011.6558633979339,-300.0,313.0,0.9388;0.2572;0.2292,7.515141438564377,9.610296659985652,12.069665762641876,-21.161036044469274
C/2019 NJ3 (Lemmon),2019,4.362,99.44,1.0009,,624.0,70.0,False,100.70621950076509,0.1502555021338819,0.12085462173334262,0.049724096624649015,-27.48889976381961,4.481013228293858,63.92204818730403,36.43314842348442,-305.0,306.0,-0.2189;0.3582;0.9076,8.832432920320322,7.104168063138984,2.922919571819823,
C/2019 O3 (Palomar),2019,8.82,89.82,1.0036,,2087.0,2138.0,False,77.11623813572028,0.05211782807763729,0.07327538119619714,0.1253435295467535,108.05478462660598,4.950809892664122,42.731122977970344,150.78590760457632,-314.0,313.0,-0.2550;0.4296;-0.8663,2.154544453718466,3.029195036968817,5.181685737021935,
C/2019 Q1 (Lemmon),2019,4.997,155.72,1.0009,,937.0,248.0,False,124.62248549371984,0.15146830828544186,0.15133503856018754,0.06373908036015684,-104.9957528139539,2.281940422966723,54.477602902685454,-50.518149911268445,-306.0,305.0,-0.9219;0.1830;-0.3415,8.318771156934233,8.311451867776736,3.500605699446821,
C/2019 Q3 (PANSTARRS),2019,7.25,65.54,1.0047,,65.0,85.0,False,98.05998352466118,0.18984602701940043,0.1116622968023371,0.10583186871398953,66.0395318549171,6.043611706079157,33.10596476697241,99.1454966218895,-311.0,310.0,-0.6892;0.5922;-0.4175,8.656076572614337,5.091270049576787,4.825430238355978,
C/2019 S4 (Lemmon),2019,3.442,92.03,0.9858,,726.0,267.0,False,94.23497420901188,0.06415169694796334,0.08303534641456181,0.046321770481488694,106.87866213488451,3.532250169333861,4118.528694596692,4225.407356731576,-371.0,374.0,-0.1729;-0.2703;-0.9471,4.260002482996411,5.51397388894372,3.0760037014764654,
C/2019 T2 (Lemmon),2019,2.646,111.49,0.9987,,1388.0,187.0,True,100.22279925111556,0.24920311393690062,0.1723397741966602,0.09185220632471994,16.42424132094675,3.496381694905522,815.8986010166323,832.322842337579,-311.0,312.0,-0.3313;0.4966;0.8023,18.81722536505507,13.013305970335463,6.935722589435346,13.41943118208431
C/2019 T3 (ATLAS),2019,5.947,121.86,0.9981,,1684.0,1831.0,False,112.37685949100309,0.09300254369954712,0.09895384378557473,0.037230462908090366,-247.13976141015394,2.296415665539137,623.1339053822866,375.99414397213263,-315.0,312.0,-0.6065;-0.1239;-0.7854,4.6860951157357045,4.985961733959689,1.8759217054729995,
C/2019 T4 (ATLAS),2019,4.242,53.63,0.9956,,2390.0,5476.0,False,27.864555092254623,0.10349132514790306,0.08014229894799028,0.059290481589878354,308.06212738283125,3.697976433107593,743.7813599345584,1051.8434873173896,-314.0,317.0,0.9600;0.2506;0.1245,6.17339360727088,4.780593496995526,3.536755177266016,
C/2019 U5 (PANSTARRS),2019,3.624,113.52,1.0014,,2317.0,5421.0,True,34.79055178402365,0.056489251362600024,0.02727203750151582,0.03218259769709226,-56.3495117581133,3.271585241094916,60.671487247258426,4.321975489145127,-303.0,304.0,0.9991;0.0360;0.0239,3.6429911583365144,1.7587733788524247,2.075455348314815,
C/2019 U6 (Lemmon),2019,0.914,61.0,0.9979,,753.0,1144.0,False,39.61685750966101,0.13281547822180892,0.1069485247027086,0.2128139007119381,1224.2689526639474,4.296031325392289,2136.415081949596,3360.684034613543,-326.0,348.0,0.6897;0.5736;0.4418,17.062797031173734,13.73967096469137,27.340189877537174,2.322241242183404
C/2019 V1 (Borisov),2019,3.097,61.87,0.999,,482.0,111.0,False,88.44032021636338,0.06284821824732262,0.07963415727943901,0.016968982754370074,199.59316680992106,3.0467615683718736,270.4781644637128,470.07133127363386,-305.0,309.0,0.2918;-0.6660;-0.6865,4.385063169129348,5.556256324030284,1.183964531833792,-10.387827699311087
C/2019 Y1 (ATLAS),2019,0.838,73.35,0.9965,,208.0,1010.0,True,110.52572633247733,0.1348031870840955,0.13203136807539984,0.07691171594964699,-415.6987569193916,4.222525433520889,4687.659390722724,4271.960633803333,-379.0,368.0,-0.3308;-0.4868;-0.8084,18.095375273570358,17.723298720799587,10.32428381811836,4.48613283077947
C/2019 Y4 (ATLAS),2019,0.253,45.38,0.9992,,148.0,1259.0,True,84.45304639733772,0.09394542529629088,0.041676847976660616,0.05428924939987469,-181.02696519433994,2.9538799392125012,3674.9259898659348,3493.899024671595,-353.0,349.0,-0.4803;0.8765;-0.0316,22.93395021835868,10.174149020458737,13.253087515459278,-7.8376565138151335
C/2019 Y5 (PANSTARRS),2019,4.914,82.83,0.9939,,668.0,70.0,False,136.80869373773794,0.03299818035535449,0.05995774631776654,0.04642414811941344,-259.05947388522577,4.771742594869935,1962.3679564173729,1703.308482532147,-333.0,327.0,-0.4226;-0.3700;0.8274,1.831826976688908,3.328432537296946,2.5771423144895893,
C/2020 A2 (Iwamoto),2020,0.978,120.75,0.9991,,104.0,529.0,False,43.07613558386179,0.20180572458709042,0.13538269774976422,0.06828204178561392,179.65279252522896,3.8051724956845057,1217.4861957614294,1397.1389882866583,-314.0,316.0,0.3525;0.4884;-0.7982,25.058547293423878,16.81069127853074,8.47869294529323,12.969259274500677
C/2020 A3 (ATLAS),2020,5.767,146.7,0.9989,,1368.0,94.0,False,46.33576782642782,0.10844621359002894,0.04186871481969855,0.13104249693650544,170.2281070355741,3.0609906826633737,258.4218562714202,428.6499633069943,-310.0,312.0,0.7030;0.4517;0.5493,5.545794923161509,2.141110310814304,6.7013387574437076,
C/2020 B3 (Rankin),2020,3.344,20.7,0.9983,,194.0,185.0,False,65.77362485866396,0.041834933466445755,0.13831399293196894,0.10065655945052936,840.534809126748,2.779104584582469,38.49401720010527,879.0288263268533,-304.0,313.0,0.8690;-0.4515;0.2026,2.8085518336230053,9.285589488898596,6.757490479522569,
C/2020 F2 (ATLAS),2020,8.817,163.58,1.0048,,2461.0,1649.0,False,10.559123735524423,0.07117711791376607,0.13719871637079165,0.0721241005997847,-32.83393147328978,2.902255643356134,74.45550299364929,41.62157152035951,-313.0,313.0,0.8985;0.3854;-0.2101,2.943159404086797,5.6731391232298805,2.982316946279498,
C/2020 F3 (NEOWISE),2020,0.295,128.94,0.9992,,438.0,1315.0,False,138.81697723904722,0.08146719363458953,0.06882731592898234,0.07433651152409476,-894.6894764772337,4.776915180948346,3850.566040840501,2955.8765643632673,-357.0,339.0,-0.7178;-0.5119;-0.4719,18.41864309545197,15.560935767592179,16.806491222276808,10.276786956736043
C/2020 F5 (MASTER),2020,4.325,52.26,0.9951,,1663.0,1861.0,False,106.77873193104556,0.9527180749372522,0.42737890843756976,0.6113045600753663,5867.909253546681,2.956682118251465,521.7729293146461,6389.6821828613265,-312.0,456.0,-0.5747;0.5662;0.5908,56.2702727829961,25.242228936472163,36.10540752173283,
C/2020 F6 (PANSTARRS),2020,3.511,174.58,0.9908,,297.0,102.0,False,16.988723303846292,0.37493187283676055,0.24257464614915386,0.13416935478047406,572.2986065978848,2.09001905733119,2500.2377452530905,3072.5363518509753,-338.0,348.0,0.7313;0.6816;0.0255,24.61810720619172,15.92750330672444,8.809588618808501,
C/2020 F7 (Lemmon),2020,5.332,93.95,0.9931,,1446.0,608.0,False,90.77100518311362,0.03295894074235198,0.030515112282189276,0.024071763742635713,108.50830127922382,5.09336760581476,1535.0434878500866,1643.5517891293105,-325.0,329.0,0.4953;-0.4529;0.7414,1.7558247896353476,1.6256344832928795,1.28237736279109,
C/2020 F8 (SWAN),2020,0.43,110.8,0.9998,,213.0,376.0,True,47.29757129854754,0.11683933755183946,0.12675920772959193,0.011191495023019308,363.2557193323138,4.290514399642492,873.1182809484393,1236.374000280753,-308.0,313.0,0.3907;0.3072;-0.8677,21.875507828371294,23.732777839283255,2.0953528333607276,9.992739530136731
C/2020 H2 (Pruyne),2020,0.834,125.04,0.9955,,51.0,121.0,False,45.90478649336272,0.2094265637476327,0.11950086749986633,0.09367199831625701,314.4732082422597,3.8235523428317606,5599.902670530591,5914.375878772851,-408.0,420.0,0.1388;0.9193;-0.3682,28.185057602865665,16.082672483395616,12.606570155544956,15.324836674326567
C/2020 H3 (Wierzchos),2020,2.304,62.37,1.0022,,123.0,131.0,False,67.8088163516311,0.41294138384788265,0.25196754079375383,0.16676564166282598,-1.0168661922431284,3.8975376187798867,97.703136181226,96.68626998898287,-302.0,302.0,-0.2388;0.8649;-0.4415,33.3990514182592,20.379349660442266,13.488147370444942,28.726415163055908
C/2020 H5 (Robinson),2020,9.345,70.23,0.9973,,3427.0,292.0,False,47.047058569311865,0.01027415410851915,0.08355537493381777,0.09084368285432069,111.89156545717037,8.632367240790249,141.49487684314045,253.38644230031082,-316.0,315.0,0.8120;0.2620;0.5215,0.4127266882320085,3.3565325978343643,3.649313799972459,
C/2020 H6 (ATLAS),2020,4.703,79.97,1.0006,,1356.0,2087.0,False,7.666522556605755,0.04561792861446719,0.079765206119501,0.12450684094153405,463.3881697594113,4.546881908696629,30.18904810405819,493.5772178634695,-306.0,311.0,0.7473;0.5700;-0.3415,2.582414825831183,4.515480143987801,7.048288287751267,
C/2020 H7 (Lemmon),2020,4.42,135.92,0.9994,,137.0,174.0,False,39.75107185528719,0.159575230172997,0.05810890423717386,0.11331475359136907,199.80844092583555,4.119976393532453,175.08287314037653,374.8913140662121,-307.0,309.0,0.3229;0.6472;-0.6906,9.319677867572077,3.3937364097231653,6.617925601423132,
C/2020 H8 (PANSTARRS),2020,4.675,99.65,0.9924,,407.0,199.0,False,52.67036804258429,0.14069232966995848,0.06858424735648636,0.1282498147435809,197.70716859225877,4.653119000115056,1702.8836691631082,1900.590837755367,-328.0,331.0,0.1109;0.6317;-0.7672,8.004020818174586,3.9017744956523193,7.296163120922743,
C/2020 H11 (PANSTARRS-Lemmon),2020,7.631,151.41,0.9993,,706.0,53.0,False,15.795129075945766,0.0384238528815636,0.1196353298083484,0.12490439489105523,102.27939495130587,3.107158720031593,230.2730468422898,332.5524417935957,-312.0,315.0,0.7490;0.4579;-0.4789,1.7082977688458967,5.318903536735276,5.553162504789227,
C/2020 J1 (SONEAR),2020,3.355,142.3,1.0004,,1117.0,1423.0,True,36.123085455239185,0.1777874208707999,0.09327717479565911,0.14908243200019436,362.43758890659626,3.2010689602792506,82.20150824156154,444.6390971481578,-304.0,308.0,0.4739;0.8593;0.1924,11.916459228101315,6.252037657786349,9.992465799070963,
C/2020 K1 (PANSTARRS),2020,3.073,89.66,0.9999,,2106.0,3655.0,True,74.19415974993831,0.07053589137831977,0.08683810921446776,0.11838230289382838,546.6652390571952,2.8343668900017276,391.54253418802875,938.207773245224,-306.0,315.0,-0.0648;0.8268;0.5588,4.941082142246642,6.083062428526315,8.292752403870765,-11.451773736874653
C/2020 K2 (PANSTARRS),2020,8.878,91.04,1.0013,,403.0,87.0,False,71.0414208225951,0.046021059707138115,0.026667515187417824,0.07259434707521581,81.16606705274177,4.962210966693237,135.603683485532,216.76975053827377,-314.0,315.0,-0.1058;0.3724;-0.9220,1.8966723505573453,1.0990520217464335,2.9918409480468617,
C/2020 K3 (Leonard),2020,1.593,128.72,0.9924,,323.0,212.0,False,103.23520540191184,0.2127919647537882,0.13725669656659337,0.10512503528824414,-283.35579992503153,3.938266785086739,5105.208421856827,4821.8526219317955,-393.0,385.0,-0.6638;0.2771;-0.6947,20.739326128441604,13.377438366626361,10.245792850446502,13.006080585810281
C/2020 K5 (PANSTARRS),2020,1.535,67.16,1.0013,,410.0,95.0,False,105.50880690656376,0.3006455894825875,0.2122621432878583,0.10913290105285173,-205.21907861508834,2.0570154799578217,108.44749636567406,-96.77158224941427,-300.0,299.0,-0.3389;0.3690;0.8655,29.790736527066347,21.03288990948336,10.81389388513948,-6.415054451942449
C/2020 K6 (Rankin),2020,5.868,103.65,1.0032,,1125.0,180.0,False,62.61164682523824,0.030656314888837133,0.17488963723691445,0.14433054415950392,26.949404908230676,2.8955593878675505,79.06845065043483,106.0178555586655,-308.0,308.0,-0.1100;0.7281;-0.6766,1.5537738056917785,8.864044429704213,7.31519817986787,
C/2020 K8 (Catalina-ATLAS),2020,0.475,31.41,1.0002,,316.0,291.0,True,134.13726689404015,0.07427108715037795,0.14085396581907883,0.06777572662434718,-572.316982318476,4.00543714897579,95.89039400322454,-476.4265883152514,-299.0,293.0,-0.1488;-0.8461;0.5117,13.229408908185604,25.08936898132788,12.072434051590802,-7.705055489306247
C/2020 M5 (ATLAS),2020,3.004,93.22,0.9999,,1297.0,1605.0,False,50.19648992473782,0.06748863669303924,0.015179142800565416,0.0694572403328697,-58.005613089287976,4.082219281278725,214.5421122627331,156.53649917344512,-305.0,304.0,0.5934;-0.0368;-0.8041,4.78093891798872,1.0753003485165435,4.920396080215414,4.004595306794271
C/2020 N1 (PANSTARRS),2020,1.321,29.7,1.0005,,287.0,856.0,False,108.31734269061671,0.07196079375362086,0.0955906906553887,0.05844697332019558,-558.5632581894494,2.3653218352500636,22.170969317944035,-536.3922888715053,-299.0,294.0,0.2745;-0.9598;0.0580,7.686174409778579,10.210097498980682,6.242755356490137,-28.48528023253671
C/2020 O2 (Amaral),2020,4.862,71.75,1.0023,,1155.0,1595.0,False,45.09971497730804,0.19393604782484,0.07435578314305044,0.19846750393517665,217.53096919002652,4.7575472035071735,60.007527200450475,277.538496390477,-307.0,308.0,0.1719;0.9702;-0.1705,10.798048203118046,4.14001078997142,11.050352414008856,
C/2020 P1 (NEOWISE),2020,0.342,45.05,1.0003,,129.0,136.0,False,147.80875806206544,0.22508593948628816,0.2652495408007798,0.07267213074076877,-1208.184016694042,2.5170412079118147,265.520192239646,-942.663824454396,-300.0,288.0,-0.4962;-0.8616;-0.1067,47.250639631137425,55.68188974089975,15.255527149745179,9.03259969486436
C/2020 P3 (ATLAS),2020,6.812,61.88,0.9991,,1342.0,698.0,False,92.53980984620091,0.010297029801286947,0.05874782149878238,0.06903970175607524,-195.92055125705815,5.882079748631228,62.20715070975386,-133.71340054730427,-310.0,307.0,0.0295;-0.4857;-0.8736,0.4843766310537086,2.7635223368750794,3.247656731204271,
C/2020 R2 (PANSTARRS),2020,4.692,53.22,0.9887,,827.0,386.0,False,167.90513313444208,0.16709887530376008,0.18728890358785238,0.039562809296460645,-99.12483762105148,4.271821876137062,3028.349725572761,2929.2248879517097,-350.0,349.0,-0.7373;-0.5270;0.4227,9.503974764265276,10.652309957742773,2.2501883419232134,
C/2020 R6 (Rankin),2020,3.13,82.81,0.9922,,526.0,56.0,False,102.3315718329209,0.36661311268653124,0.25535082953160554,0.21038851056606514,-473.06500529357345,2.5871785176517816,4023.2581230817254,3550.193117788152,-369.0,356.0,-0.0632;0.1112;0.9918,25.519367873423832,17.77457360389821,14.644816597348022,
C/2020 R7 (ATLAS),2020,2.956,114.89,1.0002,,1702.0,1812.0,False,63.65968886690745,0.12802052806327555,0.09333306665982524,0.1587207845962257,516.1931227081919,3.5608510694371502,48.79154838448028,564.9846710926722,-303.0,308.0,-0.0580;0.9797;0.1921,9.141249823352942,6.6644068105657395,11.333388215955196,2.557361472260384
C/2020 S3 (Erasmus),2020,0.398,19.86,0.998,,436.0,861.0,True,16.43903858805098,0.28909124251991375,0.10426404433302748,0.38854646362878115,2098.8467930601273,2.56090735797303,4817.511317680567,6916.358110740694,-381.0,473.0,0.8337;0.5490;0.0598,56.28130955251572,20.29849435477148,75.6436051276108,16.3817539252437
C/2020 S4 (PANSTARRS),2020,3.37,20.57,1.0006,,1332.0,1527.0,True,75.2041105391273,0.03806127762310195,0.09997973114612191,0.11457022288996854,-826.8674060062486,1.958312560713757,81.76539548062138,-745.1020105256273,-303.0,295.0,0.7325;-0.6691;-0.1257,2.545428193790271,6.686355329082336,7.662125228711486,
C/2020 S8 (Lemmon),2020,2.364,108.52,0.9914,,340.0,591.0,False,6.616232338740478,0.049093688786568425,0.08533587812274696,0.12682278898334376,613.8482025639664,3.8960551900679814,3655.734910614035,4269.583113178001,-358.0,372.0,0.8164;0.4805;-0.3203,3.9283013052139264,6.828271610807902,10.147905765647863,-2.9108401569374767
C/2020 T2 (Palomar),2020,2.055,27.87,0.9934,,1015.0,2755.0,False,21.648275467995628,0.09893724004614823,0.12470823784825537,0.19713957832986795,909.9020427941182,2.758528354355492,2977.112044316345,3887.014087110463,-343.0,362.0,0.5407;0.8088;-0.2313,8.485582582896578,10.695892168967752,16.908134606294077,-19.21786345116741
C/2020 T4 (PANSTARRS),2020,2.192,83.82,1.0,,264.0,171.0,False,85.25645983503678,0.10779671000930037,0.11497144466440971,0.09025348391800397,-170.1995928688449,2.0275730289196257,81.48738760145199,-88.71220526739292,-301.0,300.0,-0.0307;-0.2065;-0.9780,8.938551452780786,9.533483662392852,7.483859291477439,-23.11872408831495
C/2020 T5 (Lemmon),2020,1.889,66.6,0.998,,209.0,111.0,False,87.62293314389085,0.4075422960841554,0.35233648535460144,0.09655007867073197,-723.8561274778647,3.0675411170134073,2589.6992734244213,1865.8431459465567,-336.0,324.0,-0.3401;0.2010;-0.9187,36.44609595055217,31.50909605088563,8.634376026924647,15.120617042265014
C/2020 U4 (PANSTARRS),2020,5.354,167.04,1.0013,,1768.0,921.0,False,149.81851903265886,0.09230115474101101,0.13614506539452256,0.11451862115554524,-135.77262058349413,2.503124124281417,40.05481358282524,-95.71780700066888,-307.0,305.0,-0.6176;-0.7578;-0.2105,4.897266688836579,7.2235141096217435,6.076069472913775,
C/2020 U5 (PANSTARRS),2020,3.756,97.27,0.9994,,1292.0,513.0,False,88.11741146562171,0.061390288819048046,0.09007766801244395,0.05383686671398,21.524692654111703,4.112436605920744,130.74119714795148,152.26588980206319,-305.0,306.0,-0.0408;-0.2757;-0.9604,3.8891323850247996,5.706504767672806,3.4106160090362323,
C/2020 V2 (ZTF),2020,2.228,131.61,1.0009,,1990.0,5767.0,True,152.16385376924438,0.3025943972628611,0.1442937020982205,0.16105067831997893,-235.6565829607938,1.9970143386850816,59.13273542349303,-176.52384753730078,-301.0,299.0,-0.6994;-0.6787;-0.2242,24.88743351229733,11.867701284941983,13.245909656803816,-4.114893260963743
C/2020 W5 (Lemmon),2020,3.364,88.59,1.0016,,70.0,55.0,False,124.23863405518418,0.03704277917712528,0.10700222495638952,0.08874575470761022,-378.9725127673393,4.03297903737659,-151.36435109452458,-530.3368638618639,-301.0,297.0,-0.2162;-0.8836;-0.4154,2.479035867496231,7.160973324933331,5.939184745189028,
C/2020 Y2 (ATLAS),2020,3.132,101.3,0.997,,1679.0,1775.0,True,100.39804734794583,0.12300199679393563,0.07461951463095559,0.16776468290849686,-606.0208978905754,1.3907739815068973,1557.952953083235,951.9320551926595,-323.0,314.0,0.1473;-0.1457;0.9783,8.542681939809587,5.182442534352822,11.651520822229102,
C/2020 Y3 (ATLAS),2020,1.999,83.1,0.9868,,220.0,380.0,False,39.453001837971776,0.05155340069161508,0.09388222739799157,0.13736069125684167,739.7280072928288,3.7121836499105543,6492.074546493708,7231.802553786537,-453.0,509.0,0.9395;0.1511;0.3073,4.490834628574267,8.17811341541931,11.965537493658557,-8.073335020044244
C/2021 A1 (Leonard),2021,0.615,132.69,1.0001,,651.0,2422.0,True,160.24481825738678,0.17115256549905628,0.10775160792063505,0.09568539546389987,-602.3239649622985,2.311063320348076,519.351997364578,-82.97196759772055,-303.0,298.0,-0.6376;-0.5665;0.5221,26.794339485479487,16.86876941816975,14.979775280530216,-5.5499844513861625
C/2021 A2 (NEOWISE),2021,1.413,106.98,0.9945,,126.0,980.0,False,87.42873586606032,0.11031920922758798,0.05337877597664866,0.058675575469794676,24.917403568455484,3.8110223118230975,4347.449536357488,4372.366939925943,-371.0,372.0,0.6243;-0.7004;0.3459,11.41065477746761,5.521130811015662,6.068995057550165,2.446787251567418
C/2021 A6 (PANSTARRS),2021,7.928,75.61,0.9992,,1340.0,167.0,False,55.79464527172219,0.053059861033139026,0.02813274401014371,0.040080057600769985,72.92080477585881,7.030093231519804,48.24862296607074,121.16942774192955,-312.0,311.0,0.9416;-0.3062;0.1404,2.3136003495565407,1.2266885948910025,1.747634341097743,
C/2021 A7 (NEOWISE),2021,1.968,78.15,0.9997,,532.0,295.0,False,62.16726249220455,0.10976824761294253,0.05368734354013153,0.06268705521984357,124.53820561372993,3.588066682289629,345.1381490111737,469.67635462490364,-304.0,306.0,0.8947;-0.4415;0.0679,9.607280302541296,4.698893981687814,5.486578531904261,-2.8462664186944284
C/2021 A9 (PANSTARRS),2021,7.76,158.02,1.0032,,1864.0,449.0,False,110.68829492882793,0.037925125547734646,0.1675303282943179,0.18618226387289022,-4.249353070095992,3.433084808737792,19.591548886950637,15.342195816854645,-309.0,312.0,0.2558;-0.9466;0.1964,1.6713799667690556,7.3831485194408675,8.205149001107166,
C/2021 B2 (PANSTARRS),2021,2.513,38.09,0.9925,,517.0,93.0,False,115.70706285756474,0.07946027870106347,0.11399392749462652,0.1197630867440717,-772.9810946283619,3.5202405762139612,3422.810415075071,2649.829320446709,-353.0,339.0,0.1759;-0.9492;0.2608,6.166692185714659,8.846753036755063,9.294481509940255,-9.468503355929853
C/2021 C1 (Rankin),2021,3.481,143.04,0.9996,,390.0,164.0,False,28.14745149885057,0.10260826796624196,0.08631380405942841,0.11091958046486486,343.93284444538824,3.075298932435196,364.07060397649957,708.0034484218878,-308.0,311.0,0.8706;0.4279;0.2429,6.75352490967857,5.681047320243687,7.300563243958216,
C/2021 C4 (ATLAS),2021,4.504,132.84,0.9992,,497.0,234.0,False,42.13929654671923,0.08301931150854615,0.08869717838697237,0.13354009897547867,206.95970875274645,4.059544829677653,333.1594324208843,540.1191411736307,-309.0,311.0,0.6372;0.6105;0.4704,4.804026965919087,5.132584564111775,7.727482014153577,
C/2021 C5 (PANSTARRS),2021,3.242,50.78,0.9993,,1289.0,456.0,True,66.29810903007574,0.009457337747491324,0.10608995760540123,0.09699395910105209,529.8413208793081,3.088732991160686,30.985788939858047,560.8271098191661,-302.0,310.0,0.3631;0.5189;0.7739,0.6448160216568148,7.23337859208858,6.613199242976661,
C/2021 C6 (Lemmon),2021,3.271,164.63,1.0019,,691.0,199.0,False,86.18637346942064,0.17283909597390026,0.04033111229757491,0.14384814447980496,2.101522230739988,2.1597150108121546,374.6172079558674,376.7187301866074,-307.0,307.0,0.6304;-0.7691;0.1053,11.735384317752738,2.738391450774288,9.766964177601626,
C/2021 D2 (ZTF),2021,2.946,83.83,1.0013,,792.0,654.0,True,83.44176711256374,0.054107855911725414,0.02572612232918776,0.04270305322252381,-261.8914916965064,3.659794494138186,59.4029046678968,-202.4885870286096,-303.0,300.0,0.2635;-0.5172;-0.8143,3.8701292886109413,1.8400917543472952,3.0543870978592462,-3.4992781488493763
C/2021 E3 (ZTF),2021,1.777,112.56,1.0009,,1040.0,1491.0,True,71.02850519040474,0.18233617906940489,0.15015562655323683,0.12642559523769345,568.5806956495687,2.5393796821004564,38.782089887096966,607.3627855366657,-300.0,307.0,0.1179;0.7090;0.6953,16.791872853264604,13.828271504606256,11.642903407675167,-8.065251465745927
C/2021 F1 (Lemmon-PANSTARRS),2021,0.995,107.32,0.9957,,220.0,403.0,True,135.59907183051027,0.18129722942764664,0.09049117609971462,0.12741851561384546,-508.4977563346729,4.308156398067394,5153.193181732057,4644.6954253973845,-393.0,378.0,-0.7039;-0.4827;-0.5210,22.340843373277202,11.151020885921389,15.701492566495356,12.69063970072979
C/2021 G2 (ATLAS),2021,4.982,48.47,1.0006,,1804.0,5087.0,False,25.7881196751216,0.07709222848879958,0.02506741366475548,0.07095584358414264,-284.93153324029765,4.669949691175221,38.037011672680215,-246.89452156761743,-306.0,302.0,0.8469;0.4860;0.2157,4.240253612029684,1.3787666204468902,3.9027380314474422,
C/2021 G3 (PANSTARRS),2021,5.181,102.88,1.0012,,653.0,63.0,False,67.37879936076217,0.056566489278287786,0.02818798656969026,0.030191636968334226,7.670701136687498,5.374832752504269,39.536306390720306,47.207007527407804,-306.0,307.0,0.8062;-0.5636;-0.1801,3.0509647460049445,1.5203445428952203,1.6284132388241352,
C/2021 K2 (MASTER),2021,5.467,100.85,1.0012,,327.0,80.0,False,76.42451422918705,0.1882981677050315,0.0706550083756339,0.16937934528164367,-5.602021928273103,4.634529484707448,241.400684365588,235.7986624373149,-309.0,309.0,-0.2549;0.9250;0.2818,9.889570067356843,3.710857436675126,8.895938412687395,
C/2021 K3 (Catalina),2021,5.23,134.8,1.0036,,369.0,99.0,False,79.55964666348808,0.1993406386353009,0.11445456153728305,0.10108845400658904,-202.64948802336716,4.435857562272481,35.3619992145937,-167.28748880877345,-306.0,305.0,-0.3898;0.9206;0.0243,10.701079745902572,6.144193169429746,5.426668717027715,
C/2021 L3 (Borisov),2021,8.458,78.58,1.0014,,1040.0,215.0,False,84.66507360023111,0.05693637766706388,0.037345505723548375,0.02117600470611936,-98.30927427252927,7.981324603271493,121.91195720633405,23.60268293380479,-313.0,312.0,-0.0239;-0.1985;-0.9798,2.4039780306251743,1.57680869385428,0.8940970988285111,
C/2021 N3 (PANSTARRS),2021,5.711,26.75,0.9643,,550.0,77.0,False,77.71997925660663,0.24420174951011392,0.49035499727236365,0.2730832259859083,-410.6903109133291,1.6722978986771664,7737.147506306101,7326.457195392772,-4491.0,543.0,-0.2373;0.8966;0.3740,12.685468946707767,25.472311739125832,14.185765622320185,
C/2021 O3 (PANSTARRS),2021,0.287,56.77,1.0002,,351.0,760.0,True,85.11495160582,0.10796253601918418,0.1472213323431466,0.08564521086566027,-161.28199962086399,3.2052666448248863,-156.13926671203848,-317.42126633290246,-295.0,294.0,0.5700;-0.3903;0.7230,24.739435316573303,33.73552310845892,19.625457427276302,-1.8693518057132543
C/2021 P1 (PANSTARRS),2021,4.375,51.62,1.0002,,204.0,104.0,False,135.9998547847604,0.15491196230797954,0.16093878056506192,0.009308016975222726,511.08215195104356,3.549261791249284,566.7932011779147,1077.8753531289583,-311.0,319.0,-0.7626;-0.3997;-0.5087,9.0976210861935,9.451562176612857,0.5466382985716746,
C/2021 P2 (PANSTARRS),2021,5.069,150.06,0.998,,1432.0,408.0,False,95.03595929070626,0.11015807254481302,0.05533217255223686,0.13990019535978868,205.5059023916972,2.467784784646262,446.13502411886304,651.6409265105602,-311.0,314.0,-0.6431;0.5915;-0.4863,6.009846438078236,3.0187334658466582,7.632474600782808,
C/2021 P4 (ATLAS),2021,1.08,56.31,0.9966,,346.0,954.0,False,48.529234478399026,0.108864669710571,0.058815800017198,0.05579379024882905,-180.81901248309805,2.5628614247803103,3416.402340234085,3235.583327750987,-349.0,347.0,0.9677;-0.2445;-0.0612,12.871779039500451,6.954175159540367,6.596863259388798,-18.23327188762154
C/2021 Q4 (Fuls),2021,7.565,71.47,1.0032,,1982.0,558.0,False,120.08827505419119,0.2533528370647974,0.051405465198412194,0.2019576535397279,154.93267485505422,2.456642649630404,132.36822457474975,287.30089942980396,-311.0,314.0,-0.8478;0.1239;-0.5157,11.310780478262396,2.294965152071654,9.016274345128425,
C/2021 Q6 (PANSTARRS),2021,8.709,161.85,0.9997,,1718.0,388.0,False,131.02161268549227,0.08269726318581058,0.023945104504586166,0.0900064455292124,-35.518339273055034,3.0141900075772035,46.61468117211152,11.096341899056485,-311.0,313.0,-0.9688;0.1505;-0.1967,3.4404368633305915,0.9961831511737007,3.7445192405012,
C/2021 QM45 (PANSTARRS),2021,2.773,22.82,0.9922,,591.0,382.0,False,133.2977535334256,0.18047744031510118,0.14520097132583015,0.05785562855171365,419.9855438032123,2.0743504338962064,2540.0321428895204,2960.0176866927327,-337.0,345.0,-0.3792;-0.8487;-0.3687,13.328356356830618,10.723170086021415,4.272669388702213,-20.88843485358955
C/2021 R2 (PANSTARRS),2021,7.312,134.47,0.9975,,795.0,126.0,False,125.91371105411068,0.08371627801827988,0.08511551089425058,0.04298124429300693,56.23533354871671,5.7744478347358275,467.98705527005535,524.2223888187721,-315.0,316.0,-0.9157;0.1232;-0.3824,3.8038745665539837,3.8674524808567305,1.952968596732318,
C/2021 R7 (PANSTARRS),2021,5.641,158.85,0.9952,,473.0,63.0,False,152.97798504319437,0.03957792774659232,0.1055387391642283,0.13964587899608422,5.170985117635382,3.2995687182990507,1204.1761379084323,1209.3471230260677,-323.0,322.0,-0.8582;-0.4583;-0.2314,2.0491619816933917,5.464307612967752,7.23021750838306,
C/2021 S1 (ATLAS),2021,6.119,52.09,1.001,,582.0,476.0,False,106.22622808656936,0.05099341822966568,0.1029740207822849,0.058729576616807305,-375.8533145147363,5.048542760703531,297.87908543331895,-77.97422908141736,-311.0,307.0,0.1441;-0.8981;-0.4155,2.5318292144294703,5.112672246634869,2.9159303885026393,
C/2021 S3 (PANSTARRS),2021,1.32,58.53,1.0002,,1847.0,4867.0,True,8.860950516467819,0.13024006607050392,0.04912434125908544,0.08111804345171693,-0.5191975739695067,3.8330077072021256,137.0753103222005,136.556112748231,-301.0,301.0,0.7706;0.6293;-0.1011,13.916813495723476,5.249185723177364,8.66787553105523,3.9042613683611567
C/2021 S4 (Tsuchinshan),2021,6.689,17.48,0.9593,,1629.0,1159.0,False,127.61838669212386,0.0697283151957421,0.09758076929349434,0.05029517705674322,790.6650968636459,3.978238912435263,6707.120406552316,7497.785503415962,-488.0,581.0,-0.2043;-0.9359;-0.2870,3.3474769569790404,4.684601596027187,2.414542008823837,
C/2021 T1 (Lemmon),2021,3.058,140.35,0.998,,308.0,114.0,False,132.2796607329275,0.21751508320932494,0.13920046677850184,0.10452157226705598,-220.65840486061518,2.894179868726957,981.7644486092687,761.1060437486535,-314.0,311.0,-0.8446;-0.1893;-0.5008,15.2812670175276,9.77936550615987,7.343040451901023,4.55005602361965
C/2021 T2 (Fuls),2021,1.248,117.53,1.0001,,146.0,183.0,False,112.03541275228108,0.22426825719794008,0.1379721846872987,0.11451676119465867,-33.73780377533182,1.9221790003920938,70.84910540627428,37.11130163094246,-299.0,300.0,-0.3941;0.2596;0.8816,24.64521631995489,15.161995639686438,12.584439666876325,-9.529493864638539
C/2021 T4 (Lemmon),2021,1.483,160.78,0.9999,,1325.0,1259.0,True,75.46968370872905,0.17670314623771116,0.1174746883021822,0.06867888780987562,870.8853582449746,2.6537798779421826,92.24173533683566,963.1270935818102,-300.0,311.0,-0.2808;0.9453;0.1659,17.813574658738013,11.842710076977097,6.923569396067807,-3.4902645479076035
C/2021 U5 (Catalina),2021,2.363,39.05,0.9891,,301.0,463.0,False,71.33899513684065,0.0753507825826707,0.060992243874376115,0.07404282592853646,-324.12698642110627,2.8141507222452717,4807.3914860766145,4483.264499655508,-386.0,377.0,0.8053;-0.4447;0.3922,6.034694968321787,4.8847480357822075,5.9299433098924,-17.47944421298912
C/2021 V1 (Rankin),2021,3.014,71.44,0.9956,,124.0,67.0,False,178.04396030422942,0.23472789504015157,0.2219602019855926,0.07420973064073608,-382.49018593886194,3.090732769857272,2331.960893862586,1949.4707079237241,-334.0,328.0,-0.8149;-0.5229;0.2501,16.627235805357813,15.722820746072815,5.256736487176096,2.0443758620576418
C/2021 X1 (Maury-Attard),2021,3.234,140.11,1.0013,,1033.0,2855.0,False,175.5095436267507,0.36242435560109876,0.17750898836113563,0.18494889623618554,-182.9416847556941,4.0414568637201835,313.77791578400786,130.83623102831376,-306.0,304.0,-0.8292;-0.4874;0.2737,24.746859363902967,12.120570549173086,12.628578223102428,
C/2021 X2 (Bok),2021,2.995,137.14,1.0013,,389.0,95.0,False,173.826828742122,0.26526862877218377,0.15486109228998154,0.13237194900489943,-273.4827141699001,3.9692537879211067,61.72853777620587,-211.75417639369422,-303.0,300.0,-0.7686;-0.6198;0.1583,18.817852995277157,10.985668689468874,9.390314597704608,18.812543566089616
C/2021 Y1 (ATLAS),2021,2.033,77.19,1.0008,,585.0,1857.0,False,116.08859511086604,0.14427495081719402,0.17416193947286945,0.09168104001334303,-597.0136676567671,2.1686819388639207,64.28917965047687,-532.7244880062902,-301.0,295.0,0.0104;-0.4550;0.8904,12.422212533492992,14.995511106557892,7.893826044553366,-19.804131531478316
C/2022 A1 (Sarneczky),2022,1.253,116.53,0.9992,,67.0,316.0,False,120.61510154194227,0.03556877737556803,0.08534235838249844,0.06007783513265936,-730.6684233150818,3.9324304942586026,1470.9210723578863,740.2526490428045,-317.0,308.0,0.0947;-0.9411;0.3245,3.9026186968530987,9.36379341747777,6.591761088089131,-7.489582760659237
C/2022 A2 (PANSTARRS),2022,1.735,108.15,1.0004,,935.0,2731.0,False,88.28434190554314,0.18874201151057543,0.06941623544375915,0.1514878647292782,-19.897943084891185,3.221561123057496,44.44177472504577,24.543831640154583,-301.0,300.0,-0.0177;-0.3111;-0.9502,17.590967664220774,6.469671183909597,14.118839301578975,4.373669855069448
C/2022 A3 (Lemmon-ATLAS),2022,3.703,88.35,0.996,,1278.0,1015.0,True,87.48844318829136,0.029236264489669338,0.09378107841326051,0.06481644572183973,-176.4782813688313,3.936837039567888,1176.8727075388047,1000.3944261699734,-318.0,316.0,0.4879;-0.3053;0.8178,1.8671586483447504,5.9892792279359,4.139468201461393,
C/2022 B4,2022,1.38,20.04,0.9964,,63.0,128.0,False,77.2716938842772,0.04122816413634621,0.05691071102000783,0.05841542842191908,-513.1800538013363,4.070561505860456,3024.8194237044695,2511.6393699031332,-343.0,334.0,0.6997;-0.6973;-0.1557,4.3129126167309915,5.953476918680861,6.110886660377229,-12.467383498503889
C/2022 D2 (Kowalski),2022,1.555,22.65,0.9956,,109.0,112.0,False,83.46260350241657,0.058071070814602596,0.08071551068829522,0.07787943122742558,-684.3818824728864,4.171016170313015,3291.2304539354836,2606.848571462597,-348.0,336.0,0.6495;-0.7602;-0.0152,5.724183316621055,7.956291716224138,7.676733607396578,-9.426263553944368
C/2022 E2 (ATLAS),2022,3.666,137.13,1.001,,1655.0,5845.0,False,110.87717972541915,0.2022547633316555,0.13717824929627975,0.09388975046244176,-162.802230697082,4.2629141059197275,110.45459222529901,-52.34763847178298,-305.0,303.0,0.0328;-0.8902;-0.4544,12.969075417493178,8.796208462323438,6.020442903885082,
C/2022 E3 (ZTF),2022,1.112,109.17,1.0003,,809.0,5330.0,True,73.78152163519891,0.19305443469007108,0.10716083547271577,0.09317596230449046,-713.9927940014003,1.8704283707776916,763.9944904574284,50.00169645602806,-308.0,300.0,0.6002;-0.5970;-0.5323,22.47926810419277,12.477813082759296,10.849413746290509,-17.22580645206326
C/2022 F1 (ATLAS),2022,5.975,57.97,0.9994,,857.0,133.0,False,86.5405482703175,0.0767837774838947,0.011730108592366428,0.08819110877065693,-171.14690113994556,1.9674825028381746,206.88142357068534,35.7345224307398,-310.0,307.0,-0.0569;0.5414;0.8388,3.857423208261719,0.5892910534274662,4.430498744420594,
C/2022 H1 (PANSTARRS),2022,7.689,49.87,0.9935,,1118.0,74.0,False,62.82818239834206,0.033839083388871094,0.0565572289940281,0.023877586205029867,145.26087629338667,6.803338939623303,835.6497233145541,980.9105996079408,-320.0,324.0,0.3343;0.6314;0.6997,1.500530824115481,2.507924474692108,1.0588068741219294,
C/2022 K1 (Leonard),2022,3.987,41.98,1.0027,,118.0,87.0,False,69.15241189903747,0.23725084509336541,0.024145394673614068,0.22795689773584776,19.571024860056596,3.5764991785601055,51.0021071749637,70.5731320350203,-305.0,304.0,-0.2629;0.8755;-0.4055,14.587109667876927,1.4845532792078102,14.015681442623467,
C/2022 L1 (Catalina),2022,1.592,123.47,0.9971,,253.0,415.0,True,48.54542644538423,0.19540114047086513,0.17611549177099817,0.09989820714260131,499.77046392204284,3.316550091977946,2373.569201011106,2873.339664933149,-332.0,341.0,0.1646;0.6734;-0.7207,19.02955965602813,17.151385344686073,9.728801417276449,4.012747405233441
C/2022 L2 (ATLAS),2022,2.692,129.31,1.0013,,1335.0,2512.0,True,29.28484291777001,0.05913974406157796,0.023618820009955646,0.036021470172378826,-39.79627866111713,2.039687114676216,61.88850673921155,22.092228078094422,-301.0,303.0,0.8648;0.4275;0.2635,4.425094209720529,1.7672633746548112,2.6952838842089712,-19.886277431628088
C/2022 N2 (PANSTARRS),2022,3.826,5.5,1.0032,,1554.0,3893.0,True,161.62283981157026,0.18539270366037872,0.23892210818387719,0.05356655583753155,-750.660491932649,3.3124765681797377,75.89178392664256,-674.7687080060065,-304.0,296.0,-0.8126;-0.5754;-0.0929,11.636281040791978,14.996085297828603,3.362136080903412,
C/2022 O1 (ATLAS),2022,7.43,71.04,1.0049,,507.0,189.0,False,106.32976381261444,0.08591290361211008,0.07022580794259246,0.10198568891455945,-61.3770457574513,5.953207605927676,151.8722369450841,90.4951911876328,-312.0,310.0,-0.2352;0.2232;0.9460,3.8703394730154472,3.163642538864271,4.594411559767776,
C/2022 P3 (ZTF),2022,2.561,59.52,0.9895,,261.0,327.0,False,139.6965629092394,0.08401582958085901,0.17672779114189013,0.09594860622906831,-857.9597471966026,3.3715551985986774,4989.658476646075,4131.698729449472,-393.0,369.0,-0.3018;-0.9534;-0.0027,6.465627949009645,13.600486378272585,7.383941730958291,-8.927260713659862
C/2022 QE78 (ATLAS),2022,5.477,36.58,1.0043,,1407.0,4127.0,False,93.41533444525213,0.1469012628732024,0.12420397929618247,0.029229240221120875,2074.002703066743,2.1378824251201234,35.6528712187869,2109.65557428553,-306.0,336.0,0.5064;-0.8623;-0.0051,7.706157481039305,6.5155016744429055,1.5333096788249232,
C/2022 R2 (ATLAS),2022,0.633,52.89,0.9985,,54.0,295.0,False,75.02037615429796,0.12254129567186628,0.15754665977200202,0.09037757675660746,-629.962011427986,4.180631267994652,3005.129709770584,2375.167698342598,-341.0,330.0,0.4167;-0.4658;-0.7806,18.916891105151656,24.320723806183587,13.951727607240755,1.898793277348915
C/2022 R3 (Leonard),2022,5.129,43.08,1.0008,,917.0,355.0,False,113.95336099813963,0.12911174732504058,0.0922513962586371,0.03734720208953137,-58.00284559002591,4.700367221786597,444.97406297474686,386.97121738472094,-312.0,310.0,-0.1899;-0.7332;-0.6530,7.002608778762502,5.003421072658211,2.025592950546706,
C/2022 R6 (PANSTARRS),2022,6.566,57.02,1.005,,1372.0,2462.0,False,95.08144921632464,0.05519579594597174,0.11808915368830061,0.1612462713626921,525.6561140110866,2.4073679830607877,41.33243172276133,566.9885457338479,-308.0,316.0,0.4983;-0.6786;0.5396,2.6445242124192463,5.657851667878699,7.725582383092422,
C/2022 S3 (PANSTARRS),2022,0.838,78.56,1.0004,,36.0,75.0,False,113.42025792702925,0.22425543733237122,0.2526783696310213,0.052158839468815915,-632.7477758603657,3.1966452775282628,563.7523090708434,-68.99546678952225,-305.0,298.0,-0.1049;-0.1694;0.9799,30.077018998023565,33.88908743611906,6.995515579376252,6.291199990238123
C/2022 S4 (Lemmon),2022,2.763,101.22,0.9989,,1012.0,755.0,False,105.44586631326571,0.14481428597788468,0.16457978834259449,0.023706859654349863,1165.6923156875516,2.6683725629081234,94.07370977783631,1259.7660254653879,-302.0,318.0,-0.1438;0.1295;0.9811,10.695761407344479,12.155611144969981,1.750952351614329,-9.277221137797335
C/2022 T1 (Lemmon),2022,3.445,22.54,0.9997,,647.0,587.0,False,27.991949978811075,0.08394245289468609,0.016183743896235617,0.06887400983707415,-328.95599677002787,3.490748872696806,46.18765210185703,-282.7683446681708,-303.0,300.0,0.8948;0.3863;0.2237,5.552222194105325,1.0704445598835275,4.555547197247072,
C/2022 U1 (Leonard),2022,4.202,128.15,0.9994,,1060.0,1325.0,False,110.12379171271304,0.13832847550436222,0.05364374772123008,0.11440106379465442,142.7041436604417,3.2221675601082382,198.2383620295146,340.9425056899563,-307.0,308.0,-0.6363;-0.0066;-0.7714,8.285840057174253,3.21324667292745,6.85259425810127,
C/2022 U3 (Bok),2022,4.827,33.64,1.0032,,1690.0,803.0,False,114.0076437268695,0.17150279895431578,0.14453760710321698,0.03194048562563857,805.2558727690703,3.512416957723053,45.94427064156527,851.2001434106355,-305.0,316.0,0.1813;-0.9795;0.0873,9.583389983715206,8.076604373973552,1.784799617767646,
C/2022 U4 (Bok),2022,2.898,52.04,0.9992,,625.0,691.0,False,39.39231475291323,0.02140147313454267,0.08625930968361457,0.06793362063795305,233.98169513211297,2.8826241574682445,50.546594765242446,284.5282898973554,-302.0,306.0,0.4634;0.4062;-0.7876,1.5433801181912574,6.2206420435477305,4.8990739464629165,-17.14997952305691
C/2022 W2 (ATLAS),2022,3.123,63.53,0.9906,,483.0,250.0,False,91.58533703028755,0.03729306649581331,0.055005984381436855,0.035783113609641606,-304.59573571413193,3.453091699977714,3648.7065062560887,3344.1107705419568,-359.0,353.0,0.1862;-0.6360;-0.7489,2.5980370892188795,3.8320149287806844,2.4928455893005883,
C/2022 W3 (Leonard),2022,1.398,103.56,0.995,,301.0,876.0,True,93.88231914836956,0.19615536130224356,0.09916453732060324,0.15644534462523577,420.77247866384414,3.8476405670090923,3568.916458089865,3989.688936753709,-353.0,363.0,-0.4548;0.1908;-0.8699,20.391609409704028,10.308790434843093,16.263498180143085,8.462810029010457
C/2023 A1 (Leonard),2023,1.835,94.74,0.992,,152.0,453.0,False,70.51112070179981,0.1007395513267515,0.08211732298145488,0.08878174057876316,-698.4629095518821,4.26990607191045,5247.744519768352,4549.28161021647,-398.0,378.0,0.7187;-0.5990;-0.3531,9.151505468675536,7.459802236961312,8.065219407120063,1.88125690115508
C/2023 A2 (SWAN),2023,0.947,94.71,0.9983,,77.0,159.0,False,61.54133404943135,0.12783381167827138,0.07865542645931589,0.15344862809359833,826.1002919848609,4.190834094748782,1714.5030025133908,2540.6032944982517,-320.0,333.0,-0.1103;0.7880;-0.6057,16.13279530155891,9.926418353374121,19.365418849979015,3.732381348609355
C/2023 A3 (Tsuchinshan-ATLAS),2023,0.391,139.11,1.0001,,1509.0,7329.0,True,146.34844657390823,0.20310971783507667,0.09280460692617401,0.1132521137737648,-41.314426982882374,3.3417472572353057,38.599846593229096,-2.71458038965328,-298.0,298.0,-0.3628;-0.7783;0.5125,39.875531199748856,18.219871695011477,22.23423007209438,23.230557258347197
C/2023 B2 (ATLAS),2023,1.743,40.77,0.9971,,242.0,1107.0,False,49.29138831059556,0.052862272991402844,0.0295977518800045,0.07266368689567473,-268.5680563886765,3.947240863795492,1915.0519450755282,1646.4838886868517,-325.0,321.0,0.8957;0.0514;0.4416,4.919515948607893,2.754452356604148,6.7622927721261386,-8.9096300114277
C/2023 C2 (ATLAS),2023,2.368,48.32,0.999,,1313.0,1972.0,True,85.77242621608524,0.05377240830190727,0.11249906540228391,0.15163419408377715,874.5649129461872,3.1917091594071096,122.57022642675379,997.135139372941,-303.0,313.0,-0.4876;0.8724;0.0344,4.2900531498727155,8.975364599202567,12.097630969123722,-14.934283748953522
C/2023 F1 (PANSTARRS),2023,1.708,131.75,0.9935,,67.0,201.0,False,52.13955684369681,0.06467726901571842,0.019388952957864542,0.04596176882009742,-266.2292754491373,2.6909839133820803,4504.982519044698,4238.753243595561,-376.0,370.0,0.8953;-0.0172;0.4450,6.087055915570265,1.8247777402320489,4.325659710808978,-14.664866658669819
C/2023 F3 (ATLAS),2023,5.191,145.96,1.0035,,1165.0,1332.0,False,47.6551393191646,0.09112983055211679,0.11383089281901669,0.10885632876480451,-178.7418065285538,2.489140820950903,45.451621289289264,-133.29018523926456,-307.0,304.0,0.7543;0.3479;0.5568,4.91047139343994,6.133703305393951,5.865652170710082,
C/2023 H1 (PANSTARRS),2023,4.448,21.78,0.9941,,1221.0,772.0,False,58.08579893223644,0.11521558410621237,0.09902313576534759,0.05709654900926235,290.25717119036926,3.91780238031779,929.371013326725,1219.6281845170943,-317.0,320.0,0.0353;0.9858;0.1645,6.713370967106894,5.769870889220483,3.3268964212985304,
C/2023 H2 (Lemmon),2023,0.894,113.75,0.9963,,292.0,724.0,True,137.54869576780484,0.21331070112046355,0.08535249260890805,0.1286344180349312,-141.97973924186954,4.384853209731876,4619.580759029798,4477.601019787929,-377.0,373.0,-0.5780;-0.6822;-0.4478,27.723960082945084,11.093250763509044,16.71859617056587,20.093183775572292
C/2023 H5 (Lemmon),2023,4.313,97.86,1.0004,,1360.0,2731.0,False,67.58299117539168,0.06525386315561874,0.10422712119251865,0.06402125264507369,-229.6347894529023,4.700029422732356,38.59482114145526,-191.03996831144704,-304.0,303.0,0.4246;-0.2845;-0.8595,3.8574214521562795,6.1612893665115545,3.7845568278168646,
C/2023 K1 (ATLAS),2023,2.04,138.0,0.9972,,297.0,218.0,False,38.55110541545853,0.07777565654044144,0.0937627126501179,0.01757323933113438,386.0309055545447,2.8319006267179394,1733.7007415345026,2119.7316470890473,-323.0,329.0,0.4710;0.8436;0.2579,6.690760102882825,8.066069061227045,1.511762598031266,-10.505606292830839
C/2023 Q1 (PANSTARRS),2023,2.576,36.64,1.0053,,659.0,1450.0,True,107.20139440254515,0.5787763409827023,0.4499538083343621,0.13378992789332253,-1037.8530445838853,2.7611092953118783,60.90268397323703,-976.9503606106482,-302.0,291.0,0.0102;-0.8036;-0.5951,44.27080239906283,34.41712234410714,10.233637834424137,19.659333758936768
C/2023 Q2 (PANSTARRS),2023,3.209,104.05,0.9905,,361.0,136.0,False,59.72456193427587,0.02194086966972603,0.08544228411405405,0.10260607564988927,369.86021028799587,2.6525233461466375,3007.5782281766687,3377.4384384646646,-346.0,354.0,-0.0807;0.9867;-0.1409,1.5072382711496477,5.869497541787818,7.048572203378854,
C/2023 R1 (PANSTARRS),2023,3.57,149.32,1.0023,,1136.0,4787.0,True,58.134507297744314,0.07444888081898714,0.010998149948149915,0.06353823480333985,38.242504028029074,3.3775022940902373,40.71059061755014,78.95309464557921,-303.0,305.0,-0.0715;0.9519;-0.2981,4.837292672322784,0.7146013421295724,4.128376870752559,
C/2023 R2 (PANSTARRS),2023,0.906,30.74,1.0007,,195.0,309.0,False,50.91872658476247,0.4557406417580795,0.3253953682773735,0.15880723179270767,-554.052008533168,1.3076725598162044,119.77863787312305,-434.27337066004486,-299.0,295.0,0.9615;-0.1844;0.2037,58.77978079325094,41.96831852586053,20.482382780584793,-0.8916809014399263
C/2023 S2 (ATLAS),2023,1.068,20.49,0.9929,,70.0,392.0,False,89.03512562742124,0.7759511655539764,0.12125812097953739,0.8361370281977383,444.6280572744081,0.6632890579827606,6454.996618182022,6899.62467545643,-447.0,475.0,-0.5755;0.7428;-0.3421,92.33387771176672,14.429042716998655,99.49566098888681,8.12952913249228
C/2023 T2 (Borisov),2023,1.995,48.6,0.9914,,235.0,368.0,False,109.95656516300696,0.4721412469915663,0.42520458757772095,0.06125081205903118,-978.3171939992826,2.2779258918301086,6031.136151620178,5052.818957620895,-429.0,393.0,-0.1432;-0.7020;-0.6976,41.15980678076864,37.068014664069445,5.339655464501135,7.754940080266628
C/2023 T3 (Fuls),2023,3.548,27.22,0.9954,,1030.0,1367.0,False,41.572417318315225,0.02960535062076845,0.07220442175046345,0.08295644807817182,-663.6245045404427,2.957277014929896,1674.3873600224945,1010.7628554820518,-325.0,316.0,0.9029;0.1929;0.3840,1.9323548790449947,4.712815884039984,5.414605597666697,
C/2023 U1 (Fuls),2023,4.973,108.15,0.9979,,1081.0,641.0,False,119.51216477583851,0.08543373050371117,0.06423789205517548,0.07609859599530004,-90.53841280580059,4.730900904440048,466.91821218987576,376.37979938407517,-312.0,310.0,-0.0992;-0.3768;0.9210,4.705815677723403,3.5383176850040177,4.191622722969665,
C/2023 V1 (Lemmon),2023,5.093,102.01,1.0003,,1374.0,468.0,False,60.59417038790393,0.07382676034954626,0.05455193865745051,0.07235585668571731,123.98119057445979,4.170723675902818,683.2600130632117,807.2412036376714,-314.0,316.0,0.1700;0.2562;-0.9516,4.019459343126464,2.970051760150123,3.9393767626851224,
C/2023 V4 (Camarasa-Duszanowicz),2023,1.122,67.13,1.001,,342.0,1135.0,False,101.4283411107891,0.21759936717435097,0.23795658377452047,0.08148218517411042,-857.2080659582042,3.5681923341107242,99.70048764397411,-757.50757831423,-300.0,291.0,0.0252;-0.6969;-0.7168,25.21946469770254,27.578837852405236,9.443672190662326,5.578448596354431
C/2023 X1 (Leonard),2023,0.95,110.59,0.9942,,89.0,255.0,False,75.54738863302863,0.06374027680450364,0.13276922925341736,0.08645841572660615,-803.1838102407846,2.3478942955670288,7258.975569993762,6455.791759752978,-506.0,447.0,0.7229;-0.3737;0.5813,8.042011348638171,16.751286657896717,10.908323517188057,-24.170105286720762
C/2023 X2 (Lemmon),2023,5.089,76.99,1.0003,,1086.0,612.0,False,92.82639910286514,0.13151336087909168,0.15180405332520994,0.024306696671319242,379.18216641932304,2.335599810286213,307.4831957002667,686.6653621195898,-309.0,315.0,0.0140;-0.4746;-0.8801,7.159556658977001,8.264177218035014,1.3232508913742218,
C/2023 X7 (PANSTARRS),2023,4.822,69.06,1.002,,72.0,69.0,False,97.65413428354606,0.27570356488008846,0.21364725537762955,0.07864286174382291,698.5406864556516,2.621385865479116,320.0472284149041,1018.5879148705557,-308.0,319.0,0.4569;-0.8850;0.0893,15.419096277179877,11.948512894476613,4.398208841689616,
C/2024 A1 (ATLAS),2024,3.875,94.46,1.0021,,905.0,1939.0,False,102.43615657917874,0.3967060069445837,0.17420841309612214,0.23408667227431046,199.40451993828043,3.802580563736871,362.24553862485294,561.6500585631334,-308.0,311.0,0.3832;-0.9167;0.1132,24.74844408713485,10.86796543421167,14.603461553163479,
C/2024 B1 (Lemmon),2024,1.634,70.9,1.0009,,674.0,763.0,True,82.63321228116969,0.21084269593207938,0.22917213521044666,0.0741014809956985,-552.3174530213336,2.67070556387241,99.1304955351596,-453.1869574861739,-301.0,294.0,0.2206;-0.4492;-0.8657,20.24942244216482,22.009789608003153,7.116737839262502,-6.722047951025996
C/2024 B2 (Lemmon),2024,4.076,99.84,0.9993,,591.0,92.0,False,79.06982351660994,0.12993616572674813,0.0745987282505106,0.13983922782428043,101.27470805614826,3.1560831039598956,1037.8482592097503,1139.1229672658985,-317.0,318.0,0.3869;-0.5355;-0.7507,7.909249217999464,4.540844573787869,8.512051260930484,
C/2024 D1 (Lemmon),2024,6.696,132.46,0.9989,,809.0,72.0,False,129.52459903626198,0.07486457942994056,0.06873568485161742,0.04286889251658905,3.3819392753401445,4.544005168772109,76.85698694850919,80.23892622384933,-306.0,313.0,-0.5880;-0.5436;-0.5990,3.5521154145316314,3.2613164669989847,2.03400934155487,
C/2024 E1 (Wierzchos),2024,0.566,75.24,1.0001,,783.0,2233.0,True,106.85743426227546,0.08770248431851968,0.0732156313079866,0.15832313159736255,226.1039584796839,1.7863228994851061,-7.138937551434751,218.96502092824917,-297.0,301.0,-0.3555;0.3523;0.8657,14.310860888517109,11.946967325443257,25.834391458005694,-31.157492045378515
C/2024 G2 (ATLAS),2024,5.348,122.12,0.9926,,769.0,691.0,False,45.82794352714457,0.08498839262729707,0.08238509383253703,0.08473005667306797,115.87999132653022,3.841851603623686,1986.4583351791748,2102.338326505705,-334.0,335.0,0.8871;0.1446;0.4383,4.523587025731979,4.385024002146828,4.509836851917591,
C/2024 G4 (PANSTARRS),2024,4.9,33.03,0.9985,,2058.0,767.0,False,71.52094912465314,0.09380929534130467,0.08804833710724094,0.052519220854648795,-2.7816240212219014,4.067540946558005,45.289340681918475,42.50771666069657,-305.0,307.0,-0.3023;0.8610;-0.4090,5.2027678536871695,4.8832587027275425,2.9127744001180274,
C/2024 G5 (Leonard),2024,2.953,50.39,0.9944,,142.0,92.0,False,66.57389116154526,0.053436986837770026,0.15248793823317633,0.09912648223037764,-766.9178254118763,3.0426583755662286,2435.046483898848,1668.1286584869715,-335.0,324.0,0.8475;-0.3696;0.3808,3.824325797719272,10.913107016991662,7.094186735896691,-14.027467512695335
C/2024 G6 (ATLAS),2024,6.43,120.45,1.0018,,875.0,1581.0,False,24.527549230596858,0.01831143644109656,0.06212762189372785,0.05344621741570672,-3.460808562686026,6.583980085858591,59.23429813414425,55.77348957145822,-309.0,309.0,0.4903;0.8010;-0.3436,0.886585865536069,3.008036622770258,2.587708565603698,
C/2024 G7 (ATLAS),2024,6.028,131.52,1.0016,,727.0,87.0,False,68.04005598081298,0.029203094142672307,0.040376862175588786,0.04796293221258545,81.15574342376539,2.008277306592414,353.4355181966286,434.591261620394,-311.0,313.0,0.1999;0.6809;0.7046,1.460952869676841,2.019946666465625,2.399457506514768,
C/2024 J2 (Wierzchos),2024,1.811,79.3,0.9876,,614.0,451.0,True,121.85462986361378,0.1416462092145319,0.08629898996937217,0.16664194118698708,749.1639405981086,3.9090707093389834,6735.421576948556,7484.585517546665,-467.0,539.0,-0.8077;-0.0146;-0.5894,12.960945054896861,7.896550663011857,15.248110454510561,1.0622512097009071
C/2024 J3 (ATLAS),2024,3.865,75.64,1.0004,,854.0,3033.0,False,85.93094595154977,0.10937587988045219,0.023471266926138032,0.08762700779028691,358.89340432945374,3.854193665105586,63.61368593887078,422.50709026832453,-304.0,310.0,-0.3049;0.1976;-0.9317,6.830240967873515,1.4657199475974616,5.472080125486209,
C/2024 J4 (Lemmon),2024,5.695,117.53,0.9991,,813.0,876.0,False,34.28040594023609,0.0409233496878922,0.02305426247876314,0.048268135111472744,53.07240425743737,3.732509339318371,792.1521867421567,845.224590999594,-317.0,317.0,0.4587;0.5476;-0.6998,2.107546625617554,1.1872912032808038,2.4858020190154213,
C/2024 L2 (PANSTARRS),2024,8.326,139.59,1.0034,,1116.0,39.0,False,66.38630534413757,0.0439748943327589,0.059637071227061154,0.08397353179782491,34.09211018971756,5.947287955554402,3.4439461985802162,37.53605638829777,-311.0,312.0,-0.1208;0.9799;0.1589,1.8709071439877567,2.5372527733875145,3.5726448677193927,
C/2024 L3 (PANSTARRS),2024,6.859,111.59,1.0056,,430.0,34.0,False,55.666414008599396,0.21101398673102734,0.18854379363284274,0.07667070520943436,-235.9544091103731,2.287974836916003,113.18520888147025,-122.76920022890285,-311.0,307.0,0.0724;0.5984;-0.7979,9.89299218979477,8.839519629670706,3.5945611927129266,
C/2024 N1 (PANSTARRS),2024,4.399,88.78,1.0014,,631.0,57.0,False,77.5881265058067,0.4410316661061757,0.5869296571773615,0.14648898137342795,-62.83661248376859,1.6867285369364093,185.82360311822094,122.98699063445235,-306.0,307.0,0.0124;-0.0365;-0.9993,25.819277251267913,34.36057024985971,8.575891290821293,
C/2024 N3 (Sarneczky),2024,5.015,88.73,1.0014,,1060.0,736.0,False,78.10502201847568,0.07399807066309076,0.025976303531528085,0.061560566704350415,-83.58074716020944,4.972425262495209,40.947011808277566,-42.633735351931875,-306.0,305.0,0.0153;-0.0565;-0.9983,4.056670588124899,1.4240547838650026,3.3748304259830064,
C/2024 N4 (Sarneczky),2024,5.398,49.77,1.0045,,613.0,469.0,False,92.69489411658436,0.16188260027455023,0.08006974612425498,0.11238701035412386,685.4442323322767,3.184845511163592,39.87710428144717,725.3213366137238,-307.0,315.0,0.2217;-0.6967;-0.6823,8.554007423272463,4.230950093245415,5.938620452217379,
C/2024 O1 (PANSTARRS),2024,6.608,59.07,1.0018,,414.0,37.0,False,86.22776774074018,0.17915788533647878,0.046886742570646046,0.19370195007941854,116.87646287852078,5.1047928661868,49.139243699434594,166.01570657795537,-310.0,309.0,-0.4654;0.8724;0.1495,8.556549897767187,2.239302789246591,9.25117193718005,
C/2024 Q3 (PANSTARRS),2024,2.092,121.38,1.0015,,319.0,78.0,False,66.43718574150904,0.12898110409957309,0.13142011678788776,0.1560584176487218,559.6267326473468,2.6989757930288105,63.082955411467665,622.7096880588144,-301.0,308.0,-0.1227;0.5843;-0.8022,10.947680082118312,11.154699015738876,13.245952905015235,-9.459820876187761
C/2024 Q4 (PANSTARRS),2024,5.419,3.31,0.996,,145.0,48.0,False,115.75105635691547,0.30339498334953896,0.4656470934590287,0.1636688368839186,3367.5730775861516,1.1633538186700854,68.11962691302858,3435.6927044991803,-307.0,360.0,0.1191;-0.9919;-0.0435,16.00115828298332,24.558391718247133,8.63195210434365,
C/2024 R4 (PANSTARRS),2024,4.409,95.37,1.0025,,796.0,1890.0,False,60.78829798036833,0.021879017333992307,0.03131845338768633,0.05224989700233233,-244.03920305524554,2.439212115029806,10.250677576122436,-233.7885254791231,-303.0,304.0,0.3377;0.0064;-0.9412,1.2791609378704878,1.831039374232075,3.0548002331576427,
C/2024 T5 (ATLAS),2024,3.841,52.39,1.0023,,704.0,1520.0,False,118.41866556550995,0.19181601074285257,0.13808600318694517,0.06448644192733964,-72.2716407904,3.15480092747492,22.220960373969092,-50.05068041643091,-302.0,305.0,0.1064;-0.9891;0.1022,12.01529634738082,8.649665079005098,4.039411033231598,
C/2024 U1 (PANSTARRS),2024,4.836,128.72,0.9937,,680.0,119.0,False,129.27949803414697,0.22641863035939214,0.11965182944632138,0.12184546357405496,332.2282783215787,4.975091563359478,1904.326057935255,2236.5543362568337,-331.0,336.0,-0.0849;-0.9901;0.1114,12.668748950917754,6.694850977445616,6.817590877471997,
C/2024 V1 (Borisov),2024,2.318,54.62,0.9902,,212.0,422.0,False,70.77377739001733,0.14743247864374978,0.19610253395380306,0.056005497379332685,-800.2908126823195,3.876729534311579,5328.939159166348,4528.6483464840285,-403.0,379.0,0.7755;-0.6110;-0.1592,11.924612694467198,15.861137161325479,4.529828645310186,0.13772481502113543
C/2025 A1 (Lemmon),2025,5.345,33.42,1.0025,,1671.0,484.0,False,47.81727662468337,0.18783329356902154,0.07316106231710665,0.2569353367272337,1558.7419760254484,2.466723712645913,153.5373581791953,1712.2793342046436,-306.0,331.0,0.8328;-0.2132;-0.5109,9.975860276189595,3.885597283981318,13.64588231672969,
C/2025 A6 (Lemmon),2025,0.53,143.66,0.9955,,629.0,2099.0,True,105.71011414261979,0.5223691149331309,0.15247926245126522,0.37367805258762055,15.328355879184528,0.5402278439568245,7655.8804014329935,7671.208757312178,-1813.0,5483.0,-0.7709;0.4671;-0.4331,88.1745136628272,25.73809290395735,63.075858835190964,7.170158647652045
C/2025 B1 (PANSTARRS),2025,3.53,39.65,1.0027,,60.0,50.0,False,88.89230047353149,0.3689216444392388,0.2938071497771997,0.09154541372886939,608.769915200311,2.965483651071642,153.35798026568614,762.1278954659971,-304.0,313.0,0.5079;-0.8228;-0.2550,24.108383234784938,19.19978258449726,5.982332429741783,
C/2025 B2 (Borisov),2025,8.239,91.74,1.0018,,604.0,487.0,False,85.4545028210775,0.027947093181419302,0.008311396164410132,0.02315771596507073,-4.00039989558708,6.516572148028563,130.55187252648892,126.55147263090184,-312.0,313.0,-0.0471;-0.1897;-0.9807,1.195580230918144,0.3555625939696742,0.9906900592961764,
C/2025 D1 (Groeller),2025,14.123,84.5,1.0029,,2862.0,183.0,False,82.17509691689362,0.01421184411492361,0.22004415110767936,0.205840806300017,-29.39575779246441,9.161153183384569,35.454936525539054,6.059178733074645,-317.0,325.0,0.6844;-0.7215;0.1050,0.46430552040241346,7.188913223743696,6.724885378444464,
C/2025 D5 (PANSTARRS),2025,2.012,73.38,0.9994,,42.0,29.0,False,48.54148744192224,0.03708280472676225,0.12589802026737057,0.08882724432550465,-695.863522387341,3.3052324020178157,833.8092993469184,137.9457769595773,-310.0,302.0,0.8499;0.1622;0.5014,3.210726606487943,10.900581181899678,7.690896059193637,-14.225856493044377
C/2025 D6 (ATLAS),2025,2.504,145.79,0.998,,239.0,144.0,False,46.54713478553001,0.18144772894597935,0.103259789289013,0.2103345734541592,273.5906648085961,2.0599921034067115,1645.4256856539494,1919.0163504625455,-323.0,326.0,0.6151;0.5736;0.5409,14.091093410007002,8.019077145916324,16.334423908821325,-11.489962477556013
C/2025 E1 (PANSTARRS),2025,3.998,69.06,0.9975,,542.0,286.0,False,89.67671355360405,0.032490395883620904,0.047894062699292285,0.05835378077622447,-255.28142255112596,4.292372433075018,673.0588509201352,417.7774283690093,-311.0,309.0,0.0202;0.3648;0.9309,1.9961284442524034,2.9424911043654203,3.5851099523170666,
C/2025 F1 (ATLAS),2025,1.07,109.24,0.9963,,37.0,69.0,False,88.372119671906,0.0988814756368049,0.09523518686499,0.09597039593808922,-688.2959928790397,3.6541875731132545,4422.768646356085,3734.4726534770452,-372.0,356.0,0.6080;-0.6804;0.4091,11.748975207609215,11.315727664488088,11.403084301478213,-3.7099526990442957
C/2025 F2 (SWAN),2025,0.333,90.36,1.0001,,215.0,375.0,False,61.242217112105,0.2685412720906749,0.26424233767585853,0.09185424532794292,-473.7472392502111,1.036854448320178,301.60435419135223,-172.1428850588589,-301.0,296.0,0.7781;-0.4511;-0.4371,57.12975329406337,56.215193455146355,19.541168974673877,-8.869525750114768
C/2025 J1 (Borisov),2025,3.58,95.44,0.9972,,495.0,919.0,False,113.89778857686888,0.2746706169425085,0.12630130547589047,0.14855721240325157,-189.85972810088992,2.624628580479348,1311.629149114989,1121.7694210140992,-319.0,318.0,0.0889;-0.9695;-0.2283,17.8420038865934,8.20425718727072,9.649952334126391,
C/2025 K1 (ATLAS),2025,0.334,147.86,1.0003,,278.0,2410.0,True,52.29847913762386,0.07832783253329693,0.033575800385879505,0.09685665614124112,-649.119695812362,4.298509680469691,50.205299648047806,-598.9143961643142,-298.0,291.0,0.8419;0.0936;0.5314,16.638233505061617,7.132100925965544,20.574087259626083,6.676327728712806
C/2025 K3 (PANSTARRS),2025,3.47,104.94,1.0014,,487.0,97.0,False,50.16068791208609,0.3294904179500742,0.1922077202248549,0.1438700821004102,-142.335195615229,2.110527547727899,52.16636268710886,-90.16883292812015,-301.0,305.0,0.9687;-0.1994;0.1477,21.715019572977692,12.66742272120513,9.481737490920594,
C/2025 L1 (ATLAS),2025,1.68,114.14,1.0015,,597.0,137.0,True,30.06843193018067,0.0010001447191217432,0.06531654888219655,0.0650104688039721,-602.1330766140862,3.622850257821232,39.0714382322981,-563.0616383817882,-300.0,294.0,0.7732;0.5627;0.2924,0.09472788719629927,6.186403383699845,6.157413260002004,-12.216287685072551
C/2025 L2 (MAPS),2025,2.834,86.58,0.9944,,365.0,382.0,False,109.63087665940647,0.017446848234361552,0.036125771068594506,0.04057969639428769,315.1984447097034,3.7757332827024856,2295.434431505537,2610.6328762152402,-333.0,339.0,-0.4621;0.3961;0.7934,1.2743450313470852,2.6386827148628744,2.964004373683148,-5.476043845362664
C/2025 M1 (PANSTARRS),2025,10.828,64.9,0.9983,,1883.0,80.0,False,79.03512257169562,0.02693050286225278,0.054884609750347195,0.0505831608765751,34.59754588107873,9.575471285468083,141.931888000994,176.52943388207274,-313.0,322.0,-0.0523;0.7146;0.6976,1.0050780357791742,2.0483581775112447,1.8878230472476671,
C/2025 M2 (PANSTARRS),2025,2.721,173.22,1.0019,,464.0,570.0,False,8.208246229548502,0.18047528203630245,0.09832489218551843,0.08411024379860879,-339.7919759682142,1.9980138741037634,52.89499589926504,-286.8969800689492,-301.0,300.0,0.8717;0.4759;-0.1170,13.431719209937889,7.317746387661261,6.259833283735141,-10.279846340895428
C/2025 M3 (PANSTARRS),2025,6.471,137.22,0.9996,,357.0,34.0,False,30.7079102318703,0.042055354024451416,0.08067249994667501,0.06962076669948192,-2.4910317193499623,5.684487907037513,541.5709986144417,539.0799668950917,-314.0,316.0,0.5947;0.7788;0.1997,2.031322797985554,3.8965761224336033,3.362764477684975,
C/2025 N2 (ATLAS),2025,8.985,81.66,1.0022,,884.0,49.0,False,87.53858692156287,0.07715861699206406,0.05971884972097396,0.0485361810364096,-17.082255769201964,6.388444780038778,61.33167222479681,44.24941645559485,-314.0,312.0,-0.1602;0.6300;0.7599,3.1604414718598326,2.4461030623364235,1.9880573993303012,
C/2025 O2 (MAPS),2025,2.289,134.54,0.9989,,54.0,88.0,False,146.3195799450237,0.22087755765878214,0.10565722690737091,0.13372958028000276,112.11748571758199,3.4272698852938275,582.4019324412143,694.5194181587963,-308.0,309.0,-0.4792;-0.5271;0.7018,17.928171731304076,8.575977246067634,10.85455175359586,9.918094018626686
C/2025 Q1 (ATLAS),2025,10.1,66.15,0.9913,,2085.0,24.0,False,84.96982887151414,0.00379250953112022,0.04180182494425565,0.03983157861341434,54.22083583018957,9.660752493135478,625.4171285041785,679.6379643343681,-323.0,323.0,0.0685;0.4308;0.8998,0.1467288205237406,1.6172754265956464,1.5410483484846043,
C/2025 Q3 (ATLAS),2025,2.113,90.19,0.9973,,339.0,1443.0,False,149.4298721455213,0.24203601669683397,0.1513471121854217,0.11111137515597927,242.0161983902276,3.7104968197723918,1924.8764767905768,2166.8926751808044,-326.0,330.0,-0.4717;-0.6234;0.6236,20.461374976567583,12.79466608445082,9.393195038721302,10.176298999810362
C/2025 R1 (ATLAS),2025,1.975,110.03,0.9881,,288.0,386.0,False,97.07930033145372,0.4069356687557979,0.3422187846887122,0.07314873084390341,-253.0035204035612,1.7383617644443046,6937.1322015156,6684.128681112039,-483.0,465.0,-0.3971;-0.0163;-0.9176,35.66953066889592,29.996838255168043,6.411777336218702,-1.3855849001858402
C/2025 R3 (PANSTARRS),2025,0.499,124.73,1.0004,,291.0,899.0,False,14.705693554534298,0.035569302108302475,0.04305809293911901,0.06387154126719395,-817.3854560154705,1.6311966308010435,270.3236929752216,-547.0617630402489,-301.0,292.0,0.6344;0.7314;-0.2502,6.181619030350044,7.483102308631202,11.100289058044645,-40.36972840205088
C/2025 T1 (ATLAS),2025,1.109,123.43,0.9997,,218.0,821.0,False,114.26848403865569,0.17290936146452743,0.09898227679586666,0.09883087343796439,338.9999368915076,4.050090579485737,422.2767915860464,761.276728477554,-304.0,308.0,-0.6359;-0.1260;-0.7615,20.158866286028687,11.539979476610979,11.522327916155511,10.51075865729137
C/2025 V2 (Rankin),2025,1.952,37.28,1.0007,,567.0,570.0,False,35.479145136666084,0.11100027120231126,0.07305143713224864,0.15986769090755362,-84.95318240921938,1.4953190460384223,44.46931978830875,-40.48386262091063,-300.0,301.0,0.3545;0.7254;-0.5900,9.75340092578005,6.418902826432023,14.047296169737514,-37.500582511344774
C/2025 Y1 (ATLAS),2025,2.602,14.56,0.9996,,259.0,1486.0,False,75.57404369186217,0.12642036794322417,0.014048653770310423,0.1404347327196738,-719.4852672525548,2.0568807390768113,182.9344632176884,-536.5508040348664,-302.0,297.0,-0.3623;0.9087;-0.2075,9.62227155826121,1.0692894175614713,10.68895112730099,-26.950196613101404
C/2025 Y3 (PANSTARRS),2025,2.227,89.55,1.0007,,33.0,27.0,False,121.76236244874215,0.34132427579908947,0.2557498829893239,0.08904721082248575,-220.16310321102193,3.811680794916315,462.00074725445995,241.83764404343802,-306.0,304.0,0.0446;-0.7688;0.6379,28.085446016509692,21.0440629094114,7.327139643439192,19.378411621507865
C/2026 A2 (Bok),2026,1.938,82.31,0.9976,,235.0,1238.0,False,141.63880678436774,0.08417241700174245,0.06728034196213296,0.12419426497623762,608.5910081807178,2.4227484184315755,1175.0901919554112,1783.681200136129,-314.0,324.0,-0.8413;-0.3588;-0.4044,7.426818810885539,5.936373542378342,10.958082661574641,-20.834744816470508
C/2026 A3 (PANSTARRS),2026,4.825,157.38,1.0016,,133.0,72.0,False,144.59254321721303,0.22730748426575834,0.1060170388165474,0.33231691901135024,-231.3030007447038,4.217971293612916,22.68548192309722,-208.61751882160658,-304.0,304.0,-0.3175;-0.8895;0.3287,12.703970594821028,5.925178170115825,18.57283485811593,
C/2026 B2 (Sun-Gao),2026,1.284,59.58,0.9976,,217.0,194.0,False,50.7600708823953,0.1674028137819763,0.07075048067581373,0.12604581833442713,107.54046520689599,3.3969875685643807,2152.5284415544106,2260.0689067613066,-328.0,329.0,0.0881;0.7690;-0.6332,18.148596656562137,7.670253014477607,13.664971726085266,-0.9006211162397797
C/2026 B3 (PANSTARRS),2026,5.816,100.83,0.9949,,507.0,452.0,False,63.91630183080401,0.09061363919048486,0.15374858744870468,0.06508350329107453,286.56665592541026,2.678264121697796,1223.9932410443103,1510.5598969697205,-322.0,328.0,0.8587;-0.2924;0.4208,4.620810721521986,7.8403552450681975,3.3189104034262042,
C/2026 C1 (Tsuchinshan),2026,1.152,99.6,0.9999,,223.0,925.0,False,141.16107124729095,0.08932561917377943,0.047419057317809606,0.08454160449819802,489.1595505978507,2.173321755962729,25.216578415540273,514.3761290133909,-297.0,307.0,-0.6437;-0.1669;0.7469,10.216813564697246,5.423658660425662,9.669631395871727,-24.181782792048253
C/2026 H1 (PANSTARRS),2026,6.084,115.59,1.0006,,110.0,44.0,False,37.786830457310266,0.0821815293094007,0.12113194030839489,0.07706175476764199,178.93320721781117,3.0688058771764246,377.1591777776116,556.0923849954228,-312.0,314.0,0.9855;0.0555;0.1601,4.092525695021172,6.032201911618235,3.8375680537976957,
C/2026 H2 (Leonard),2026,4.547,148.65,1.0022,,102.0,379.0,False,37.46491616561881,0.0693415400625172,0.06528000951395933,0.11251196263411088,289.9489715753556,2.1934714504094974,159.6640843796853,449.61305595504086,-307.0,310.0,0.2911;0.8255;-0.4836,3.9927522457179077,3.7588854293162868,6.47854649712791,
C/2026 H3 (Bok),2026,7.728,142.57,1.0037,,303.0,59.0,False,41.36120030140043,0.03344073757886286,0.03884708823718613,0.07104168368790183,29.71975794694582,4.201616684166219,87.16719555502786,116.88695350197368,-311.0,312.0,0.2497;0.7592;-0.6010,1.4769913790042284,1.7157759840203728,3.1377284699395784,
C/2026 L1 (PANSTARRS),2026,4.879,67.26,0.9938,,148.0,194.0,False,107.91899809975374,0.04779618398780667,0.04586703553194726,0.04172124524721485,150.96233626108688,4.287634604295018,1277.9533169073497,1428.9156531684366,-321.0,325.0,-0.7114;0.6237;0.3239,2.660531238143462,2.5531469387789025,2.322375282151752,
C/2026 L2 (PANSTARRS),2026,3.399,55.54,0.999,,40.0,36.0,False,70.21304871094506,0.08563148594144858,0.04394318593629086,0.052321383690465066,25.40608763842522,3.7451531797593995,331.2545427580463,356.6606303964715,-307.0,307.0,-0.2361;0.9717;0.0007,5.703516442728281,2.926851972472747,3.484884898399495,
C/2026 M3 (MASTER),2026,12.052,93.9,1.0009,,78.0,236.0,False,63.379232570909586,0.027549382104420574,0.0511005797767878,0.023639179226961706,-21.920563453196422,7.971321025482384,107.3458200870233,85.42525663382688,-318.0,319.0,-0.0823;0.6234;-0.7775,0.9745078245047043,1.8075873586005398,0.8361917169041262,
C/2026 N1 (PANSTARRS),2026,5.212,86.08,0.9995,,35.0,85.0,False,70.84342046867933,0.019873460974727836,0.05804861102832685,0.06404247364061884,1.203804804554693,3.5652501987767393,175.56083331456935,176.76463811912404,-307.0,310.0,-0.0461;0.2740;-0.9606,1.0688904371315506,3.122133849551958,3.444512645872662,
C/2026 O1 (PANSTARRS),2026,1.5,137.26,1.0013,,50.0,113.0,False,48.08394897899977,0.24180268352207732,0.15269862371907378,0.10759410633288619,-217.08851096017975,0.8578843464410331,-271.4079934184865,-488.49650437866626,-296.0,295.0,0.5885;0.5843;0.5588,24.23448574471633,15.304100706640103,10.783535559487502,-38.52188277447554
C/2026 P2 (PANSTARRS),2026,2.48,63.01,0.9999,,379.0,252.0,False,93.76904736334376,2.0044327317803705,0.10710407940231029,2.1114591711158393,-2725.5364138459045,1.1414593664938608,588.7801123071848,-2136.7563015387195,-307.0,281.0,0.0019;-0.4846;-0.8747,156.3099984250688,8.352207693108035,164.65615157789057,100.10775051619731
