desig,name,q,e,a_osc,in_spike,in_training
C/1942EA,4.0 C/1942 EA (Vaisala) MPEC 2026-K60,1.277699,0.934894,19.6,0,0
C/1947X1,"4.0 C/1947 X1-B (Southern comet) 38, 189",0.124143,0.99944,221.7,0,0
C/1995O1,4.0 C/1995 O1 (Hale-Bopp) MPC194091,0.925218,0.994897,181.3,0,0
C/1997BA6,2.0 C/1997 BA6 (Spacewatch) MPC194093,3.453028,0.998784,2839.7,1,0
C/1999F1,2.0 C/1999 F1 (Catalina) MPEC 2026-L50,5.824793,0.999653,16786.1,1,1
C/1999J2,4.0 C/1999 J2 (Skiff) MPC194095,7.062645,1.000755,,0,1
C/2002A3,4.0 C/2002 A3 (LINEAR) MPEC 2026-N12,5.121737,0.968761,164.0,0,1
C/2002C2,4.0 C/2002 C2 (LINEAR) MPEC 2026-N12,3.281164,0.998335,1970.7,1,0
C/2002L9,2.0 C/2002 L9 (NEAT) MPEC 2026-N12,7.068136,1.000159,,0,1
C/2002P1,4.0 C/2002 P1 (NEAT) MPEC 2026-N12,6.58312,0.98526,446.6,1,0
C/2002VQ94,2.0 C/2002 VQ94 (LINEAR) MPC194103,6.75218,0.96412,188.2,0,0
C/2004B1,2.0 C/2004 B1 (LINEAR) MPC194106,1.585275,1.000884,,0,1
C/2004T3,4.0 C/2004 T3 (SidingSpring) MPEC 2026-L50,8.911434,0.999416,15259.3,1,1
C/2006S3,4.0 C/2006 S3 (LONEOS) MPC194111,5.102666,1.000578,,0,1
C/2007D1,4.0 C/2007 D1 (LINEAR) MPC194112,8.747053,0.99379,1408.5,1,1
C/2008S3,4.0 C/2008 S3 (Boattini) MPC194117,8.050019,1.00187,,0,1
C/2009F4,4.0 C/2009 F4 (McNaught) MPC194118,5.481904,0.999556,12346.6,1,1
C/2009P1,4.0 C/2009 P1 (Garradd) MPC194118,1.538031,0.999875,12304.2,1,0
C/2010L3,4.0 C/2010 L3 (Catalina) MPC194122,9.856011,1.00015,,0,0
C/2010S1,4.0 C/2010 S1 (LINEAR) MPC194123,5.893549,1.000751,,0,1
C/2010U3,4.0 C/2010 U3 (Boattini) MPC194123,8.444413,1.000623,,0,1
C/2011J2,3.6 C/2011 J2 (LINEAR) MPC194124,3.466941,1.000309,,0,0
C/2012A1,4.0 C/2012 A1 (PANSTARRS) MPC194126,7.626868,0.999574,17903.4,1,1
C/2012K1,3.2 C/2012 K1 (PANSTARRS) MPC194128,1.067484,0.999938,17217.5,1,1
C/2012K8,4.0 C/2012 K8 (Lemmon) MPC194128,6.458509,1.000701,,0,1
C/2012LP26,4.0 C/2012 LP26 (Palomar) MPC194129,6.563406,1.000986,,0,1
C/2012X1,3.6 C/2012 X1 (LINEAR) MPC194130,1.607707,0.989832,158.1,0,0
C/2013A1,2.4 C/2013 A1 (SidingSpring) MPC194130,1.391515,1.000083,,0,0
C/2013E1,4.0 C/2013 E1 (McNaught) MPC194131,7.772896,0.998771,6324.6,1,1
C/2013P3,4.0 C/2013 P3 (Palomar) MPC194133,8.683427,1.00195,,0,1
C/2013US10,4.0 C/2013 US10 (Catalina) MPC194135,0.8162,1.000155,,0,1
C/2013V4,4.0 C/2013 V4 (Catalina) MPC194135,5.187791,1.0006,,0,1
C/2013X1,2.0 C/2013 X1 (PANSTARRS) MPC194135,1.304548,1.000884,,0,0
C/2014A4,4.0 C/2014 A4 (SONEAR) MPC194136,4.207221,1.000016,,0,0
C/2014B1,4.0 C/2014 B1 (Schwartz) MPC194136,9.540903,1.001012,,0,1
C/2014M2,4.0 C/2014 M2 (Christensen) MPC194138,6.93048,0.99452,1264.7,1,0
C/2014OE4,2.0 C/2014 OE4 (PANSTARRS) MPC194138,6.267468,0.999592,15361.4,1,1
C/2014R3,4.0 C/2014 R3 (PANSTARRS) MPC194139,7.26666,1.000001,,0,0
C/2014UN271,3.2 C/2014 UN271 (Bernardinelli-Bernstein) MPEC 2026-RA1,10.95941,1.004073,,0,1
C/2015D3,4.0 C/2015 D3 (PANSTARRS) MPC194142,8.142586,0.99958,19387.1,1,1
C/2015ER61,2.0 C/2015 ER61 (PANSTARRS) MPC194142,1.062137,0.997664,454.7,1,0
C/2015O1,4.0 C/2015 O1 (PANSTARRS) MPEC 2021-P47,3.751788,1.00161,,0,1
C/2015V1,4.0 C/2015 V1 (PANSTARRS) MPC194145,4.286175,0.999878,35132.6,1,0
C/2015V2,4.0 C/2015 V2 (Johnson) MPEC 2026-L50,1.63038,1.000814,,0,1
C/2015XY1,4.0 C/2015 XY1 (Lemmon) MPC194146,7.960083,1.00066,,0,1
C/2015X5,4.0 C/2015 X5 (PANSTARRS) MPC194146,6.821931,1.000179,,0,1
C/2016A1,4.0 C/2016 A1 (PANSTARRS) MPC194147,5.341247,0.999413,9099.2,1,1
C/2016C1,4.0 C/2016 C1 (PANSTARRS) MPC194147,8.433763,1.001891,,0,1
C/2016E1,4.0 C/2016 E1 (PANSTARRS) MPC194147,8.164804,1.001203,,0,1
C/2016M1,4.0 C/2016 M1 (PANSTARRS) MPC194148,2.211182,0.998818,1870.7,1,0
C/2016N6,4.0 C/2016 N6 (PANSTARRS) MPC194148,2.678633,0.99747,1058.7,1,0
C/2016Q2,4.0 C/2016 Q2 (PANSTARRS) MPC194148,7.08124,1.000994,,0,0
C/2016R2,4.0 C/2016 R2 (PANSTARRS) MPC194149,2.59822,0.995637,595.5,1,0
C/2016X1,4.0 C/2016 X1 (Lemmon) MPC194149,7.570949,0.99834,4560.8,1,0
C/2017AB5,4.0 C/2017 AB5 (PANSTARRS) MPC194150,9.218219,1.000992,,0,1
C/2017B3,4.0 C/2017 B3 (LINEAR) MPC194150,3.926672,0.998379,2422.4,1,0
C/2017E3,4.0 C/2017 E3 (PANSTARRS) MPEC 2026-L50,5.898645,1.004287,,0,1
C/2017F2,4.0 C/2017 F2 (PANSTARRS) MPC194151,6.89975,1.002367,,0,1
C/2017K1,4.0 C/2017 K1 (PANSTARRS) MPC194151,7.262515,0.999661,21423.3,1,1
C/2017K2,4.0 C/2017 K2 (PANSTARRS) MPEC 2026-O98,1.800624,0.998299,1058.6,1,0
C/2017K5,4.0 C/2017 K5 (PANSTARRS) MPC194152,7.665235,1.002479,,0,1
C/2017M4,4.0 C/2017 M4 (ATLAS) MPC194152,3.22992,0.99977,14043.1,1,1
C/2017M5,4.0 C/2017 M5 (TOTAS) MPC194152,6.004141,1.001535,,0,0
C/2017S7,4.0 C/2017 S7 (Lemmon) MPC194153,7.645862,1.000426,,0,0
C/2017T2,4.0 C/2017 T2 (PANSTARRS) MPEC 2026-O98,1.600605,0.999132,1844.0,1,1
C/2017U4,4.0 C/2017 U4 (PANSTARRS) MPC194153,7.758146,0.999937,123145.2,1,0
C/2017U7,2.0 C/2017 U7 (PANSTARRS) MPC194154,6.407638,1.00217,,0,0
C/2018KJ3,2.0 C/2018 KJ3 (Lemmon) MPEC 2021-R75,3.617447,0.994042,607.2,1,0
C/2018N2,4.0 C/2018 N2 (ASASSN) MPC194156,3.138503,1.002064,,0,0
C/2018U1,4.0 C/2018 U1 (Lemmon) MPC194157,4.981128,0.999176,6045.1,1,1
2018W3,2.0 A/2018 W3 MPC194158,4.274905,0.993536,661.3,1,0
C/2019B3,4.0 C/2019 B3 (PANSTARRS) MPC194160,6.829631,0.997762,3051.7,1,0
C/2019E3,4.0 C/2019 E3 (ATLAS) MPEC 2026-RA1,10.313362,0.998999,10303.1,1,0
C/2019F1,4.0 C/2019 F1 (ATLAS-Africano) MPC194160,3.604939,0.999642,10069.7,1,1
C/2019K7,4.0 C/2019 K7 (Smith) MPC194161,4.469471,0.999421,7719.3,1,1
C/2019L3,4.0 C/2019 L3 (ATLAS) MPC194162,3.565195,1.00363,,0,0
C/2019M4,4.0 C/2019 M4 (TESS) MPC194162,9.188767,0.99908,9987.8,1,0
C/2019N1,4.0 C/2019 N1 (ATLAS) MPEC 2026-O98,1.702957,0.998192,941.9,1,1
2019N2,2.0 A/2019 N2 MPC194162,1.920384,0.974329,74.8,0,0
C/2019NJ3,4.0 C/2019 NJ3 (Lemmon) MPC194162,4.362838,1.001275,,0,1
C/2019O3,4.0 C/2019 O3 (Palomar) MPC194162,8.819606,1.000906,,0,1
C/2019Q1,4.0 C/2019 Q1 (Lemmon) MPC194163,4.995212,1.002452,,0,1
C/2019T2,4.0 C/2019 T2 (Lemmon) MPC194163,2.642672,0.998776,2159.0,1,0
C/2019T3,4.0 C/2019 T3 (ATLAS) MPC194163,5.950123,0.999224,7667.7,1,0
C/2019T4,4.0 C/2019 T4 (ATLAS) MPC194163,4.236654,0.995455,932.2,1,0
C/2019U5,4.0 C/2019 U5 (PANSTARRS) MPC194164,3.626718,0.999899,35908.1,1,0
C/2020A3,4.0 C/2020 A3 (ATLAS) MPC194165,5.756746,0.997858,2687.6,1,0
C/2020F2,4.0 C/2020 F2 (ATLAS) MPC194166,8.81619,1.000758,,0,1
C/2020F5,3.2 C/2020 F5 (MASTER) MPC194166,4.321071,0.973041,160.3,0,0
C/2020F7,4.0 C/2020 F7 (Lemmon) MPC194166,5.338074,0.991423,622.4,1,0
C/2020H5,4.0 C/2020 H5 (Robinson) MPC194166,9.334979,0.998896,8455.6,1,0
C/2020H6,3.2 C/2020 H6 (ATLAS) MPC194167,4.695183,0.997302,1740.2,1,1
C/2020H11,4.0 C/2020 H11 (PANSTARRS-Lemmon) MPC194167,7.623431,0.998181,4191.0,1,0
C/2020J1,3.2 C/2020 J1 (SONEAR) MPC194167,3.343778,0.99893,3125.0,1,0
C/2020K1,4.0 C/2020 K1 (PANSTARRS) MPC194167,3.07426,0.997807,1401.9,1,0
C/2020K2,4.0 C/2020 K2 (PANSTARRS) MPC194167,8.879705,0.999808,46248.5,1,0
C/2020K6,4.0 C/2020 K6 (Rankin) MPC194167,5.864248,1.000744,,0,1
C/2020K7,4.0 C/2020 K7 (PANSTARRS) MPC194168,6.378044,0.931584,93.2,0,0
2020M4,2.0 A/2020 M4 MPC194168,5.938698,0.998457,3848.8,1,0
C/2020M5,4.0 C/2020 M5 (ATLAS) MPC194168,3.002925,1.000022,,0,0
C/2020O2,3.2 C/2020 O2 (Amaral) MPC194168,4.850962,0.998809,4073.0,1,1
C/2020P3,4.0 C/2020 P3 (ATLAS) MPC194169,6.820554,1.003945,,0,0
C/2020P4,6.0 C/2020 P4-B (SOHO) MPEC 2020-QN1,0.102735,1.000552,,0,0
C/2020R2,4.0 C/2020 R2 (PANSTARRS) MPC194169,4.702922,0.9887,416.2,1,0
C/2020R7,3.2 C/2020 R7 (ATLAS) MPC194169,2.947931,0.999036,3058.0,1,1
C/2020S4,3.2 C/2020 S4 (PANSTARRS) MPC194170,3.373408,1.003407,,0,1
C/2020T2,3.2 C/2020 T2 (Palomar) MPC194170,2.044424,0.992021,256.2,1,0
C/2020U4,4.0 C/2020 U4 (PANSTARRS) MPC194171,5.362983,1.002069,,0,1
C/2020U5,4.0 C/2020 U5 (PANSTARRS) MPEC 2026-L50,3.7553,1.000209,,0,0
C/2020V2,4.0 C/2020 V2 (ZTF) MPC188409,2.229277,1.0013,,0,0
C/2020Y2,4.0 C/2020 Y2 (ATLAS) MPC194172,3.147034,0.997314,1171.6,1,0
C/2021A1,4.0 C/2021 A1 (Leonard) MPC194172,0.612952,1.000279,,0,0
C/2021A6,4.0 C/2021 A6 (PANSTARRS) MPC194172,7.929929,0.999869,60533.8,1,1
C/2021A9,4.0 C/2021 A9 (PANSTARRS) MPC194172,7.768447,1.000215,,0,1
C/2021C4,4.0 C/2021 C4 (ATLAS) MPC194173,4.49337,0.998072,2330.6,1,0
C/2021C5,4.0 C/2021 C5 (PANSTARRS) MPC194173,3.237079,0.998115,1717.3,1,1
C/2021D2,4.0 C/2021 D2 (ZTF) MPC191586,2.955478,1.00135,,0,1
C/2021E3,4.0 C/2021 E3 (ZTF) MPC194173,1.77827,0.999274,2449.4,1,1
2021E4,2.0 A/2021 E4 MPC194173,4.685084,0.991068,524.5,1,0
C/2021G2,4.0 C/2021 G2 (ATLAS) MPEC 2026-RA1,4.982134,1.001317,,0,0
C/2021K2,4.0 C/2021 K2 (MASTER) MPC194174,5.454609,0.999858,38412.7,1,0
C/2021K3,4.0 C/2021 K3 (Catalina) MPC194174,5.219226,1.002662,,0,1
C/2021L3,4.0 C/2021 L3 (Borisov) MPC194175,8.463516,1.003686,,0,0
C/2021N3,4.0 C/2021 N3 (PANSTARRS) MPC194175,5.702756,0.958403,137.1,0,0
C/2021P2,4.0 C/2021 P2 (PANSTARRS) MPC194175,5.063804,0.999314,7381.6,1,0
C/2021P4,4.0 C/2021 P4 (ATLAS) MPC194175,1.07861,0.996463,305.0,1,0
C/2021Q3,4.0 C/2021 Q3 (ATLAS) MPC194175,5.214166,0.929825,74.3,0,0
C/2021Q4,4.0 C/2021 Q4 (Fuls) MPC194176,7.561713,0.999725,27497.1,1,0
C/2021Q6,4.0 C/2021 Q6 (PANSTARRS) MPC194176,8.706458,1.003823,,0,1
C/2021R2,4.0 C/2021 R2 (PANSTARRS) MPC194176,7.313131,0.999571,17046.9,1,0
C/2021S1,4.0 C/2021 S1 (ATLAS) MPC194177,6.132292,1.002914,,0,0
C/2021S3,4.0 C/2021 S3 (PANSTARRS) MPEC 2026-O98,1.318781,0.999892,12210.9,1,0
C/2021S4,4.0 C/2021 S4 (Tsuchinshan) MPC xxxxx,6.696998,0.955035,148.9,0,0
C/2021T4,4.0 C/2021 T4 (Lemmon) MPC194177,1.480175,0.999252,1978.8,1,0
C/2021X1,4.0 C/2021 X1 (Maury-Attard) MPC194178,3.233834,1.000955,,0,0
C/2021Y1,4.0 C/2021 Y1 (ATLAS) MPC194178,2.032335,1.001845,,0,1
C/2022A2,4.0 C/2022 A2 (PANSTARRS) MPC194178,1.734249,1.000214,,0,0
C/2022A3,4.0 C/2022 A3 (Lemmon-ATLAS) MPC194178,3.705678,0.996434,1039.2,1,0
C/2022E2,4.0 C/2022 E2 (ATLAS) MPEC 2026-RA1,3.668289,1.000912,,0,0
C/2022E3,4.0 C/2022 E3 (ZTF) MPC194179,1.117893,1.000066,,0,0
C/2022F1,4.0 C/2022 F1 (ATLAS) MPC194179,5.980468,0.999838,36916.5,1,0
C/2022H1,4.0 C/2022 H1 (PANSTARRS) MPC194179,7.68805,0.99132,885.7,1,0
C/2022JK5,4.0 C/2022 JK5 (PANSTARRS) MPC194180,2.694736,0.937786,43.3,0,0
C/2022L2,4.0 C/2022 L2 (ATLAS) MPC194180,2.694849,1.000139,,0,0
C/2022N2,4.0 C/2022 N2 (PANSTARRS) MPEC 2026-RA1,3.827528,1.00458,,0,0
C/2022O1,4.0 C/2022 O1 (ATLAS) MPC194180,7.43496,1.000103,,0,0
C/2022QE78,4.0 C/2022 QE78 (ATLAS) MPEC 2026-RA1,5.476595,0.994914,1076.8,1,0
C/2022R3,4.0 C/2022 R3 (Leonard) MPC194181,5.136092,1.001268,,0,0
C/2022R6,4.0 C/2022 R6 (PANSTARRS) MPEC 2026-M30,6.567696,1.004546,,0,0
C/2022S4,4.0 C/2022 S4 (Lemmon) MPC194182,2.761424,0.997998,1379.3,1,0
C/2022T1,4.0 C/2022 T1 (Lemmon) MPC194182,3.443359,1.00082,,0,1
C/2022U1,4.0 C/2022 U1 (Leonard) MPC194182,4.201249,1.000718,,0,0
C/2022U3,4.0 C/2022 U3 (Bok) MPC194182,4.829,0.999332,7229.0,1,0
C/2022U4,4.0 C/2022 U4 (Bok) MPC194182,2.895014,0.999162,3454.7,1,0
C/2022V2,4.0 C/2022 V2 (Lemmon) MPC194182,2.066891,0.943696,36.7,0,0
C/2022W2,4.0 C/2022 W2 (ATLAS) MPC194183,3.128957,0.990767,338.9,1,0
C/2023A3,3.2 C/2023 A3 (Tsuchinshan-ATLAS) MPEC 2026-O98,0.391334,1.000178,,0,0
C/2023C2,4.0 C/2023 C2 (ATLAS) MPEC 2026-RA1,2.367541,0.99842,1498.4,1,0
C/2023F3,4.0 C/2023 F3 (ATLAS) MPEC 2026-P55,5.193937,1.002976,,0,0
C/2023H1,4.0 C/2023 H1 (PANSTARRS) MPEC 2026-S19,4.446223,0.99408,751.1,1,0
C/2023H5,4.0 C/2023 H5 (Lemmon) MPEC 2026-Q97,4.313215,1.000782,,0,0
C/2023P1,4.0 C/2023 P1 (Nishimura) MPC194185,0.223616,0.995984,55.7,0,0
C/2023Q1,4.0 C/2023 Q1 (PANSTARRS) MPC194185,2.576819,1.004615,,0,0
C/2023Q2,4.0 C/2023 Q2 (PANSTARRS) MPC194185,3.207261,0.990041,322.0,1,0
C/2023R1,4.0 C/2023 R1 (PANSTARRS) MPEC 2026-RA1,3.570075,1.002224,,0,0
C/2023R2,4.0 C/2023 R2 (PANSTARRS) MPC194185,0.904895,1.000425,,0,0
C/2023T3,4.0 C/2023 T3 (Fuls) MPEC 2026-O09,3.548586,0.99661,1046.8,1,0
C/2023TD22,4.0 C/2023 TD22 (Lemmon) MPEC 2026-HH0,2.354893,0.951143,48.2,0,0
C/2023U1,4.0 C/2023 U1 (Fuls) MPC191587,4.973927,0.999142,5797.1,1,0
C/2023V1,4.0 C/2023 V1 (Lemmon) MPEC 2026-N12,5.092848,1.000173,,0,0
C/2023V4,4.0 C/2023 V4 (Camarasa-Duszanowicz) MPEC 2026-O98,1.122365,1.001341,,0,0
C/2023X1,3.2 C/2023 X1 (Leonard) MPC194187,0.953631,0.99388,155.8,0,0
C/2023X2,3.2 C/2023 X2 (Lemmon) MPEC 2026-PB7,5.08881,1.000114,,0,0
C/2023X7,4.0 C/2023 X7 (PANSTARRS) MPC194187,4.820745,0.998066,2492.6,1,0
C/2024A1,4.0 C/2024 A1 (ATLAS) MPEC 2026-N12,3.874412,0.999355,6006.8,1,0
C/2024A2,4.0 C/2024 A2 (ATLAS) MPC194187,1.881029,0.941464,32.1,0,0
C/2024B1,4.0 C/2024 B1 (Lemmon) MPC194188,1.633969,1.001304,,0,0
C/2024B2,4.0 C/2024 B2 (Lemmon) MPC194188,4.080125,0.996375,1125.6,1,0
C/2024D1,4.0 C/2024 D1 (Lemmon) MPEC 2026-L50,6.690513,1.000036,,0,0
C/2024E1,4.0 C/2024 E1 (Wierzchos) MPEC 2026-O98,0.565894,1.00038,,0,0
C/2024G1,4.0 C/2024 G1 (Wierzchos) MPC194189,3.930228,0.967652,121.5,0,0
C/2024G2,4.0 C/2024 G2 (ATLAS) MPEC 2026-RA1,5.349495,0.992169,683.1,1,0
C/2024G3,4.0 C/2024 G3 (ATLAS) MPC194189,0.09368,1.000009,,0,0
C/2024G4,4.0 C/2024 G4 (PANSTARRS) MPC xxxxx,4.900616,0.998802,4090.7,1,0
C/2024G5,4.0 C/2024 G5 (Leonard) MPC194189,2.954213,0.995428,646.2,1,0
C/2024G6,4.0 C/2024 G6 (ATLAS) MPEC 2026-RA1,6.429985,1.001232,,0,0
C/2024G7,4.0 C/2024 G7 (ATLAS) MPEC 2026-O09,6.027312,1.001181,,0,0
C/2024J2,4.0 C/2024 J2 (Wierzchos) MPC191588,1.810906,0.987537,145.3,0,0
C/2024J3,4.0 C/2024 J3 (ATLAS) MPEC 2026-RA1,3.865519,0.999966,113691.7,1,0
C/2024J4,4.0 C/2024 J4 (Lemmon) MPEC 2026-P55,5.695232,0.998592,4044.9,1,0
C/2024L2,3.2 C/2024 L2 (PANSTARRS) MPEC 2026-P55,8.325846,1.003586,,0,0
C/2024L3,4.0 C/2024 L3 (PANSTARRS) MPC194190,6.85789,1.002946,,0,0
C/2024M1,4.0 C/2024 M1 (ATLAS) MPC194190,1.704398,0.942716,29.8,0,0
C/2024N1,4.0 C/2024 N1 (PANSTARRS) MPC194190,4.399093,1.000992,,0,0
C/2024N3,4.0 C/2024 N3 (Sarneczky) MPEC 2026-RA1,5.014892,1.002373,,0,0
C/2024N4,4.0 C/2024 N4 (Sarneczky) MPC194190,5.400202,1.002716,,0,0
C/2024O1,4.0 C/2024 O1 (PANSTARRS) MPC194190,6.602206,0.999667,19826.4,1,0
C/2024Q3,4.0 C/2024 Q3 (PANSTARRS) MPC194191,2.093179,1.001106,,0,0
C/2024Q4,4.0 C/2024 Q4 (PANSTARRS) MPC194191,5.420663,0.987996,451.6,1,0
C/2024R4,4.0 C/2024 R4 (PANSTARRS) MPEC 2026-RA1,4.408236,1.002127,,0,0
C/2024S1,4.0 C/2024 S1 (ATLAS) MPEC 2026-R26,0.007929,0.999904,82.6,0,0
C/2024T3,4.0 C/2024 T3 (PANSTARRS) MPC194192,3.716494,0.957314,87.1,0,0
C/2024T5,4.0 C/2024 T5 (ATLAS) MPEC 2026-RA1,3.839447,1.002251,,0,0
C/2024U1,4.0 C/2024 U1 (PANSTARRS) MPC194192,4.838625,0.990326,500.2,1,0
2024U2,2.0 A/2024 U2 MPEC 2026-RA1,8.179093,1.003591,,0,0
C/2024V1,4.0 C/2024 V1 (Borisov) MPC194192,2.31941,0.990082,233.9,0,0
C/2024W1,4.0 C/2024 W1 (PANSTARRS) MPC194192,2.560839,0.943499,45.3,0,0
2024W2,2.0 A/2024 W2 MPC194192,3.721579,1.002205,,0,0
C/2024X2,4.0 C/2024 X2 (ATLAS) MPEC 2026-N12,3.665499,0.927411,50.5,0,0
C/2025A1,4.0 C/2025 A1 (Lemmon) MPEC 2026-M30,5.335388,0.998943,5047.7,1,0
C/2025A6,4.0 C/2025 A6 (Lemmon) MPEC 2026-P55,0.529829,0.99562,121.0,0,0
2025A7,2.0 A/2025 A7 MPC194194,2.884079,0.998826,2456.6,1,0
C/2025B1,4.0 C/2025 B1 (PANSTARRS) MPC194194,3.530206,0.999674,10828.9,1,0
C/2025B2,4.0 C/2025 B2 (Borisov) MPEC 2026-RA1,8.238747,1.002635,,0,0
C/2025D1,4.0 C/2025 D1 (Groeller) MPC194194,14.114978,1.003204,,0,1
C/2025D6,4.0 C/2025 D6 (ATLAS) MPC194194,2.507119,0.996792,781.5,1,0
C/2025E1,4.0 C/2025 E1 (PANSTARRS) MPEC 2026-S19,3.998059,0.997856,1864.8,1,0
C/2025F2,4.0 C/2025 F2 (SWAN) MPC194195,0.333991,1.000155,,0,0
C/2025J1,4.0 C/2025 J1 (Borisov) MPC xxxxx,3.580293,0.998092,1876.5,1,0
C/2025K1,4.0 C/2025 K1 (ATLAS) MPEC 2026-O98,0.33429,1.000222,,0,0
C/2025K3,4.0 C/2025 K3 (PANSTARRS) MPEC 2026-RA1,3.468283,1.001292,,0,0
C/2025K4,4.0 C/2025 K4 (Siverd) MPC191590,2.531646,0.941581,43.3,0,0
C/2025L1,4.0 C/2025 L1 (ATLAS) MPEC 2026-RA1,1.679767,1.001379,,0,0
C/2025L2,4.0 C/2025 L2 (MAPS) MPEC 2026-RA1,2.833794,0.993959,469.1,1,0
C/2025M1,4.0 C/2025 M1 (PANSTARRS) MPEC 2026-O09,10.833056,0.997999,5413.8,1,0
C/2025M2,4.0 C/2025 M2 (PANSTARRS) MPEC 2026-RA1,2.721048,1.001733,,0,0
C/2025M3,4.0 C/2025 M3 (PANSTARRS) MPEC 2026-M30,6.471462,0.998864,5696.7,1,0
C/2025N2,4.0 C/2025 N2 (ATLAS) MPEC 2026-N12,8.984109,1.000602,,0,0
C/2025O2,4.0 C/2025 O2 (MAPS) MPC194196,2.288544,0.999293,3237.0,1,0
2025O4,2.0 A/2025 O4 MPC194196,3.180655,0.982761,184.5,0,0
2025P1,4.0 A/2025 P1 MPC194196,2.175127,0.961624,56.7,0,0
C/2025Q1,4.0 C/2025 Q1 (ATLAS) MPC191591,10.099273,0.992877,1417.8,1,0
C/2025Q3,4.0 C/2025 Q3 (ATLAS) MPEC 2026-O98,2.112592,0.997244,766.5,1,0
C/2025R1,4.0 C/2025 R1 (ATLAS) MPEC 2026-N12,1.97519,0.988152,166.7,0,0
C/2025R2,4.0 C/2025 R2 (SWAN) MPEC 2026-N12,0.504278,0.994164,86.4,0,0
C/2025R3,4.0 C/2025 R3 (PANSTARRS) MPEC 2026-N12,0.498618,1.000344,,0,0
2025S2,2.0 A/2025 S2 MPEC 2026-K60,1.686305,0.9733,63.2,0,0
2025S3,2.0 A/2025 S3 MPC191591,2.244447,0.989613,216.1,0,0
C/2025T1,4.0 C/2025 T1 (ATLAS) MPEC 2026-K60,1.108629,0.99971,3822.9,1,0
C/2025V1,4.0 C/2025 V1 (Borisov) MPC191592,0.462609,1.007766,,0,0
C/2025V2,4.0 C/2025 V2 (Rankin) MPEC 2026-O09,1.950028,0.999916,23214.6,1,0
C/2025W1,4.0 C/2025 W1 (Sankovich) MPC191592,4.171073,0.999248,5546.6,1,0
C/2025W2,4.0 C/2025 W2 (ATLAS) MPC191592,1.45342,0.946111,27.0,0,0
C/2025Y1,4.0 C/2025 Y1 (ATLAS) MPEC 2026-RA1,2.602082,0.999783,11991.2,1,0
C/2025Y3,4.0 C/2025 Y3 (PANSTARRS) MPC194197,2.227454,1.000626,,0,0
C/2026A2,4.0 C/2026 A2 (Bok) MPC xxxxx,1.937801,0.997668,831.0,1,0
C/2026A3,4.0 C/2026 A3 (PANSTARRS) MPEC 2026-GD5,4.808152,1.004002,,0,0
C/2026AZ17,4.0 C/2026 AZ17 (Bok) MPC xxxxx,2.472659,0.961983,65.0,0,0
C/2026B2,4.0 C/2026 B2 (Sun-Gao) MPEC 2026-Q97,1.284249,0.997516,517.0,1,0
C/2026B3,4.0 C/2026 B3 (PANSTARRS) MPEC 2026-L50,5.814697,0.995286,1233.5,1,0
C/2026C1,4.0 C/2026 C1 (Tsuchinshan) MPEC 2026-P55,1.152273,0.999979,54870.1,1,0
2026E1,2.0 A/2026 E1 MPEC 2026-P55,2.902155,0.992454,384.6,1,0
C/2026H1,4.0 C/2026 H1 (PANSTARRS) MPEC 2026-K60,6.084009,1.000744,,0,0
C/2026H2,4.0 C/2026 H2 (Leonard) MPEC 2026-O98,4.546526,1.001979,,0,0
C/2026H3,4.0 C/2026 H3 (Bok) MPEC 2026-K33,7.728222,1.003168,,0,0
C/2026J1,4.0 C/2026 J1 (PANSTARRS) MPC xxxxx,2.523692,0.901071,25.5,0,0
C/2026L1,4.0 C/2026 L1 (PANSTARRS) MPC xxxxx,4.878867,0.993797,786.5,1,0
C/2026L2,4.0 C/2026 L2 (PANSTARRS) MPEC 2026-O09,3.398686,0.998994,3378.4,1,0
C/2026M3,4.0 C/2026 M3 (MASTER) MPEC 2026-RA1,12.049495,1.000122,,0,0
C/2026M5,4.0 C/2026 M5 (PANSTARRS) MPEC 2026-RM1,4.983694,0.936022,77.9,0,0
C/2026N1,4.0 C/2026 N1 (PANSTARRS) MPEC 2026-Q42,5.211361,0.999471,9851.3,1,0
C/2026O1,4.0 C/2026 O1 (PANSTARRS) MPEC 2026-RA1,1.50024,1.001835,,0,0
C/2026P2,4.0 C/2026 P2 (PANSTARRS) MPC xxxxx,2.480246,0.999819,13703.0,1,0
0001P,3.2 1P/Halley MPC191592,0.571054,0.968024,17.9,0,0
0012P,6.0 12P/Pons-Brooks MPC191593,0.78188,0.954746,17.3,0,0
0013P,6.0 13P/Olbers MPEC 2026-O98,1.175382,0.930681,17.0,0,0
0096P,4.8 96P/Machholz MPC191601,0.115986,0.961731,3.0,0,0
0342P,4.0 342P/SOHO MPC101101,0.051751,0.982975,3.0,0,0
