desig,q,i,theta,theta_det,drot_cat,drot_sim,d_back,d_fwd,daa_cat,daa_sim,denc,aa_back,t_back,t_fwd,dtau_cat,dtau_sim,dtau_unexplained,map_pred,mw_jump,xline
C/1902 R1,0.39752997,156.486711,40.87592150728317,25.88727641998903,0.15071565727328015,0.1507204465526934,2.5797530460061822e-05,3.1334772288600964e-05,839.9000000000001,839.9018236090479,2.32320305228329,29.48308404643311,298.0,308.0,29.34521023037299,29.346142730776577,-3.2315400198814856,3.005528490671529,838.0,4.039999999999999
C/1902 X1,2.77648897,43.892926,89.9831680520808,104.79749080867671,0.07587736072734924,0.07587483303760377,9.454169863839855e-05,9.587387666208991e-05,-513.85,-513.8449688550344,3.89752831416287,73.14590362115783,303.0,297.0,5.590476290305958,5.590290055710344,-3.951071634858941,-3.833286294496473,514.0,48.03
C/1903 M1,0.32438523,85.303818,88.83361003852946,94.13913138402175,0.19832155068687526,0.19833122670675277,1.3845881787227385e-05,3.306651113363206e-06,-1034.1299999999999,-1034.1233295885127,2.867707177671287,22.287778564887947,298.0,287.0,42.74670828670845,42.748793879512895,13.899861956796542,-3.8283308632935147,1033.0,8.879999999999999
C/1906 E1,3.3369119,4.28797,71.76285756818247,87.18995365788807,0.015466715479246966,0.015465407361021097,0.0008913560423625714,0.0008899254221210345,-546.87,-546.8560576011943,3.9063220779696164,23.65168776638487,303.0,297.0,1.0394337498897888,1.0393458383849423,-4.605682177869376,-2.6617896685407696,547.0,10.649999999999999
C/1907 E1,2.05146625,141.685157,86.2388602773084,101.8561208774192,0.2239669989902527,0.2239731819911662,3.978988240220559e-05,3.288968360331401e-05,-314.8,-314.7936738438224,3.3603296787262336,46.89648481787586,301.0,298.0,19.196621722532768,19.197151678866433,1.5280428474126353,-3.781816707859854,315.0,8.759999999999998
C/1912 R1,0.71382525,79.846805,83.7049140227459,68.00393541714575,0.12267946038618986,0.12268839839305472,8.537736462515939e-07,7.917571076845593e-06,-407.58,-407.58331720537427,3.6143493916016864,36.601942529277686,299.0,294.0,17.82548107721307,17.8267797809385,-5.903126561823697,-3.6894738868544015,408.0,8.229999999999997
C/1913 Y1,1.10070306,67.986327,61.14451124812311,62.78839339891001,0.14942042667887964,0.1494236393092095,2.765225093091718e-05,2.450791418631566e-05,34.269999999999996,34.26484417690566,3.5496468624040824,20.54051973406481,299.0,299.0,17.483962197204452,17.484338113058055,-6.240272087207504,-1.0473709731694147,34.0,6.859999999999999
C/1914 F1,1.20014864,23.910787,54.58186083806127,38.73314707969031,0.30040637778631557,0.3004050109613503,5.4037869432180484e-05,5.267167592703517e-05,1434.46,1434.4327822421103,3.4032088694125946,61.59680088992346,300.0,318.0,33.6637253808869,33.66357221363189,13.66651879865169,0.18420693755262318,1435.0,68.55
C/1914 M1,3.74227102,71.078722,60.32924512385468,44.677214482795414,0.2454783675337107,0.24548266935281987,0.0015173774845427806,0.0015134996439778326,-28.060000000000002,-28.072271497912205,4.310023099880684,35.63612375846581,304.0,304.0,15.578391248948185,15.578664248242738,10.551865128130228,-0.9022135130147504,28.0,9.600000000000001
C/1916 G1,1.69219889,25.605811,88.49026986582827,72.70271444232213,0.03438877185025719,0.03438967936564289,4.531439318536835e-05,4.424821435091734e-05,746.0799999999999,746.069318694562,2.9221015380952213,36.90229542610881,300.0,309.0,3.2453404418011784,3.2454260859293136,-16.713216024792832,-3.824984184237677,746.0,18.33
C/1919 Q2,1.11815172,46.404177,92.97973700277319,78.09377840331688,0.08262451619030861,0.08262129648031077,0.0004695708484694369,0.00046826196146704073,-61.56,-61.557954890101655,3.999516094058403,34.05764879604861,299.0,299.0,9.592354377008169,9.591980582392303,-11.460712141822832,-3.8009645504617446,62.0,14.700000000000003
C/1922 U1,2.25655127,51.422827,111.9964832295302,99.93054192238891,0.05037451701629469,0.050371460288325905,3.0414001021467728e-05,3.004021713509729e-05,-544.48,-544.4728633637901,3.67341128585479,0.6649339498425998,301.0,295.0,4.116716633622611,4.116466831071263,-9.496464170251404,-2.1552234277213453,544.0,18.65
C/1925 F1,4.17819249,146.741752,62.90511914213383,78.67819156158583,0.11753487136042191,0.11753107121216984,3.078324659199975e-06,3.1945284701301985e-06,93.13,93.12138426554168,3.3341055019601313,34.826790045831196,305.0,306.0,7.059124353090378,7.058896116833672,0.9678273949430185,-1.3518669247769055,93.0,0.1700000000000017
C/1925 G1,1.10542489,100.089542,88.6672771659893,73.77369871776459,0.19539171017139406,0.19539542375988164,2.561320938754782e-06,7.143182815269534e-06,-572.52,-572.5103250249684,4.261423940431629,39.47789922685932,299.0,293.0,22.81438528224107,22.814818889370365,4.049480773878976,-3.826816709527334,573.0,0.030000000000001137
C/1925 W1,1.56532856,49.270625,102.16571422290431,106.84936253112166,0.06453143770188989,0.06452892324635325,0.00011145589037828797,0.00010954617909729277,-346.34999999999997,-346.3506897517053,3.323786703357389,21.156620242370963,300.0,296.0,6.331909525177885,6.331662803494158,-13.358760216779626,-3.3020567602126696,346.0,4.59
C/1932 M1,1.64447847,78.36905,66.88221904226337,57.71148006317501,0.12464075042147171,0.12464250164362688,0.00017713900068056857,0.00017891804057900874,-269.98,-269.9866201317205,3.408878330922684,21.56907765332134,300.0,297.0,11.931974841488602,11.932142487612573,-7.428088244519159,-1.9893756720571951,271.0,80.21000000000001
C/1932 M2,2.31250621,125.023427,42.38981197405987,41.58064032106248,0.21200022277444838,0.21200553163483551,0.0001974747252927972,0.00020305997039757695,-285.59,-285.5717992635321,3.8028308635153762,57.14198191807545,302.0,298.0,17.114796110385072,17.11522469513803,3.005125354938876,2.6916914497503366,285.0,11.579999999999998
C/1935 Q1,4.03419814,66.129296,95.28471685417622,81.13476179519456,0.19265804793149496,0.19265969292565324,0.0014604623643829785,0.00146223013566386,-298.84000000000003,-298.8243806187841,4.755242710185416,14.03302730817969,304.0,301.0,11.775441753108058,11.775542296703838,12.142396599887912,-3.7318130689753484,300.0,5.84
C/1937 C1,1.73545046,41.523168,35.80641528668602,24.429364052621292,0.47225493389959294,0.4722548979848324,0.0003946743563312574,0.0003938627267183526,1338.48,1338.4793811127786,1.872990208649681,52.07023259650416,301.0,317.0,44.00912397140996,44.00912062453725,17.85903480909813,4.0340819106789745,1338.0,3.6000000000000014
C/1937 N1,0.85943419,146.361452,80.31842449227696,64.84889034188289,0.22095541825617582,0.22096087421838764,5.663293681020318e-06,1.2074182697257333e-06,157.01,157.00913887406594,3.830522905763594,37.46704791507951,299.0,301.0,29.25932866194026,29.260051150634055,5.736169490788345,-3.494989606166786,157.0,86.7
C/1941 K1,0.87864337,94.468456,70.51083640941445,66.7640847250641,0.20678490096721316,0.20679177178868244,1.7075472925031877e-06,8.580318953419392e-06,112.33,112.34161422877597,3.7022305171292915,53.86864459072845,299.0,300.0,27.081964459754253,27.08286430951103,3.416338053919759,-2.5018642003779266,112.0,24.11
C/1942 C1,1.44096429,79.489648,68.21403561156347,80.53414286593619,0.1297402358262786,0.1297438294586704,4.7536104815230715e-06,0.0,-836.62,-836.6059884045269,3.6342186359597286,22.589872489891093,300.0,291.0,13.268264694015361,13.268632207342922,-5.34844882579856,-2.1856332685996622,837.0,6.600000000000001
C/1944 K2,2.22564815,95.124917,36.720481898136285,46.317478212963294,0.1783186983367765,0.17832137647152682,0.0010309800218828726,0.001034061936469067,-539.52,-539.5086018750391,4.119936707765415,33.51376560507732,301.0,295.0,14.673686914556905,14.67390729588095,2.150587449583197,3.852065666444502,540.0,2.8000000000000007
C/1946 C1,1.71681103,72.87574,62.461006669099895,69.31528239409707,0.2496883020604861,0.2496887108196769,7.346919419760637e-05,7.38600563344578e-05,386.17,386.1454296326321,3.7813905880355603,0.8882371776534107,300.0,304.0,23.393738606770075,23.39377690414157,6.432136834621861,-1.2762596340529315,386.0,13.8
C/1946 P1,1.12948754,57.042068,45.20025736583885,51.448149615253655,0.2450009296472424,0.24500542762830926,3.4150945850063763e-06,7.917571076845593e-06,-28.31,-28.305033235403933,3.354632494082644,50.70937551926081,299.0,299.0,28.30060680855327,28.301126380433217,3.839104782039385,2.1057102303046746,28.0,6.859999999999999
C/1947 S1,0.74919707,140.601343,67.32157839554105,53.746954338848624,0.15377490389513268,0.15378121691513347,3.651317493717519e-05,4.4788545591713056e-05,-389.65,-389.64001961425873,4.193344623858655,32.507686157849854,299.0,294.0,21.809845656719283,21.810741030335898,-0.12705599678091417,-2.05512928604854,390.0,9.340000000000003
C/1947 Y1,1.49138818,77.586851,46.97447735348608,43.10989473903955,0.2491272326771462,0.24912787183656687,3.644323583217498e-05,3.5531757462958136e-05,25.42,25.40367791375386,3.638183247403831,29.270626226125813,300.0,300.0,25.043389834288337,25.04345408546781,3.69159945584677,1.7356331933620477,25.0,0.8900000000000006
C/1948 E1,2.09496271,92.925547,56.83834648320001,50.49435746865992,0.33588750681108975,0.33589213992786165,0.0002863376579726231,0.0002909452145959652,-2.039999999999999,-2.0540694775507333,2.7943289742364197,36.05086767024645,301.0,301.0,28.488948569330717,28.489341536091175,4.659179798386035,-0.25422578103260696,3.0,3.25
C/1948 T1,3.26052435,155.123775,139.9662632961275,139.22582489519783,0.03830347089318492,0.038298290750213064,0.0003081992783909721,0.00031346401449288156,190.82,190.80888229937455,2.3679798516061243,35.08545931928242,303.0,305.0,2.6041700823104486,2.6038178956016504,-13.711612172544537,3.1791364657085097,191.0,0.20000000000000284
C/1950 K1,2.57130432,144.145001,20.888863263526567,32.03810599461501,0.10064874431213996,0.10064887631046908,0.0006034217008918857,0.0006080738701259661,233.27,233.2635261809473,3.6111225523359916,37.98440743492111,302.0,305.0,7.705569548370548,7.705579654033686,-6.019219253993311,6.607613340635094,233.0,8.100000000000001
