desig,year,H,q,e,d_par_cap
C/1995O1,1997,-2.0,0.925162,0.994897,-0.0728
C/1997BA6,1999,10.0,3.453134,0.998784,-0.0014
C/1999F1,2002,9.5,5.824797,0.999653,0.0143
C/1999J2,2000,2.0,7.062703,1.000755,0.7555
C/2002L9,2004,8.5,7.068129,1.000162,-0.2978
C/2002VQ94,2006,9.5,6.752172,0.964119,0.3812
C/2004B1,2006,10.5,1.585319,1.000884,0.133
C/2004T3,2003,2.5,8.911422,0.999425,-0.1298
C/2006S3,2012,2.0,5.102677,1.000581,0.7318
C/2007D1,2007,3.5,8.747005,0.993787,0.4461
C/2008S3,2011,4.0,8.050084,1.001869,-0.8664
C/2009F4,2011,3.0,5.481894,0.999557,-0.1264
C/2009P1,2011,4.0,1.537992,0.999875,0.4705
C/2010L3,2010,4.5,9.85604,1.000151,0.6839
C/2010S1,2013,3.5,5.893624,1.000752,-0.0304
C/2010U3,2019,1.0,8.444389,1.00062,0.2404
C/2011J2,2013,5.5,3.466955,1.000308,-0.1655
C/2012A1,2013,6.0,7.62682,0.999571,-0.5536
C/2012K1,2014,5.6,1.067473,0.999937,-0.1369
C/2012K8,2014,6.0,6.458487,1.000704,0.4303
C/2012LP26,2015,6.5,6.563462,1.00099,0.0876
C/2012X1,2014,4.8,1.607752,0.989832,0.7458
C/2013A1,2014,8.2,1.391533,1.000084,0.0825
C/2013E1,2013,5.5,7.772822,0.998772,0.7207
C/2013P3,2014,5.5,8.683463,1.001952,-0.7723
C/2013US10,2015,4.4,0.816173,1.000155,0.9033
C/2013V4,2015,6.0,5.187764,1.000598,-0.4666
C/2013X1,2016,10.5,1.304578,1.000884,-0.347
C/2014A4,2015,6.0,4.20724,1.000015,-0.9825
C/2014B1,2017,4.0,9.540861,1.001007,0.3787
C/2014M2,2014,6.0,6.930541,0.994523,0.4279
C/2014OE4,2016,11.0,6.267463,0.999595,0.4996
C/2014R3,2016,6.5,7.266618,1.000002,0.4098
C/2014UN271,2031,2.5,10.959406,1.004072,0.6349
C/2015D3,2016,5.5,8.142524,0.999579,0.5127
C/2015ER61,2017,11.0,1.062146,0.997664,0.0301
C/2015O1,2018,6.5,3.751752,1.001612,-0.7623
C/2015V1,2017,6.5,4.286206,0.999878,-0.9333
C/2015V2,2017,5.0,1.630411,1.000815,0.903
C/2015XY1,2018,5.5,7.960047,1.000656,-0.6077
C/2015X5,2017,7.5,6.821895,1.000175,-0.1966
C/2016A1,2017,6.0,5.341203,0.99941,0.0118
C/2016C1,2016,5.5,8.433729,1.001888,0.4543
C/2016E1,2017,6.5,8.164775,1.001206,0.9045
C/2016M1,2018,5.0,2.211185,0.998819,0.3379
C/2016N6,2018,7.0,2.678597,0.997469,0.0579
C/2016Q2,2021,6.0,7.08123,1.001,0.4863
C/2016R2,2018,7.0,2.598204,0.995636,-0.2536
C/2016X1,2019,6.0,7.570906,0.998336,-0.1694
C/2017AB5,2018,5.5,9.218173,1.000989,0.0462
C/2017B3,2019,6.0,3.926701,0.99838,-0.0972
C/2017E3,2017,6.5,5.898662,1.004289,0.7948
C/2017F2,2017,7.5,6.899748,1.002364,0.8332
C/2017K1,2018,7.0,7.262505,0.999665,0.9714
C/2017K2,2022,1.5,1.800621,0.9983,0.1038
C/2017K5,2020,5.0,7.665275,1.002482,0.4033
C/2017M4,2019,6.0,3.229938,0.999771,0.8236
C/2017M5,2018,6.5,6.004176,1.001538,-0.0226
C/2017S7,2017,7.0,7.645829,1.000423,-0.7187
C/2017T2,2020,5.0,1.600614,0.999132,0.4961
C/2017U4,2018,7.0,7.758112,0.999933,-0.5746
C/2017U7,2019,8.3,6.407681,1.002173,-0.0795
C/2018KJ3,2019,12.2,3.617441,0.994044,0.6836
C/2018N2,2019,6.0,3.138495,1.002064,-0.7974
C/2018U1,2021,5.0,4.981144,0.99918,0.7298
2018W3,2021,10.5,4.274929,0.993537,0.2667
C/2019B3,2021,5.5,6.829641,0.997763,0.1012
C/2019E3,2023,2.5,10.313357,0.998992,-0.2751
C/2019F1,2021,5.5,3.604955,0.999644,0.0956
C/2019K7,2020,6.0,4.469487,0.999424,0.1428
C/2019L3,2022,4.5,3.565168,1.003629,-0.2873
C/2019M4,2019,5.0,9.188777,0.999084,-0.1727
C/2019N1,2020,7.5,1.702956,0.998192,0.8464
2019N2,2019,12.5,1.920406,0.97433,0.388
C/2019NJ3,2020,9.0,4.362833,1.001278,-0.1883
C/2019O3,2021,3.5,8.819609,1.000913,0.2217
C/2019Q1,2020,8.5,4.995245,1.002453,-0.5679
C/2019T2,2021,9.0,2.642672,0.998778,-0.1815
C/2019T3,2021,6.8,5.950142,0.999223,-0.3817
C/2019T4,2022,5.0,4.236655,0.995453,0.8839
C/2019U5,2023,4.5,3.626705,0.999899,0.8208
C/2020A3,2019,8.0,5.756725,0.997861,0.6899
C/2020F2,2022,4.5,8.816173,1.000765,0.9832
C/2020F5,2021,6.5,4.321095,0.973043,-0.2834
C/2020F7,2021,7.0,5.338062,0.99142,-0.0158
C/2020H5,2020,5.0,9.334974,0.998895,0.6806
C/2020H6,2021,8.0,4.695186,0.997303,0.9913
C/2020H11,2020,8.5,7.623416,0.998186,0.9623
C/2020J1,2021,8.5,3.343779,0.998932,0.8052
C/2020K1,2023,5.5,3.074262,0.99781,0.2715
C/2020K2,2020,6.5,8.879704,0.999815,0.3235
C/2020K6,2021,8.0,5.864253,1.000749,0.4588
C/2020K7,2019,8.0,6.378086,0.931587,0.3225
2020M4,2020,14.5,5.938701,0.998462,0.8762
C/2020M5,2021,9.0,3.002909,1.000023,0.6381
C/2020O2,2021,8.0,4.850984,0.998811,0.7054
C/2020P3,2021,6.0,6.820535,1.003945,-0.0426
C/2020P4,2020,0.0,0.10273,1.000552,-0.6377
C/2020R2,2022,9.0,4.702908,0.988702,-0.9777
C/2020R7,2022,7.0,2.947946,0.999038,0.4409
C/2020S4,2023,8.5,3.373394,1.003405,0.2552
C/2020T2,2021,11.0,2.044449,0.992022,0.9299
C/2020U4,2022,7.0,5.362982,1.002066,-0.8647
C/2020U5,2022,8.0,3.755309,1.000207,0.0308
C/2020V2,2023,4.9,2.22928,1.001299,-0.8837
C/2020Y2,2022,6.5,3.147033,0.997315,-0.1845
C/2021A1,2022,8.5,0.612962,1.000278,-0.9417
C/2021A6,2021,7.0,7.929904,0.999867,0.5612
C/2021A9,2023,6.0,7.768426,1.000211,-0.3548
C/2021C4,2021,9.0,4.493365,0.998075,0.7401
C/2021C5,2023,9.0,3.237094,0.998115,0.4005
C/2021D2,2022,9.0,2.955453,1.00135,0.1121
C/2021E3,2022,8.5,1.778265,0.999276,0.3229
2021E4,2022,13.5,4.685062,0.991066,0.4048
C/2021G2,2024,5.5,4.982127,1.001306,0.9005
C/2021K2,2021,8.0,5.454638,0.999861,0.2318
C/2021K3,2022,10.0,5.219248,1.002665,0.178
C/2021L3,2022,6.0,8.4635,1.003691,0.0926
C/2021N3,2020,8.5,5.702794,0.958406,0.2095
C/2021P2,2023,9.0,5.063821,0.999316,-0.0881
C/2021P4,2022,9.5,1.078609,0.996463,0.6599
C/2021Q3,2022,8.0,5.214144,0.929828,0.0388
C/2021Q4,2023,6.0,7.561725,0.99973,-0.5008
C/2021Q6,2024,6.0,8.706466,1.00382,-0.6558
C/2021R2,2021,7.5,7.313148,0.999571,-0.5852
C/2021S1,2022,7.0,6.132262,1.002914,-0.2805
C/2021S3,2024,5.5,1.318784,0.999893,0.9883
C/2021S4,2024,6.5,6.696981,0.955052,-0.609
C/2021T4,2023,7.5,1.480179,0.999254,0.2474
C/2021X1,2023,7.0,3.233841,1.000954,-0.9971
C/2021Y1,2023,7.0,2.032336,1.001844,-0.4414
C/2022A2,2023,9.5,1.734255,1.000214,0.0289
C/2022A3,2023,8.0,3.705673,0.996432,0.042
C/2022E2,2024,5.0,3.66828,1.000906,-0.3562
C/2022E3,2023,7.5,1.117878,1.000066,0.2773
C/2022F1,2022,7.0,5.980477,0.999839,0.0589
C/2022H1,2024,6.0,7.688054,0.991318,0.4567
C/2022JK5,2023,11.0,2.694746,0.937788,-0.0942
C/2022L2,2024,6.5,2.694843,1.000141,0.8721
C/2022N2,2025,6.0,3.827553,1.004525,-0.9491
C/2022O1,2022,6.0,7.434962,1.000107,-0.2816
C/2022QE78,2025,5.0,5.476589,0.994934,-0.0593
C/2022R3,2023,9.0,5.136075,1.00127,-0.4058
C/2022R6,2025,5.0,6.567668,1.004557,-0.0886
C/2022S4,2024,8.0,2.761426,0.997999,-0.2654
C/2022T1,2024,9.0,3.443362,1.000819,0.883
C/2022U1,2024,8.5,4.201256,1.000717,-0.3445
C/2022U3,2024,7.5,4.828989,0.999334,-0.4079
C/2022U4,2023,10.5,2.895025,0.999162,0.7719
C/2022V2,2023,12.0,2.066877,0.943695,0.5288
C/2022W2,2023,11.5,3.128939,0.990767,-0.0288
C/2023A3,2024,6.5,0.391335,1.000178,-0.8317
C/2023C2,2024,7.0,2.367548,0.998416,0.0726
C/2023F3,2025,6.0,5.193893,1.002979,0.6724
C/2023H1,2024,8.5,4.446225,0.994072,0.5279
C/2023H5,2025,7.0,4.31321,1.000778,0.3807
C/2023P1,2023,10.0,0.223619,0.995984,0.1906
C/2023Q1,2024,10.0,2.576813,1.004617,-0.3025
C/2023Q2,2024,11.5,3.207269,0.990044,0.5036
C/2023R1,2026,6.0,3.570038,1.002218,0.5275
C/2023R2,2024,10.5,0.904895,1.000424,0.6327
C/2023T3,2025,8.5,3.548583,0.996606,0.7477
C/2023TD22,2024,12.5,2.354902,0.951145,-0.4568
C/2023U1,2024,8.0,4.973924,0.999138,-0.4935
C/2023V1,2025,8.5,5.092834,1.000169,0.4905
C/2023V4,2024,12.0,1.122364,1.001341,-0.2012
C/2023X1,2023,13.5,0.953619,0.99388,0.2479
C/2023X2,2025,8.5,5.088799,1.000122,-0.046
C/2023X7,2025,9.0,4.82074,0.998073,-0.1355
C/2024A1,2025,7.0,3.874408,0.99936,-0.2165
C/2024A2,2024,12.5,1.881019,0.941465,-0.1801
C/2024B1,2024,13.0,1.633969,1.001303,0.1249
C/2024B2,2023,11.5,4.080111,0.996377,0.1893
C/2024D1,2027,7.3,6.690693,1.000072,-0.637
C/2024E1,2026,7.0,0.565872,1.000356,-0.2903
C/2024G1,2024,10.0,3.930227,0.967654,0.782
C/2024G2,2025,7.0,5.349475,0.992164,0.6964
C/2024G3,2025,9.0,0.093679,1.000009,-0.0645
C/2024G4,2026,8.0,4.900564,0.998784,0.3159
C/2024G5,2024,13.0,2.954207,0.995426,0.3959
C/2024G6,2026,5.5,6.430012,1.001239,0.9096
C/2024G7,2025,7.0,6.027312,1.001185,0.373
C/2024J2,2025,11.5,1.810907,0.987538,-0.5286
C/2024J3,2026,5.0,3.865476,0.999962,0.0713
C/2024J4,2025,8.0,5.69524,0.998603,0.826
C/2024L2,2025,7.5,8.325683,1.004689,0.4003
C/2024L3,2023,9.5,6.857886,1.002951,0.5614
C/2024M1,2024,12.0,1.704391,0.942716,-0.7982
C/2024N1,2025,10.5,4.399081,1.000989,0.2124
C/2024N3,2025,8.0,5.014892,1.002371,0.2061
C/2024N4,2025,7.5,5.400188,1.002729,-0.0472
C/2024O1,2023,8.5,6.602227,0.99967,0.0654
C/2024Q3,2025,15.0,2.093157,1.001109,0.3982
C/2024Q4,2024,10.0,5.420656,0.98801,-0.4272
C/2024R4,2027,6.5,4.408325,1.002074,0.4882
C/2024T3,2025,11.5,3.716487,0.957319,-0.8983
C/2024T5,2027,5.5,3.839535,1.002215,-0.4772
C/2024U1,2024,10.0,4.838614,0.990324,-0.6322
2024U2,2026,12.1,8.179081,1.003575,-0.7798
C/2024V1,2025,14.8,2.319404,0.990081,0.3266
C/2024W1,2025,15.0,2.56084,0.943497,-0.0798
2024W2,2025,15.6,3.721573,1.002205,-0.7579
C/2024X2,2025,9.6,3.66553,0.927436,0.0589
C/2025A1,2027,7.2,5.335397,0.998953,0.6743
C/2025A6,2025,13.2,0.529827,0.995636,-0.273
2025A7,2025,14.9,2.884072,0.998827,0.4902
C/2025B1,2025,12.0,3.530201,0.999675,0.0147
C/2025B2,2026,6.2,8.238765,1.002654,0.0794
C/2025D1,2028,1.2,14.114992,1.003204,0.1364
C/2025D6,2024,13.2,2.507147,0.996811,0.6884
C/2025E1,2026,9.7,3.998058,0.997862,0.0053
C/2025F2,2025,11.2,0.333988,1.000155,0.4826
C/2025J1,2026,9.1,3.580301,0.998077,-0.4039
C/2025K1,2025,12.2,0.334288,1.000222,0.6113
C/2025K3,2028,6.4,3.468322,1.001246,0.6421
C/2025K4,2025,14.1,2.531651,0.941582,0.4348
C/2025L1,2026,11.4,1.679772,1.001385,0.865
C/2025L2,2025,11.7,2.833795,0.993959,-0.3365
C/2025M1,2029,2.9,10.832872,0.997998,0.1911
C/2025M2,2027,13.4,2.720965,1.001773,0.9899
C/2025M3,2026,9.0,6.53201,1.018837,0.8614
C/2025N2,2024,5.1,8.982403,1.001044,0.0442
C/2025O2,2025,14.3,2.288546,0.999292,-0.8322
2025O4,2025,15.4,3.180655,0.982763,0.5578
2025P1,2025,17.1,2.175132,0.961625,-0.7855
C/2025Q1,2024,3.8,10.099276,0.992872,0.0869
C/2025Q3,2026,12.2,2.112596,0.997258,-0.8613
C/2025R1,2025,14.0,1.975191,0.988155,-0.1266
C/2025R2,2025,12.4,0.504277,0.994162,0.3225
C/2025R3,2026,12.2,0.498621,1.000348,0.9673
2025S2,2026,16.0,1.68629,0.973254,-0.7134
2025S3,2026,15.0,2.244446,0.989613,-0.1181
C/2025T1,2025,14.7,1.108636,0.999762,-0.4116
C/2025V1,2025,16.3,0.46261,1.007766,-0.4315
C/2025V2,2027,9.0,1.950032,0.999924,0.8135
C/2025W1,2025,9.7,4.171064,0.999251,-0.2004
C/2025W2,2025,17.9,1.453419,0.94611,-0.2986
C/2025Y1,2027,6.3,2.60199,0.999812,0.2495
C/2025Y3,2026,17.0,2.227452,1.000625,-0.5268
C/2026A2,2026,10.7,1.937725,0.997631,-0.7845
C/2026A3,2027,9.0,4.80828,1.004085,-0.8177
C/2026AZ17,2026,12.2,2.472695,0.96195,0.1008
C/2026B2,2026,9.7,1.284349,0.997879,0.6331
C/2026B3,2027,7.7,5.814732,0.995247,0.4407
C/2026C1,2028,4.4,1.152254,0.999984,-0.7786
2026E1,2026,12.0,2.902165,0.992483,0.8262
C/2026H1,2026,9.0,6.084007,1.000744,0.7898
C/2026H2,2026,10.1,4.5461,1.001123,0.7928
C/2026H3,2026,8.9,7.728222,1.003172,0.7501
0001P,2061,5.5,0.571061,0.968023,0.0295
0012P,2024,5.0,0.781877,0.954746,-0.6986
0013P,2024,5.0,1.175383,0.93068,0.3746
0096P,2028,13.0,0.115986,0.961731,-0.3083
0342P,2027,20.0,0.051751,0.982975,-0.3661
