cohort,name,varpi,lam_disc,in_cap,p_H0,p_H1
SBDB,2001 FP185,186.010,182.40,0,0.071,0.1616
SBDB,2003 VB12,95.610,45.10,1,0.7684,0.8943
SBDB,2000 CR105,85.240,138.52,1,0.2761,0.4965
SBDB,2010 VZ98,71.230,45.31,1,0.7686,0.8944
SBDB,2004 VN112,33.320,45.85,1,0.7689,0.8945
SBDB,2013 UT15,84.050,29.54,1,0.7353,0.8771
SBDB,2003 HB57,208.460,212.39,0,0.0193,0.0524
SBDB,2015 SO20,28.730,359.44,1,0.5685,0.7745
SBDB,2007 TG422,38.890,14.22,1,0.664,0.8368
SBDB,2007 VJ305,3.080,45.08,1,0.7684,0.8943
SBDB,2015 TG387,59.360,14.17,1,0.6637,0.8366
SBDB,2014 OS394,86.000,299.88,1,0.1626,0.3319
SBDB,2016 QU89,46.470,330.06,1,0.3497,0.5828
SBDB,2013 FL28,159.370,182.33,0,0.0712,0.1621
SBDB,2013 RA109,8.010,345.32,1,0.464,0.693
SBDB,2013 SL102,0.490,359.93,1,0.572,0.777
SBDB,2015 BP519,123.070,122.43,0,0.3903,0.6249
SBDB,2016 QV89,94.210,330.06,1,0.3497,0.5828
SBDB,2002 GB32,213.880,197.95,0,0.0376,0.0905
SBDB,2003 SS422,358.160,359.51,1,0.569,0.7749
SBDB,2005 RH52,338.900,345.37,0,0.4643,0.6933
SBDB,2012 VP113,25.180,45.80,1,0.7689,0.8945
SBDB,2013 FT28,258.230,182.33,0,0.0712,0.1621
SBDB,2013 RF98,19.940,345.32,1,0.464,0.693
SBDB,2013 SY99,61.790,359.93,1,0.572,0.777
SBDB,2014 FE72,110.780,182.07,0,0.0719,0.1635
SBDB,2014 SR349,16.590,359.69,1,0.5702,0.7758
SBDB,2014 SX403,324.200,359.69,0,0.5702,0.7758
SBDB,2014 TS115,53.310,14.43,1,0.6652,0.8375
SBDB,2014 TU115,57.840,14.43,1,0.6652,0.8375
SBDB,2014 WB556,350.540,60.39,1,0.7578,0.8889
SBDB,2015 DY248,157.580,152.82,0,0.1899,0.3756
SBDB,2015 DM319,209.030,152.82,0,0.1899,0.3756
SBDB,2015 KG163,251.070,241.35,0,0.0157,0.0459
SBDB,2015 RX245,73.760,344.82,1,0.4602,0.6897
SBDB,2016 EC366,171.700,167.62,0,0.1203,0.2581
SBDB,2016 SG58,55.440,0.16,1,0.5735,0.7781
SBDB,2016 SA59,15.370,0.16,1,0.5735,0.7781
SBDB,2016 SD106,22.540,0.16,1,0.5735,0.7781
SBDB,2017 CL54,156.980,139.17,0,0.2718,0.4911
SBDB,2017 OF201,306.600,300.10,0,0.1637,0.3337
SBDB,2021 RR205,317.080,345.27,0,0.4636,0.6927
SBDB,2023 KQ14,270.780,241.31,0,0.0156,0.0458
SBDB,2024 FX26,192.880,182.51,0,0.0707,0.1611
SBDB-prv,2010 GB174,117.990,197.90,0,0.0377,0.0907
SBDB-prv,2013 RC156,308.990,345.32,0,0.464,0.693
SBDB-prv,2013 UH15,99.280,29.54,1,0.7353,0.8771
SBDB-prv,2015 DR370,185.670,152.82,0,0.1899,0.3756
SBDB-prv,2015 FX397,215.170,181.82,0,0.0726,0.1649
SBDB-prv,2015 FA400,208.730,181.82,0,0.0726,0.1649
SBDB-prv,2015 FQ561,141.530,181.82,0,0.0726,0.1649
SBDB-prv,2015 GT50,174.860,197.63,0,0.0381,0.0917
SBDB-prv,2015 JB13,271.390,226.88,0,0.0092,0.0382
SBDB-prv,2015 KH163,298.470,241.35,0,0.0157,0.0459
SBDB-prv,2015 OC193,359.170,299.64,1,0.1614,0.3299
SBDB-prv,2015 OB203,21.450,299.64,1,0.1614,0.3299
SBDB-prv,2015 RY245,336.350,344.82,0,0.4602,0.6897
SBDB-prv,2015 UN105,1.130,29.04,1,0.7335,0.8761
SBDB-prv,2016 GA277,291.360,198.36,0,0.0369,0.0891
SBDB-prv,2016 TP120,117.350,14.91,0,0.6679,0.8391
SBDB-prv,2017 DV177,200.810,153.31,0,0.1873,0.3715
SBDB-prv,2018 AD39,19.910,107.39,1,0.5039,0.726
SBDB-prv,2018 VM35,135.730,45.26,0,0.7686,0.8944
SBDB-prv,2019 EU5,218.000,166.85,0,0.1234,0.2638
SBDB-prv,2019 EE6,245.800,166.85,0,0.1234,0.2638
SBDB-prv,2020 KW54,277.120,242.05,0,0.0162,0.0468
SBDB-prv,2020 MQ53,316.510,271.71,0,0.061,0.1408
SBDB-prv,2021 DK18,196.630,153.29,0,0.1874,0.3717
SBDB-prv,2021 LP43,144.450,257.14,0,0.0331,0.0808
SBDB-prv,2025 LJ2,345.060,257.11,0,0.033,0.0807
SBDB-prv,2025 LS2,336.170,257.11,0,0.033,0.0807
SBDB-prv,2025 MC349,272.210,271.44,0,0.0604,0.1395
SBDB-prv,2025 MB352,316.830,271.44,0,0.0604,0.1395
SBDB-prv,2025 MC395,270.110,271.44,0,0.0604,0.1395
SBDB-prv,2025 MB396,356.980,271.44,1,0.0604,0.1395
SBDB-prv,2025 NM191,331.340,285.75,0,0.1028,0.2251
SBDB-prv,2025 NT192,274.720,285.75,0,0.1028,0.2251
SBDB-prv,2025 NJ497,346.880,285.75,0,0.1028,0.2251
SBDB-prv,2025 VF39,36.430,45.47,1,0.7687,0.8944
SBDB-prv,2026 EX122,187.500,167.05,0,0.1226,0.2623
SBDB-prv,2026 ES123,145.880,167.05,0,0.1226,0.2623
SBDB-prv,2026 EA124,114.030,167.05,0,0.1226,0.2623
SBDB-prv,2026 EO125,137.990,167.05,0,0.1226,0.2623
SBDB-prv,2026 EY127,207.840,167.05,0,0.1226,0.2623
SBDB-prv,2026 EZ127,209.080,167.05,0,0.1226,0.2623
SBDB-prv,2026 FD35,251.460,182.00,0,0.0721,0.1639
SBDB-prv,2026 HO17,228.580,212.49,0,0.0192,0.0523
SBDB-prv,2026 HW17,272.830,212.49,0,0.0192,0.0523
SBDB-prv,2026 HP19,245.830,212.49,0,0.0192,0.0523
SBDB-prv,2025 OY736,303.310,300.06,0,0.1635,0.3333
2025+,2025 LJ2,345.060,257.11,0,0.033,0.0807
2025+,2025 LS2,336.170,257.11,0,0.033,0.0807
2025+,2025 MC349,272.210,271.44,0,0.0604,0.1395
2025+,2025 MB352,316.830,271.44,0,0.0604,0.1395
2025+,2025 MC395,270.110,271.44,0,0.0604,0.1395
2025+,2025 MB396,356.980,271.44,1,0.0604,0.1395
2025+,2025 NM191,331.340,285.75,0,0.1028,0.2251
2025+,2025 NT192,274.720,285.75,0,0.1028,0.2251
2025+,2025 NJ497,346.880,285.75,0,0.1028,0.2251
2025+,2025 VF39,36.430,45.47,1,0.7687,0.8944
2025+,2026 EX122,187.500,167.05,0,0.1226,0.2623
2025+,2026 ES123,145.880,167.05,0,0.1226,0.2623
2025+,2026 EA124,114.030,167.05,0,0.1226,0.2623
2025+,2026 EO125,137.990,167.05,0,0.1226,0.2623
2025+,2026 EY127,207.840,167.05,0,0.1226,0.2623
2025+,2026 EZ127,209.080,167.05,0,0.1226,0.2623
2025+,2026 FD35,251.460,182.00,0,0.0721,0.1639
2025+,2026 HO17,228.580,212.49,0,0.0192,0.0523
2025+,2026 HW17,272.830,212.49,0,0.0192,0.0523
2025+,2026 HP19,245.830,212.49,0,0.0192,0.0523
2025+,2025 OY736,303.310,300.06,0,0.1635,0.3333
DES,2003 SS422,357.848,359.51,1,0.569,0.7749
DES,2013 RA109,7.713,345.32,1,0.464,0.693
DES,2013 RC156,308.893,345.32,0,0.464,0.693
DES,2013 SL102,0.214,359.93,1,0.572,0.777
DES,2014 SX403,323.931,359.69,0,0.5702,0.7758
DES,2014 TS115,53.179,14.43,1,0.6652,0.8375
DES,2014 TU115,57.690,14.43,1,0.6652,0.8375
DES,2014 WB556,350.231,60.39,1,0.7578,0.8889
DES,2015 BP519,123.271,122.43,0,0.3903,0.6249
DES,2015 SO20,28.421,359.44,1,0.5685,0.7745
DES,2015 UN105,0.781,29.04,1,0.7335,0.8761
DES,2016 QU89,46.240,330.06,1,0.3497,0.5828
DES,2016 QV89,94.301,330.06,1,0.3497,0.5828
DES,2016 SA59,15.012,0.16,1,0.5735,0.7781
DES,2016 SD106,22.339,0.16,1,0.5735,0.7781
DES,2016 SG58,55.274,0.16,1,0.5735,0.7781
OSSOS,2013 GP136,253.312,213.55,0,0.0183,0.0505
OSSOS,2013 SK100,28.867,12.87,1,0.6562,0.8321
OSSOS,2013 UT15,84.080,14.52,1,0.6657,0.8378
OSSOS,2013 JL64,177.408,239.34,0,0.0141,0.0435
OSSOS,2013 JD64,245.608,240.86,0,0.0153,0.0453
OSSOS,2014 UG228,30.638,27.42,1,0.7275,0.8729
OSSOS,2014 UD228,246.683,26.99,0,0.7258,0.872
OSSOS,2014 UB230,49.861,24.44,1,0.7154,0.8663
OSSOS,o5c030,38.321,48.36,1,0.7698,0.895
OSSOS,o5c038,44.087,51.34,1,0.7694,0.8948
OSSOS,o5c103,270.575,52.52,0,0.7687,0.8944
OSSOS,o5d028,48.959,50.35,1,0.7697,0.8949
OSSOS,o5d052,83.443,49.80,1,0.7698,0.895
OSSOS,o5d090,351.210,50.23,1,0.7697,0.8949
OSSOS,o5d144,306.082,49.16,0,0.7699,0.895
OSSOS,o5d145,305.684,49.89,0,0.7698,0.895
OSSOS,o5m30,246.531,234.88,0,0.0112,0.0397
OSSOS,o5m31,183.130,234.63,0,0.0111,0.0396
OSSOS,o5m35,268.259,235.20,0,0.0114,0.0399
OSSOS,o5m69,320.456,236.03,0,0.0119,0.0405
OSSOS,o5m71,165.526,236.01,0,0.0119,0.0405
OSSOS,o5m84,137.616,235.86,0,0.0118,0.0404
OSSOS,o5p033,214.923,202.28,0,0.031,0.0764
OSSOS,o5p049,166.652,206.54,0,0.0255,0.0648
OSSOS,o5p077,216.477,202.08,0,0.0313,0.077
OSSOS,o5p112,271.406,205.78,0,0.0264,0.0667
OSSOS,o5p145,311.954,201.75,0,0.0318,0.078
OSSOS,o5s25,28.904,9.49,1,0.6358,0.8194
OSSOS,o5s43,54.635,7.86,1,0.6254,0.8129
OSSOS,o5s59,97.814,9.47,1,0.6356,0.8193
OSSOS,2014 UA225,2.851,9.82,1,0.6378,0.8207
era 2000-05,2001 FP185,186.010,182.40,0,0.071,0.1616
era 2000-05,2003 VB12,95.610,45.10,1,0.7684,0.8943
era 2000-05,2000 CR105,85.240,138.52,1,0.2761,0.4965
era 2000-05,2004 VN112,33.320,45.85,1,0.7689,0.8945
era 2000-05,2003 HB57,208.460,212.39,0,0.0193,0.0524
era 2000-05,2002 GB32,213.880,197.95,0,0.0376,0.0905
era 2000-05,2003 SS422,358.160,359.51,1,0.569,0.7749
era 2000-05,2005 RH52,338.900,345.37,0,0.4643,0.6933
era 2000-05 [sec],2001 FP185,186.010,182.40,0,0.071,0.1616
era 2000-05 [sec],2003 VB12,95.610,45.10,1,0.7684,0.8943
era 2000-05 [sec],2000 CR105,85.240,138.52,1,0.2761,0.4965
era 2000-05 [sec],2004 VN112,33.320,45.85,1,0.7689,0.8945
era 2000-05 [sec],2003 HB57,208.460,212.39,0,0.0193,0.0524
era 2000-05 [sec],2002 GB32,213.880,197.95,0,0.0376,0.0905
era 2000-05 [sec],2003 SS422,358.160,359.51,1,0.569,0.7749
era 2000-05 [sec],2005 RH52,338.900,345.37,0,0.4643,0.6933
era 2006-10,2010 VZ98,71.230,45.31,1,0.7686,0.8944
era 2006-10,2007 TG422,38.890,14.22,1,0.664,0.8368
era 2006-10,2007 VJ305,3.080,45.08,1,0.7684,0.8943
era 2006-10,2010 GB174,117.990,197.90,0,0.0377,0.0907
era 2006-10 [sec],2010 VZ98,71.230,45.31,1,0.7686,0.8944
era 2006-10 [sec],2007 TG422,38.890,14.22,1,0.664,0.8368
era 2006-10 [sec],2007 VJ305,3.080,45.08,1,0.7684,0.8943
era 2006-10 [prv],2010 GB174,117.990,197.90,0,0.0377,0.0907
era 2011-15,2013 UT15,84.050,29.54,1,0.7353,0.8771
era 2011-15,2015 SO20,28.730,359.44,1,0.5685,0.7745
era 2011-15,2015 TG387,59.360,14.17,1,0.6637,0.8366
era 2011-15,2014 OS394,86.000,299.88,1,0.1626,0.3319
era 2011-15,2013 FL28,159.370,182.33,0,0.0712,0.1621
era 2011-15,2013 RA109,8.010,345.32,1,0.464,0.693
era 2011-15,2013 SL102,0.490,359.93,1,0.572,0.777
era 2011-15,2015 BP519,123.070,122.43,0,0.3903,0.6249
era 2011-15,2012 VP113,25.180,45.80,1,0.7689,0.8945
era 2011-15,2013 FT28,258.230,182.33,0,0.0712,0.1621
era 2011-15,2013 RF98,19.940,345.32,1,0.464,0.693
era 2011-15,2013 RC156,308.990,345.32,0,0.464,0.693
era 2011-15,2013 SY99,61.790,359.93,1,0.572,0.777
era 2011-15,2013 UH15,99.280,29.54,1,0.7353,0.8771
era 2011-15,2014 FE72,110.780,182.07,0,0.0719,0.1635
era 2011-15,2014 SR349,16.590,359.69,1,0.5702,0.7758
era 2011-15,2014 SX403,324.200,359.69,0,0.5702,0.7758
era 2011-15,2014 TS115,53.310,14.43,1,0.6652,0.8375
era 2011-15,2014 TU115,57.840,14.43,1,0.6652,0.8375
era 2011-15,2014 WB556,350.540,60.39,1,0.7578,0.8889
era 2011-15,2015 DY248,157.580,152.82,0,0.1899,0.3756
era 2011-15,2015 DM319,209.030,152.82,0,0.1899,0.3756
era 2011-15,2015 DR370,185.670,152.82,0,0.1899,0.3756
era 2011-15,2015 FX397,215.170,181.82,0,0.0726,0.1649
era 2011-15,2015 FA400,208.730,181.82,0,0.0726,0.1649
era 2011-15,2015 FQ561,141.530,181.82,0,0.0726,0.1649
era 2011-15,2015 GT50,174.860,197.63,0,0.0381,0.0917
era 2011-15,2015 JB13,271.390,226.88,0,0.0092,0.0382
era 2011-15,2015 KG163,251.070,241.35,0,0.0157,0.0459
era 2011-15,2015 KH163,298.470,241.35,0,0.0157,0.0459
era 2011-15,2015 OC193,359.170,299.64,1,0.1614,0.3299
era 2011-15,2015 OB203,21.450,299.64,1,0.1614,0.3299
era 2011-15,2015 RX245,73.760,344.82,1,0.4602,0.6897
era 2011-15,2015 RY245,336.350,344.82,0,0.4602,0.6897
era 2011-15,2015 UN105,1.130,29.04,1,0.7335,0.8761
era 2011-15 [sec],2013 UT15,84.050,29.54,1,0.7353,0.8771
era 2011-15 [sec],2015 SO20,28.730,359.44,1,0.5685,0.7745
era 2011-15 [sec],2015 TG387,59.360,14.17,1,0.6637,0.8366
era 2011-15 [sec],2014 OS394,86.000,299.88,1,0.1626,0.3319
era 2011-15 [sec],2013 FL28,159.370,182.33,0,0.0712,0.1621
era 2011-15 [sec],2013 RA109,8.010,345.32,1,0.464,0.693
era 2011-15 [sec],2013 SL102,0.490,359.93,1,0.572,0.777
era 2011-15 [sec],2015 BP519,123.070,122.43,0,0.3903,0.6249
era 2011-15 [sec],2012 VP113,25.180,45.80,1,0.7689,0.8945
era 2011-15 [sec],2013 FT28,258.230,182.33,0,0.0712,0.1621
era 2011-15 [sec],2013 RF98,19.940,345.32,1,0.464,0.693
era 2011-15 [sec],2013 SY99,61.790,359.93,1,0.572,0.777
era 2011-15 [sec],2014 FE72,110.780,182.07,0,0.0719,0.1635
era 2011-15 [sec],2014 SR349,16.590,359.69,1,0.5702,0.7758
era 2011-15 [sec],2014 SX403,324.200,359.69,0,0.5702,0.7758
era 2011-15 [sec],2014 TS115,53.310,14.43,1,0.6652,0.8375
era 2011-15 [sec],2014 TU115,57.840,14.43,1,0.6652,0.8375
era 2011-15 [sec],2014 WB556,350.540,60.39,1,0.7578,0.8889
era 2011-15 [sec],2015 DY248,157.580,152.82,0,0.1899,0.3756
era 2011-15 [sec],2015 DM319,209.030,152.82,0,0.1899,0.3756
era 2011-15 [sec],2015 KG163,251.070,241.35,0,0.0157,0.0459
era 2011-15 [sec],2015 RX245,73.760,344.82,1,0.4602,0.6897
era 2011-15 [prv],2013 RC156,308.990,345.32,0,0.464,0.693
era 2011-15 [prv],2013 UH15,99.280,29.54,1,0.7353,0.8771
era 2011-15 [prv],2015 DR370,185.670,152.82,0,0.1899,0.3756
era 2011-15 [prv],2015 FX397,215.170,181.82,0,0.0726,0.1649
era 2011-15 [prv],2015 FA400,208.730,181.82,0,0.0726,0.1649
era 2011-15 [prv],2015 FQ561,141.530,181.82,0,0.0726,0.1649
era 2011-15 [prv],2015 GT50,174.860,197.63,0,0.0381,0.0917
era 2011-15 [prv],2015 JB13,271.390,226.88,0,0.0092,0.0382
era 2011-15 [prv],2015 KH163,298.470,241.35,0,0.0157,0.0459
era 2011-15 [prv],2015 OC193,359.170,299.64,1,0.1614,0.3299
era 2011-15 [prv],2015 OB203,21.450,299.64,1,0.1614,0.3299
era 2011-15 [prv],2015 RY245,336.350,344.82,0,0.4602,0.6897
era 2011-15 [prv],2015 UN105,1.130,29.04,1,0.7335,0.8761
era 2016-19,2016 QU89,46.470,330.06,1,0.3497,0.5828
era 2016-19,2016 QV89,94.210,330.06,1,0.3497,0.5828
era 2016-19,2016 EC366,171.700,167.62,0,0.1203,0.2581
era 2016-19,2016 GA277,291.360,198.36,0,0.0369,0.0891
era 2016-19,2016 SG58,55.440,0.16,1,0.5735,0.7781
era 2016-19,2016 SA59,15.370,0.16,1,0.5735,0.7781
era 2016-19,2016 SD106,22.540,0.16,1,0.5735,0.7781
era 2016-19,2016 TP120,117.350,14.91,0,0.6679,0.8391
era 2016-19,2017 CL54,156.980,139.17,0,0.2718,0.4911
era 2016-19,2017 DV177,200.810,153.31,0,0.1873,0.3715
era 2016-19,2017 OF201,306.600,300.10,0,0.1637,0.3337
era 2016-19,2018 AD39,19.910,107.39,1,0.5039,0.726
era 2016-19,2018 VM35,135.730,45.26,0,0.7686,0.8944
era 2016-19,2019 EU5,218.000,166.85,0,0.1234,0.2638
era 2016-19,2019 EE6,245.800,166.85,0,0.1234,0.2638
era 2016-19 [sec],2016 QU89,46.470,330.06,1,0.3497,0.5828
era 2016-19 [sec],2016 QV89,94.210,330.06,1,0.3497,0.5828
era 2016-19 [sec],2016 EC366,171.700,167.62,0,0.1203,0.2581
era 2016-19 [sec],2016 SG58,55.440,0.16,1,0.5735,0.7781
era 2016-19 [sec],2016 SA59,15.370,0.16,1,0.5735,0.7781
era 2016-19 [sec],2016 SD106,22.540,0.16,1,0.5735,0.7781
era 2016-19 [sec],2017 CL54,156.980,139.17,0,0.2718,0.4911
era 2016-19 [sec],2017 OF201,306.600,300.10,0,0.1637,0.3337
era 2016-19 [prv],2016 GA277,291.360,198.36,0,0.0369,0.0891
era 2016-19 [prv],2016 TP120,117.350,14.91,0,0.6679,0.8391
era 2016-19 [prv],2017 DV177,200.810,153.31,0,0.1873,0.3715
era 2016-19 [prv],2018 AD39,19.910,107.39,1,0.5039,0.726
era 2016-19 [prv],2018 VM35,135.730,45.26,0,0.7686,0.8944
era 2016-19 [prv],2019 EU5,218.000,166.85,0,0.1234,0.2638
era 2016-19 [prv],2019 EE6,245.800,166.85,0,0.1234,0.2638
era 2020-22,2020 KW54,277.120,242.05,0,0.0162,0.0468
era 2020-22,2020 MQ53,316.510,271.71,0,0.061,0.1408
era 2020-22,2021 DK18,196.630,153.29,0,0.1874,0.3717
era 2020-22,2021 LP43,144.450,257.14,0,0.0331,0.0808
era 2020-22,2021 RR205,317.080,345.27,0,0.4636,0.6927
era 2020-22 [sec],2021 RR205,317.080,345.27,0,0.4636,0.6927
era 2020-22 [prv],2020 KW54,277.120,242.05,0,0.0162,0.0468
era 2020-22 [prv],2020 MQ53,316.510,271.71,0,0.061,0.1408
era 2020-22 [prv],2021 DK18,196.630,153.29,0,0.1874,0.3717
era 2020-22 [prv],2021 LP43,144.450,257.14,0,0.0331,0.0808
era 2023-24,2023 KQ14,270.780,241.31,0,0.0156,0.0458
era 2023-24,2024 FX26,192.880,182.51,0,0.0707,0.1611
era 2023-24 [sec],2023 KQ14,270.780,241.31,0,0.0156,0.0458
era 2023-24 [sec],2024 FX26,192.880,182.51,0,0.0707,0.1611
era 2025+,2025 LJ2,345.060,257.11,0,0.033,0.0807
era 2025+,2025 LS2,336.170,257.11,0,0.033,0.0807
era 2025+,2025 MC349,272.210,271.44,0,0.0604,0.1395
era 2025+,2025 MB352,316.830,271.44,0,0.0604,0.1395
era 2025+,2025 MC395,270.110,271.44,0,0.0604,0.1395
era 2025+,2025 MB396,356.980,271.44,1,0.0604,0.1395
era 2025+,2025 NM191,331.340,285.75,0,0.1028,0.2251
era 2025+,2025 NT192,274.720,285.75,0,0.1028,0.2251
era 2025+,2025 NJ497,346.880,285.75,0,0.1028,0.2251
era 2025+,2025 VF39,36.430,45.47,1,0.7687,0.8944
era 2025+,2026 EX122,187.500,167.05,0,0.1226,0.2623
era 2025+,2026 ES123,145.880,167.05,0,0.1226,0.2623
era 2025+,2026 EA124,114.030,167.05,0,0.1226,0.2623
era 2025+,2026 EO125,137.990,167.05,0,0.1226,0.2623
era 2025+,2026 EY127,207.840,167.05,0,0.1226,0.2623
era 2025+,2026 EZ127,209.080,167.05,0,0.1226,0.2623
era 2025+,2026 FD35,251.460,182.00,0,0.0721,0.1639
era 2025+,2026 HO17,228.580,212.49,0,0.0192,0.0523
era 2025+,2026 HW17,272.830,212.49,0,0.0192,0.0523
era 2025+,2026 HP19,245.830,212.49,0,0.0192,0.0523
era 2025+,2025 OY736,303.310,300.06,0,0.1635,0.3333
era 2025+ [prv],2025 LJ2,345.060,257.11,0,0.033,0.0807
era 2025+ [prv],2025 LS2,336.170,257.11,0,0.033,0.0807
era 2025+ [prv],2025 MC349,272.210,271.44,0,0.0604,0.1395
era 2025+ [prv],2025 MB352,316.830,271.44,0,0.0604,0.1395
era 2025+ [prv],2025 MC395,270.110,271.44,0,0.0604,0.1395
era 2025+ [prv],2025 MB396,356.980,271.44,1,0.0604,0.1395
era 2025+ [prv],2025 NM191,331.340,285.75,0,0.1028,0.2251
era 2025+ [prv],2025 NT192,274.720,285.75,0,0.1028,0.2251
era 2025+ [prv],2025 NJ497,346.880,285.75,0,0.1028,0.2251
era 2025+ [prv],2025 VF39,36.430,45.47,1,0.7687,0.8944
era 2025+ [prv],2026 EX122,187.500,167.05,0,0.1226,0.2623
era 2025+ [prv],2026 ES123,145.880,167.05,0,0.1226,0.2623
era 2025+ [prv],2026 EA124,114.030,167.05,0,0.1226,0.2623
era 2025+ [prv],2026 EO125,137.990,167.05,0,0.1226,0.2623
era 2025+ [prv],2026 EY127,207.840,167.05,0,0.1226,0.2623
era 2025+ [prv],2026 EZ127,209.080,167.05,0,0.1226,0.2623
era 2025+ [prv],2026 FD35,251.460,182.00,0,0.0721,0.1639
era 2025+ [prv],2026 HO17,228.580,212.49,0,0.0192,0.0523
era 2025+ [prv],2026 HW17,272.830,212.49,0,0.0192,0.0523
era 2025+ [prv],2026 HP19,245.830,212.49,0,0.0192,0.0523
era 2025+ [prv],2025 OY736,303.310,300.06,0,0.1635,0.3333
