name,a,q,i,varpi0,theta,in_cap,dv_giants,dv_bb21ml,dv_bb21med
 82158 (2001 FP185),215.4,34.194,30.79,186.01000000000002,134.82690039008403,False,0.017850985109148187,0.009645198858411232,0.022593776065402197
 90377 Sedna (2003 VB12),543.7,76.185,11.93,95.61000000000001,46.60733467477908,True,0.0020232489863053252,-0.0005090224670276313,-0.0028018698237439518
148209 (2000 CR105),229.3,44.169,22.71,85.24000000000001,37.003682066753605,True,-0.03952655133495113,-0.2733606434424982,-0.009836483856899298
445473 (2010 VZ98),158.9,34.355,4.51,71.23000000000002,25.86384256716923,True,-0.1588731205575087,0.30359495082299176,-0.3462344682804792
474640 Alicanto (2004 VN112),342.1,47.371,25.51,33.31999999999999,13.091124928854878,True,0.008788063142535447,0.0033063242125071033,-0.001107097278338593
505478 (2013 UT15),205.4,43.901,10.65,84.05000000000001,34.42644837883779,True,0.4187074145618435,0.3624073175209349,-0.2730223881536507
506479 (2003 HB57),158.6,38.053,15.5,208.46,155.03359398742995,False,0.3430375674383224,0.3507095423519435,0.33377981582364485
508338 (2015 SO20),169.1,33.197,23.4,28.730000000000018,24.662692352816723,True,0.014591902263194421,0.15831875512856322,0.012625900603569707
523622 (2007 TG422),555.3,35.622,18.57,38.889999999999986,8.895423009201917,True,0.006546797551626708,0.0050971029989341715,0.0035534459342725358
527603 (2007 VJ305),195.8,35.25,11.98,3.079999999999984,46.33252996016666,True,-0.11852571073992627,0.06384606673500669,-0.13033632553492638
541132 Leleakuhonua (2015 TG387),1346.0,64.681,11.68,59.360000000000014,29.31272502904861,True,0.0005469558564268725,-1.0832791648752402e-05,-0.00016056713345419645
543735 (2014 OS394),154.8,37.083,14.12,86.0,35.32935147599346,True,-0.20880760867700535,-0.2855245921447841,-0.2071203564790454
594337 (2016 QU89),177.0,35.266,16.96,46.46999999999997,3.198529085499248,True,-0.37725593358063503,-0.39011097425474994,-0.27868320359230364
689335 (2013 FL28),374.2,32.151,15.82,159.37,104.66155710775631,False,0.01612780173144718,0.00955234229004571,0.010891285128888262
765047 (2013 RA109),480.1,46.067,12.39,8.009999999999991,40.02074546871663,True,0.007976661755596835,0.004972645521192256,0.003318130824643152
765133 (2013 SL102),321.8,38.176,6.5,0.4900000000000091,48.535963869506936,True,0.028899964320858534,0.022019275003324765,0.03519504532332596
768325 (2015 BP519),486.2,35.296,54.08,123.07,76.75953200567959,False,-0.002942181544253626,-0.0041217929999056695,-0.003052583402943629
771740 (2016 QV89),177.3,39.955,21.39,94.20999999999998,43.53457842268565,True,-0.25116921641644113,-0.35495614141417897,-0.3419122113537247
       (2002 GB32),205.1,35.31,14.19,213.88,162.25137669888022,False,0.06841723485252785,0.35625304526242363,0.08134630973248373
       (2003 SS422),192.9,39.642,16.8,358.15999999999997,51.379140446641614,True,0.04537874924634172,0.024139852932485967,0.037456097063763946
       (2005 RH52),154.3,39.053,20.45,338.90000000000003,76.19390467480756,False,0.051402357698203054,0.055502071255570946,0.017173035329603938
       (2012 VP113),267.5,80.642,24.0,25.180000000000007,21.10535433196814,True,0.004681793784971005,-0.004352023803245289,-0.00031892470338491325
       (2013 FT28),288.3,43.558,17.39,258.23,152.34380937699888,False,0.012944391291245827,0.44371190729735194,0.4402651507509392
       (2013 RF98),375.8,36.161,29.5,19.940000000000055,24.064024026350765,True,0.008332529750037855,0.006597441856839023,0.005361174879769519
       (2013 SY99),812.9,49.906,4.23,61.790000000000006,22.98669265142819,True,0.0033715219182565816,0.0009063380664136935,0.0012211240733392627
       (2014 FE72),2687.0,36.051,20.6,110.77999999999997,70.34329148507932,False,0.00039244729431436593,0.00012783193630629526,0.0003314140464416131
       (2014 SR349),304.1,47.392,17.96,16.590000000000032,32.93763150694363,True,-0.4515060610983665,0.007643136789644141,-0.36051589449561416
       (2014 SX403),376.9,35.601,42.96,324.20000000000005,84.75641181799374,False,0.001085123903491635,-0.002183278917450724,-0.003305086747656089
       (2014 TS115),183.4,34.85,18.25,53.31,3.14894436669577,True,0.00953024424025222,-0.300999666792009,-0.39407073484930927
       (2014 TU115),360.2,34.993,23.53,57.84000000000003,6.1014424458510295,True,0.4754729808068736,0.47304685084849346,0.46734109290601206
       (2014 WB556),284.5,42.772,24.15,350.54,57.60113477588424,True,0.013188467364032648,0.009246480333731547,0.0120629800589523
       (2015 DY248),324.8,33.943,12.92,157.57999999999993,103.32394683984256,False,0.023555585214528257,0.016963380570820173,0.01633831865454252
       (2015 DM319),278.7,39.421,6.84,209.03,156.70329569255202,False,0.03546169700472149,0.141022934299503,0.19601476630805872
       (2015 KG163),640.2,40.482,14.0,251.07,157.08374527275743,False,0.006779956517700184,0.0072863847768661096,0.005157513359070745
       (2015 RX245),446.1,45.508,12.14,73.76,36.8668593371117,True,0.007269647360350761,0.0018163981073782422,0.002798882137987457
       (2016 EC366),161.3,38.746,37.34,171.70000000000005,104.87325889608915,False,-0.018478841483309364,0.0010070961081584371,-0.02272507120886065
       (2016 SG58),244.4,35.114,13.21,55.44,8.578174759715798,True,-0.4121923124046766,0.03662641781293347,-0.4017799341779821
       (2016 SA59),252.6,39.164,21.53,15.370000000000005,35.41609376694146,True,0.017870912321473496,0.01666205312521995,0.017403348342361097
       (2016 SD106),357.5,42.686,4.81,22.54000000000002,31.880106619235193,True,0.01760018255094918,0.018064823249665785,0.012525014062044725
       (2017 CL54),217.8,35.997,14.9,156.98000000000002,104.64109561055758,False,0.02795686486968639,-0.07589680342324318,-0.0532773291002742
       (2017 OF201),823.6,45.145,16.22,306.5999999999999,99.2300059431303,False,0.003745019912258394,0.003989710269971143,0.0027601636085584254
       (2021 RR205),949.0,55.604,7.65,317.08,90.96852707886758,False,0.002303669025686718,0.0010503207847075804,0.0014395388847124328
       (2023 KQ14),247.4,65.923,11.0,270.78,134.2225262039066,False,0.011057225540374952,-0.23785433938525627,0.014929172849381504
       (2024 FX26),253.7,40.914,15.67,192.88,142.96299583236942,False,0.0005103527167897927,0.006513696038917068,0.024148142784633453
