lam,beta,pros_mwu_p,pros_gap,code_mwu_p,code_gap
0,-60,0.6026258397076476,0.009308269716973586,0.10942871849356123,0.03604643910683028
0,-50,0.8564627923332968,-0.0011989344320763873,0.16570737371017946,0.021138166702764
0,-40,0.8822514612011916,-0.015617465302170938,0.27032768191983836,0.014615103360254442
0,-30,0.9893425210152523,-0.0445156813385815,0.4188136533998685,-0.01865524892442519
0,-20,0.9976324745570578,-0.04805430315252775,0.4131711922112627,-0.01865524892442519
0,-10,0.9995210162768947,-0.05438430198482816,0.18171226983839273,0.007984828889131546
0,0,0.9936729637726659,-0.045103972817620755,0.2186407107102843,-0.0033382679393354348
0,10,0.9998949206754809,-0.05483044144829664,0.2444203084967131,0.007984828889131546
0,20,0.9999472080012757,-0.056751442547226305,0.5010198081203182,-0.0033382679393354348
0,30,0.9999933448002271,-0.06241817409836077,0.6135894867078416,-0.009961364042237214
0,40,0.9997655194680006,-0.050455916706578854,0.5892823858464971,-0.008548573211005384
0,50,0.9999097935594585,-0.050455916706578854,0.4661030168879397,0.025198613288032287
0,60,0.999659728782969,-0.04790658658922531,0.24449964973491306,0.027425003890545613
10,-60,0.7502551061820235,0.007656395521668968,0.0948658879180127,0.03604643910683028
10,-50,0.8422279600830138,-0.0010377977493014334,0.18580506546825531,0.0180949439113193
10,-40,0.916299287904359,-0.009920121706987056,0.14283199666409613,0.020103200874112298
10,-30,0.9651260332121582,-0.03445755160650152,0.15620422884078977,0.01654780031796016
10,-20,0.9985548367479531,-0.048912940470118266,0.04114259113162005,0.022361874051450847
10,-10,0.9995227602327328,-0.052382765094630745,0.02584998708770439,0.043165635568023344
10,0,0.999800604838816,-0.052949106762478465,0.04943332952068287,0.03542590737780486
10,10,0.9998980721975673,-0.05567259129963456,0.4259837484830913,-0.0033382679393354348
10,20,0.9999425273176656,-0.056751442547226305,0.43054750539291753,-0.008548573211005384
10,30,0.9999959946898274,-0.0641652934704767,0.6426489648758658,-0.009961364042237214
10,40,0.9992377863369595,-0.04734242721649365,0.40127312012019606,0.007984828889131546
10,50,0.9996569749792882,-0.04790658658922531,0.2754317606583925,0.027425003890545613
10,60,0.9993081870531013,-0.048878721554235297,0.1694852929943469,0.03279827055251132
20,-60,0.7286363755983105,0.008634962747232897,0.06511338041247852,0.0369686945194939
20,-50,0.7579365830863292,0.0018930406008255268,0.04423610097747865,0.04001724140699278
20,-40,0.8303124006685305,-0.004675191648986263,0.08791409982197329,0.021138166702764
20,-30,0.8867529120124051,-0.012165787549139856,0.011696976725591638,0.049885374789760364
20,-20,0.9604508709933992,-0.03599725925863098,0.019822258509361815,0.049885374789760364
20,-10,0.9714270850311151,-0.040219512154384573,0.0194062032213966,0.043165635568023344
20,0,0.9984724068953774,-0.04911306667668189,0.17628953036560296,0.01758276614661186
20,10,0.9993670051169128,-0.04998115154057964,0.2351045048746942,0.007984828889131546
20,20,0.9999366478049904,-0.05188442118987893,0.11223660004692076,0.0241786243195508
20,30,0.9999920657183998,-0.05947360280542928,0.4052652577594107,-0.008548573211005384
20,40,0.9998792974116448,-0.052949106762478465,0.44770126503373225,0.007984828889131546
20,50,0.9991246687710191,-0.04686489640290614,0.19495583467709232,0.03279827055251132
20,60,0.9996906361586148,-0.049590597490269395,0.12994329033257418,0.03898526081830336
30,-60,0.5947753636108322,0.0150102278370004,0.030836276043653216,0.04040778727753752
30,-50,0.4446358390704733,0.017687361863471515,0.03418560559214574,0.04634527539949092
30,-40,0.815105784101128,-0.0018273826848773378,0.025106492633800548,0.04382516497770299
30,-30,0.8573031187083271,-0.0072694126705154655,0.008967867007595895,0.04736526436797241
30,-20,0.8284509966169991,-0.016600937170095725,0.010386486007769377,0.050785723059518464
30,-10,0.8558750087079827,-0.020263792952922674,0.04743721365334219,0.022361874051450847
30,0,0.9892339056831552,-0.04398471697608737,0.04953784474216481,0.026169797622161053
30,10,0.9957172426855576,-0.04581328422411504,0.02321272568653682,0.044656059136310974
30,20,0.9999088249782059,-0.05188442118987893,0.027648073270818835,0.044656059136310974
30,30,0.9999584839689973,-0.05733605031784275,0.04302231149977556,0.04777392991225121
30,40,0.9999335454082376,-0.05346161634222249,0.18806592614873402,0.03279827055251132
30,50,0.996494831099264,-0.045197804839635855,0.18117010441187903,0.03279827055251132
30,60,0.9991222155541861,-0.047923659927060255,0.0973215778964191,0.05350932532063446
40,-60,0.3774595758582581,0.018087954024521277,0.01313057533721473,0.05063058657390418
40,-50,0.22177396628865043,0.025363908076015948,0.019587409165566574,0.049885374789760364
40,-40,0.7864409662757543,-0.004675191648986263,0.03824525134273005,0.03656170855347392
40,-30,0.8661197336045885,-0.0072694126705154655,0.00625054816750773,0.051140581058144924
40,-20,0.7990123181956132,-0.004350439858621977,0.011684692274204428,0.049885374789760364
40,-10,0.9045723187706882,-0.015088016320080444,0.001318921427639569,0.0632130921567308
40,0,0.9818590820964055,-0.03853657403294404,0.010514077803090039,0.05329613559628758
40,10,0.994779595335787,-0.04510444664713377,0.030147273046604663,0.03507613729377114
40,20,0.9990191102963535,-0.049850508315112146,0.0050756351686839386,0.06480130794906575
40,30,0.9990556660557135,-0.04911306667668189,0.022989214378712746,0.06062569507159135
40,40,0.9991845969640629,-0.04734242721649365,0.10641664108534588,0.03898526081830336
40,50,0.9946071211266223,-0.04394828187209687,0.21839242104336476,0.034961584509640486
40,60,0.9989305159498397,-0.046515875056930056,0.1209047339169948,0.0446883576814988
50,-60,0.31151786182754115,0.022538349279046063,0.012500333947953296,0.04885568793626004
50,-50,0.18586257439474124,0.0252060792184277,0.024818711635608864,0.049885374789760364
50,-40,0.4579532557619723,0.0050551346665043545,0.017505100904963364,0.04634527539949092
50,-30,0.7188629357378283,0.0014282074556138946,0.004249301027088389,0.05670839638166511
50,-20,0.72946798961034,-0.0015169464888488277,0.0022567167605523223,0.06294134267504034
50,-10,0.875680546879441,-0.013906474908914349,0.0062165897118796306,0.05670839638166511
50,0,0.9492458491609117,-0.025220223386940716,0.004519667583627929,0.06619369056257321
50,10,0.9929560899887797,-0.044107778302201625,0.007362842696583784,0.06480130794906575
50,20,0.996494831099264,-0.045942228846279215,0.019287599282613824,0.06294134267504034
50,30,0.9725914890925983,-0.03807587291087469,0.02820381713891914,0.06294134267504034
50,40,0.9955981087287993,-0.043135365528382846,0.056988899276109735,0.06062569507159135
50,50,0.9962271308090974,-0.04336838891727979,0.1869036561462235,0.03656656086205877
50,60,0.9919308485543369,-0.042622750112767255,0.1450883177210307,0.03668111364618942
60,-60,0.32904377632762416,0.024784015121198863,0.020846627660160353,0.0445703767618468
60,-50,0.21974609791518535,0.023118242233863148,0.04029755088246776,0.04382516497770299
60,-40,0.19255920261332526,0.022725065664050234,0.03242703696107616,0.032522304153731876
60,-30,0.4101020610897594,0.019164553791563593,0.0039080373391478344,0.05670839638166511
60,-20,0.266716815214043,0.019330379801447403,0.0013133334053541548,0.06294134267504034
60,-10,0.52798772443488,0.006095309310700778,0.00015438440242570333,0.07545686776437077
60,0,0.7972626827858944,-0.0072694126705154655,0.008204424617831796,0.06802977466142372
60,10,0.9591181080811467,-0.03007173272515555,0.017656747038593573,0.06480130794906575
60,20,0.997278690181428,-0.04523339126929796,0.01618433140659071,0.06504491621845121
60,30,0.9777211469422195,-0.03714016029145238,0.04536985461015924,0.06222423071045349
60,40,0.9794642352368608,-0.03676910089508695,0.05917706086869017,0.06294134267504034
60,50,0.9805372261995061,-0.03377741299974278,0.16600035613939096,0.03668111364618942
60,60,0.9967513035087618,-0.044352929476655256,0.07001622023810584,0.05350932532063446
70,-60,0.289123208980815,0.020989506659642165,0.1572811629115421,0.021652383738374706
70,-50,0.21286393168000317,0.022538349279046063,0.04237038301334997,0.03656170855347392
70,-40,0.07473415974145836,0.02795785303957926,0.028262756631871094,0.0392757660937202
70,-30,0.1833127222713044,0.024970731506203034,0.0140989250213189,0.05724367480497794
70,-20,0.16188870796567822,0.021401216430876766,0.022232903061418955,0.04508037124608755
70,-10,0.1818065356074713,0.020827570220225897,0.003873501485162396,0.06432780425386435
70,0,0.3241461015531548,0.019164553791563593,0.007771190366166668,0.06664331308259971
70,10,0.9291748174619183,-0.01941943765505598,0.0470119947839709,0.05396126656614264
70,20,0.9002492797022538,-0.022404628642766627,0.021510464833699786,0.06594416125850427
70,30,0.8898712890415194,-0.0213245743244016,0.08534870011333168,0.05952908188966283
70,40,0.926044500668735,-0.0264446128909573,0.08574184291183512,0.06319386162731472
70,50,0.9426320014541508,-0.030088575549496205,0.287810364292107,0.03507613729377114
70,60,0.9881174284969418,-0.034256586108141696,0.2038688490486802,0.05120517814852052
80,-60,0.14848746250454486,0.025515490189437953,0.09996701227617721,0.026900863397560842
80,-50,0.139279684543699,0.024784015121198863,0.05583429110057271,0.04382516497770299
80,-40,0.03060862540385148,0.031870180976382945,0.0742282304669054,0.0392757660937202
80,-30,0.039463667831049896,0.03760790331879413,0.059421294797435915,0.0392757660937202
80,-20,0.15463570741692195,0.02500949093352127,0.05082487608019522,0.04076618966200783
80,-10,0.1976770070562998,0.02500949093352127,0.047923021139718115,0.04076618966200783
80,0,0.1760665536208239,0.021401216430876766,0.02106622037515178,0.06042832692971589
80,10,0.2550319962824503,0.019164553791563593,0.005072736117799658,0.06872892648551918
80,20,0.6960840622550104,-4.5005216772434076e-05,0.013052925584954146,0.06778989550246993
80,30,0.766587227139057,-0.007630372919958536,0.04655702579712527,0.06480130794906575
80,40,0.8081597270256904,-0.011722500168801386,0.0684513673998531,0.06042832692971589
80,50,0.8902433777942085,-0.021584113766993027,0.19090354125501796,0.05396126656614264
80,60,0.9537878272567812,-0.02513726574019068,0.18631427581533894,0.05332843414147541
90,-60,0.10766361420533177,0.02795785303957926,0.05001852076019813,0.03656170855347392
90,-50,0.12827855958278828,0.024784015121198863,0.03148099658078972,0.051140581058144924
90,-40,0.01284493582037355,0.04985568549681464,0.04773769837571271,0.04508037124608755
90,-30,0.030602252708172326,0.03760790331879413,0.06348985575686505,0.0392757660937202
90,-20,0.04729595201179824,0.030429552588725733,0.041901657175314425,0.04508037124608755
90,-10,0.18993860746313002,0.023685641700347773,0.05490970440761862,0.04076618966200783
90,0,0.05250840098807631,0.03601435261913222,0.049016578090845114,0.05366567730202536
90,10,0.19875680475899699,0.024944603671278612,0.004319058015927543,0.0665385963271185
90,20,0.3209958775348777,0.01942020881339379,0.00435509238947825,0.06872892648551918
90,30,0.5018892133497718,0.005643520359515,0.03616251532393522,0.06210472373380574
90,40,0.6021017183554068,0.009732910569621805,0.06845069101562781,0.056758226844893164
90,50,0.8362864841325217,-0.008962253101653106,0.2963342544244203,0.04979867708183336
90,60,0.9425815373637594,-0.022486219456161707,0.12013328068341073,0.05377805666150191
100,-60,0.10426607897356283,0.026089136400088794,0.019119997650623388,0.0445703767618468
100,-50,0.06094575645050499,0.03291523847521616,0.04071228031777927,0.05396126656614264
100,-40,0.011098767603377309,0.04985568549681464,0.0739793191613412,0.03370637824125593
100,-30,0.021159336770342378,0.046021218977635114,0.0739793191613412,0.03370637824125593
100,-20,0.026327125630945435,0.04499803789226729,0.05318449231720182,0.03370637824125593
100,-10,0.018985222364786978,0.05258141245383996,0.03567284864531718,0.04885568793626004
100,0,0.009672023297854037,0.0597647166912188,0.0064237243415097055,0.06829684592132074
100,10,0.21240068009845847,0.02013045986147309,0.032532660628960215,0.057165518515302965
100,20,0.1728188371705643,0.022455467123358053,0.012406095847472536,0.0665385963271185
100,30,0.347987268394839,0.019606925198397962,0.038567584689584385,0.056758226844893164
100,40,0.6604680544755192,0.005643520359515,0.09472183658691063,0.050697922121886424
100,50,0.6980034223349835,-0.0015169464888488277,0.2500749591186845,0.04979867708183336
100,60,0.8245187623665775,-0.01037005047374015,0.20874835337449643,0.052287633093214284
110,-60,0.04954499930619162,0.034221033935445344,0.02937153718760572,0.0445703767618468
110,-50,0.010734130025124477,0.04570514792268457,0.02126209319901934,0.061306168658698285
110,-40,0.0069020623009812525,0.052055298560347865,0.03890913706128772,0.04508037124608755
110,-30,0.009109011791730537,0.04813302334862955,0.02942886318842337,0.0392757660937202
110,-20,0.01104331096373169,0.05309842319132088,0.049153248378898,0.03370637824125593
110,-10,0.01028893694432393,0.05165779480366367,0.028760730729041797,0.04508037124608755
110,0,0.03621246425668452,0.041271245562830225,0.008773330825789167,0.06740708559108975
110,10,0.12061098950914129,0.029746902716430365,0.013161614837942644,0.06258448205171338
110,20,0.14550263344529285,0.029746902716430365,0.02937153718760572,0.06210472373380574
110,30,0.21269937241877557,0.03660991117327811,0.11528408392442929,0.04979867708183336
110,40,0.5627494204643859,0.01730009314771258,0.2622910473602241,0.04547327059679729
110,50,0.6970057445678252,0.0020626512351781257,0.2869691048996723,0.046830921901694425
110,60,0.6531387390281979,0.0020626512351781257,0.22582825278407548,0.052287633093214284
120,-60,0.02547078301764486,0.03643330198997452,0.045151506100279105,0.0445703767618468
120,-50,0.011513613147253833,0.042287793805440274,0.030408758676221243,0.05636696344019551
120,-40,0.003482398988056489,0.052055298560347865,0.03466430298020523,0.04508037124608755
120,-30,0.00586898206506924,0.05033262526910133,0.05370631985525176,0.03370637824125593
120,-20,0.002597264620044722,0.057955122419539526,0.1385439859064127,0.026900863397560842
120,-10,0.01667911410565956,0.05033026279066566,0.10169782767655822,0.03370637824125593
120,0,0.005943836277119068,0.0731157399636955,0.07322447677813647,0.053605305337811146
120,10,0.007824146664205497,0.0586960097069576,0.06911815738115162,0.054860511606195705
120,20,0.15007153989713545,0.02862069701127974,0.11330804774388575,0.04979867708183336
120,30,0.23521440628684248,0.019816153258668978,0.18277732284311288,0.036881458353416816
120,40,0.6197163346406018,0.011442096144266084,0.33171396141082077,0.025114041616088323
120,50,0.6786010983080608,-0.01601773478258689,0.3802674448566712,0.03551502330370215
120,60,0.6262145016133818,0.009732910569621805,0.2641938932427737,0.050697922121886424
130,-60,0.0494682131905269,0.032604003037615126,0.1271208441616421,0.021652383738374706
130,-50,0.0119429030701739,0.0423224445758375,0.11470129211231755,0.03656170855347392
130,-40,0.021169967178250454,0.03941911766288567,0.13045580576761323,0.026900863397560842
130,-30,0.0018994052962597672,0.05830581689880758,0.17756961798987086,0.023018204895277797
130,-20,0.0016984379473473242,0.05830581689880758,0.3059707020015191,0.021652383738374706
130,-10,0.002337940772189426,0.05140920828537682,0.24129311937998327,0.024712273467042592
130,0,0.0022967687927217036,0.06849345594049974,0.20838769786676786,0.036881458353416816
130,10,0.00834278421252006,0.049794398638945137,0.0644613285628303,0.055267803276605534
130,20,0.12582195567116428,0.020140905049033264,0.11938126205403254,0.036881458353416816
130,30,0.43524006351868394,0.006082736800089902,0.5264201877602112,-0.0057277881859958
130,40,0.7787002278889747,-0.005455920507242376,0.4514606118766471,0.011362260684713979
130,50,0.7499758667203034,-0.01852255030977787,0.42513378145710895,0.03551502330370215
130,60,0.7275631743698572,0.005643520359515,0.436387704431685,0.04271718217917517
140,-60,0.038456312380442274,0.032604003037615126,0.11814957052862674,0.023018204895277797
140,-50,0.1095885551812249,0.025515490189437953,0.38805285881125823,-0.004692822357344098
140,-40,0.007489034137602503,0.042287793805440274,0.3538294481893167,0.009436152766144887
140,-30,0.009414523279359328,0.04762001870383864,0.3922258979383228,0.009436152766144887
140,-20,0.001217960043221976,0.06157726648227202,0.5333470721231693,0.0037820577169051794
140,-10,0.0010033614605973122,0.06903292868785532,0.4287906215681021,0.009436152766144887
140,0,0.010793493139402257,0.043065933602083814,0.47757246799860137,0.014798530015166761
140,10,0.026947948725979255,0.031341305089278335,0.2570251215295675,0.026991071454620985
140,20,0.20289658647789544,0.012371762434689335,0.19565926172772463,0.036549989132353855
140,30,0.35133387554975015,0.012371762434689335,0.5835109995378658,0.008692916826590846
140,40,0.8177491359773839,-0.01852255030977787,0.618089714374194,-0.012815503351136931
140,50,0.767137875077877,-0.01601773478258689,0.485661719584622,0.025114041616088323
140,60,0.7264297784081659,0.01342993304723826,0.5014020836405942,0.033687356574864574
150,-60,0.08126532176338802,0.02914270841312322,0.18552185126167814,0.023018204895277797
150,-50,0.036001192470872995,0.03167496519264182,0.6689894095900699,-0.01948141969679011
150,-40,0.10736908911917115,0.023118242233863148,0.47020356584854756,0.0037820577169051794
150,-30,0.0506107532098018,0.03527867894728971,0.7119765410997057,-0.02408971404101798
150,-20,0.027775606029100227,0.03649601721154398,0.49471224886174187,0.009436152766144887
150,-10,0.03686380940511906,0.03303301310513691,0.612370880232424,-0.004692822357344098
150,0,0.01362934012125506,0.03945765909943931,0.43558901319517307,0.020744354953504116
150,10,0.005608908984899708,0.06059440211367344,0.323622381029936,0.026991071454620985
150,20,0.04506464117594212,0.02845487100139593,0.5149604249284142,0.022896215897301397
150,30,0.20003430922661392,0.02797119343055117,0.6451298389234164,0.008064331598244517
150,40,0.4182529080311301,0.011973998608740294,0.4791306059895232,0.011362260684713979
150,50,0.6415015585193302,0.009464732974070342,0.7401489250909508,-0.0057277881859958
150,60,0.7088045003216503,0.01342993304723826,0.35061280366172004,0.043636820123142156
160,-60,0.03253984330751741,0.033143475784970705,0.5840133643464464,-0.004692822357344098
160,-50,0.05666869311025632,0.02983945123259496,0.4738370478007173,0.0037820577169051794
160,-40,0.05286518867936552,0.029283877625592328,0.7208608235658303,-0.012808014921051825
160,-30,0.06624504883454943,0.028400820443931232,0.7510012791053171,-0.01837583024457201
160,-20,0.05323705181847046,0.021532949269649118,0.7474562599726571,-0.01837583024457201
160,-10,0.0005850059724487498,0.07406670252436781,0.7182796247408876,-0.024479265974456613
160,0,0.0018902311141474539,0.06739585041790179,0.7403044147128396,-0.024479265974456613
160,10,0.000678764246241226,0.07966702653218678,0.730404263542042,-0.024479265974456613
160,20,0.052675065247636724,0.042807347303957924,0.640648491777518,-0.0006828220676395602
160,30,0.0359662179226277,0.061329010392107794,0.7217361771250446,-0.022191242245367337
160,40,0.28332175663270964,0.03867022434531227,0.6094108020385813,-0.012323646358934737
160,50,0.414913839178911,0.03561950916689405,0.685400318780298,-0.0057277881859958
160,60,0.6249848048018674,0.01342993304723826,0.35061280366172004,0.043636820123142156
170,-60,0.04822880652965275,0.0313753140559179,0.5112164234130772,0.009436152766144887
170,-50,0.022378240920131465,0.03589382924261894,0.5656784365418037,0.0037820577169051794
170,-40,0.055882376968438806,0.0252060792184277,0.8411162595251316,-0.027397233311012556
170,-30,0.09483305700400207,0.020610747879621846,0.884674149848138,-0.028142445095156357
170,-20,0.0017166462280619724,0.05323805266148282,0.8530921320960089,-0.03390905687561796
170,-10,0.0019985113828181987,0.06404907874668757,0.845984055412683,-0.0306170503438305
170,0,0.0168510769928248,0.04961649990875423,0.7713768405829227,-0.024479265974456613
170,10,0.011519724916880941,0.0620261207508606,0.8058163207686218,-0.032792719217710764
170,20,0.08322001477647428,0.04289936919047768,0.9233562583296839,-0.03696184210698808
170,30,0.11839555658312123,0.04241569161963292,0.8573863576746934,-0.028712841830698027
170,40,0.37329668666897287,0.03515467602168243,0.7419241892590129,-0.012323646358934737
170,50,0.22339323663822036,0.03660991117327811,0.6327046236478654,0.008031090296679533
170,60,0.528740916666155,0.024262593925112624,0.49298992814559306,0.02514588091516015
180,-60,0.023242909055012726,0.03427679834478868,0.611698006725995,0.009436152766144887
180,-50,0.03772375859743642,0.03167496519264182,0.7930883663337718,-0.02257462977163617
180,-40,0.05922163968803963,0.028463564322019172,0.8398153587522434,-0.02257462977163617
180,-30,0.05567985543474072,0.029466231643681298,0.9475270522034325,-0.039243133535540015
180,-20,0.005422397219074064,0.05186216575090703,0.8897213171215899,-0.0379889342626307
180,-10,0.006014079661294148,0.06180341290453477,0.8530932299029708,-0.03500498732803911
180,0,0.03596342992126117,0.04358868527119958,0.9082563109736894,-0.0379889342626307
180,10,0.055751183805401935,0.04522759927752654,0.9445111453317511,-0.040270768724110895
180,20,0.06753949602480448,0.04326393348083529,0.7028666517956244,-0.024334028068891386
180,30,0.10706386161448234,0.04160006048358192,0.8178327555832344,-0.031060840121400257
180,40,0.19739045230879282,0.036098404807510406,0.8491737542428852,-0.02307882180050684
180,50,0.3072616209927923,0.03561950916689405,0.5693224121089756,0.008031090296679533
180,60,0.3621891259527533,0.03515467602168243,0.3468580239052481,0.04232663630863043
190,-60,0.11473219558862535,0.02730719445307636,0.6528668410085576,0.0037820577169051794
190,-50,0.12298054739576086,0.023685641700347773,0.706755200283289,-0.012808014921051825
190,-40,0.013611574996955525,0.034964791397645634,0.8871120712435159,-0.024263849796865203
190,-30,0.005976722651861377,0.04394899078374491,0.8947959030292523,-0.028142445095156357
190,-20,0.00731591855156273,0.05058186733046875,0.9651429842539206,-0.03981005886120578
190,-10,0.03280959380044944,0.044020153455517894,0.8686018913463383,-0.035915549627326654
190,0,0.03752414386518129,0.04539342528741035,0.9151585231367878,-0.03981005886120578
190,10,0.060457484309332954,0.05304288278668565,0.8869987011180329,-0.03981005886120578
190,20,0.05432233964771838,0.04670758750337298,0.8400231657054977,-0.035915549627326654
190,30,0.08878750948410863,0.03908868046585433,0.7047721137764631,-0.024334028068891386
190,40,0.17790009434943144,0.03561950916689405,0.9108208865658558,-0.03981005886120578
190,50,0.12175195601268496,0.03957235803669909,0.6697828816360789,-0.00047714406145987764
190,60,0.21159649405267444,0.036158844327584705,0.5129740341918261,0.008031090296679533
200,-60,0.19788364007092613,0.025931307542500573,0.7856462567621382,-0.012808014921051825
200,-50,0.15043733464878778,0.025555100564403785,0.7862106974188892,-0.01948141969679011
200,-40,0.04392431988553052,0.030550006015351613,0.7583890862123596,-0.012808014921051825
200,-30,0.02484803989327807,0.0330745061463258,0.935459410130391,-0.03780356610949709
200,-20,0.023817603483656177,0.036350746815306575,0.9609320627434439,-0.03780356610949709
200,-10,0.02101808699283092,0.044020153455517894,0.962241694628405,-0.03981005886120578
200,0,0.07441204152882232,0.03811104515995793,0.964586511751202,-0.05104604913443124
200,10,0.15493116120182876,0.0325259344190203,0.8613444288727351,-0.040984422033743556
200,20,0.12177555025779996,0.03769258903941587,0.874033461668857,-0.03981005886120578
200,30,0.08045074392070428,0.03908868046585433,0.8285843005468414,-0.031060840121400257
200,40,0.026752797865832605,0.0508804787095206,0.9488965039777314,-0.038033921040949645
200,50,0.12175195601268496,0.03957235803669909,0.6697828816360789,-0.00047714406145987764
200,60,0.290982175519071,0.035679948686968346,0.5129740341918261,0.008031090296679533
210,-60,0.22250286896209154,0.0252060792184277,0.596282960937542,0.0037820577169051794
210,-50,0.211221707311251,0.023118242233863148,0.9045287141508991,-0.020425427937875343
210,-40,0.13492922722122003,0.02088263679822258,0.894438843801046,-0.021915851506162973
210,-30,0.02732968520003019,0.029507724684870187,0.858110712265393,-0.017878633190231696
210,-20,0.010728378909918667,0.04617284588621655,0.953660091768669,-0.03390905687561796
210,-10,0.00924737334119948,0.04609053564616315,0.9829749681517858,-0.048095548141637315
210,0,0.12521292637882536,0.02811961770419992,0.9826662230302382,-0.05227166977301498
210,10,0.15430001187363007,0.0325259344190203,0.9814803349592333,-0.044380373242123725
210,20,0.047246925537784666,0.044743921706681775,0.9626047241144636,-0.040270768724110895
210,30,0.11574936239522282,0.02010120998569953,0.9947515944237383,-0.06340892986011167
210,40,0.015128794039278096,0.059650720473836114,0.9930762597058681,-0.044380373242123725
210,50,0.09110533262345966,0.05071465269963679,0.9188276484089279,-0.03742255196989319
210,60,0.2224598654958958,0.036158844327584705,0.6950841684964342,-0.00047714406145987764
220,-60,0.33594154390074327,0.02088263679822258,0.7550303116367026,0.0037820577169051794
220,-50,0.2139260737993124,0.020209329828481892,0.9748634101671512,-0.026689036856319917
220,-40,0.053023915876042944,0.027233438155016845,0.96894279109861,-0.036334243935072674
220,-30,0.026966648783500375,0.03527867894728971,0.990109541390318,-0.06013159800021102
220,-20,0.007911233547212156,0.05186216575090703,0.961297084152305,-0.036334243935072674
220,-10,0.006316366748084373,0.05751409365796677,0.9336229851801864,-0.036334243935072674
220,0,0.02236534537567296,0.04539342528741035,0.9811026928241326,-0.05227166977301498
220,10,0.10230026934072844,0.03769258903941587,0.9838351611304826,-0.04468648719782799
220,20,0.13794757755609993,0.03515467602168243,0.9908100119252274,-0.05534379700766541
220,30,0.12508989300158269,0.03515467602168243,0.9965389150243027,-0.07319728876298812
220,40,0.051478890286911244,0.04205112732927532,0.9953009514036597,-0.05534379700766541
220,50,0.08208555939557938,0.04205112732927532,0.9380234940623557,-0.04032202619015686
220,60,0.3532542048610974,0.024262593925112624,0.8377828169555723,-0.026259677724753308
230,-60,0.31832002466743314,0.02088263679822258,0.8645161306653144,-0.012808014921051825
230,-50,0.26367370354692987,0.020209329828481892,0.9226694819199305,-0.017878633190231696
230,-40,0.042785695514321875,0.027233438155016845,0.9903555768501827,-0.054481628378742056
230,-30,0.015058809252031477,0.03997229956803516,0.9959944190496126,-0.062329490903059614
230,-20,0.06278977925788617,0.03303301310513691,0.9827821085033318,-0.04955473218320218
230,-10,0.01689419302442832,0.04617284588621655,0.99068307748637,-0.05171918073371662
230,0,0.05517229151073257,0.04031654974207152,0.9985149725310658,-0.06428004147577628
230,10,0.2012339822566917,0.01251960823962281,0.9979213571398924,-0.06684333027337469
230,20,0.12003019201823484,0.045791687512467955,0.9967497981624948,-0.06543826986624612
230,30,0.08400756856879932,0.04682224334990605,0.9988173092252063,-0.07380951667439666
230,40,0.03314974635952582,0.05889450049915351,0.9898464242870911,-0.05534379700766541
230,50,0.202888151430827,0.035679948686968346,0.9665499029707507,-0.04226130013837327
230,60,0.4553138907618624,0.01342993304723826,0.9380234940623557,-0.04032202619015686
240,-60,0.31025863975060664,0.017514964133293204,0.7773738208382779,-0.012808014921051825
240,-50,0.22160468484578683,0.020209329828481892,0.9784941726689674,-0.05105509018150885
240,-40,0.018826535453431773,0.033129277437598775,0.9941547090414802,-0.06502238631263044
240,-30,0.057716544549829836,0.026058674331046014,0.9995273468883715,-0.07158689586928046
240,-20,0.08501223484389325,0.02727211924922962,0.9946255191408445,-0.0591359753863185
240,-10,0.024900167923372588,0.04746380747805558,0.992081814031132,-0.054452302773659214
240,0,0.025115285264629136,0.0592192522895178,0.9937709593890942,-0.062329490903059614
240,10,0.04926761964084471,0.04625652065767957,0.9896474388328,-0.05642320067391007
240,20,0.10235251505235682,0.045791687512467955,0.9756746389370058,-0.04439448164361458
240,30,0.030766569029764622,0.06294819069444971,0.9804743414074734,-0.046758719770435914
240,40,0.047532023294225234,0.036158844327584705,0.9657334090139172,-0.04439448164361458
240,50,0.2341154221888107,0.035679948686968346,0.9394170951502505,-0.04032202619015686
240,60,0.5380401622308719,0.0057140187936173675,0.9352455848053612,-0.04032202619015686
250,-60,0.2142622557932054,0.02088263679822258,0.6406204378675003,-0.004692822357344098
250,-50,0.13219547209655053,0.021580679490174698,0.8625390076714592,-0.025027258858303397
250,-40,0.06125744916275602,0.027233438155016845,0.973997270501918,-0.04571613495850925
250,-30,0.039549129006600736,0.029507724684870187,0.9986578395355787,-0.061805319244441645
250,-20,0.07342254940090338,0.026058674331046014,0.9970426922105895,-0.054388524591839765
250,-10,0.014808186178913782,0.04961649990875423,0.9926456256111238,-0.05150528275591884
250,0,0.008877097742523137,0.06180341290453477,0.9893201999779663,-0.04934083420540443
250,10,0.018587456967605432,0.0592192522895178,0.9872640337606945,-0.04955473218320218
250,20,0.0379023760859844,0.05889450049915351,0.9772367366507153,-0.04539242726164122
250,30,0.10449143981178033,0.024773804094993815,0.9583709504159821,-0.04439448164361458
250,40,0.0549628999652377,0.024773804094993815,0.9657334090139172,-0.04439448164361458
250,50,0.07162410901085897,0.036098404807510406,0.91310327460535,-0.04032202619015686
250,60,0.4831080536018007,0.007284723130309617,0.8703733216332017,-0.026259677724753308
260,-60,0.15552756884579133,0.021663126328516955,0.5613276535486852,-0.004692822357344098
260,-50,0.09461345509240737,0.022424356875346788,0.8543965248775951,-0.03339130994130948
260,-40,0.0734174645731857,0.022405097891882247,0.8992489782777001,-0.03827147995672549
260,-30,0.14868276991304052,0.020456305674740605,0.9669467667749415,-0.04613938258372245
260,-20,0.3003445592585089,0.016961851787882412,0.9701457263609917,-0.047590320164489816
260,-10,0.04542378049550117,0.03673048482974674,0.9901309161081395,-0.04934083420540443
260,0,0.0544880555355558,0.04310990258129059,0.9697110223450557,-0.04571613495850925
260,10,0.06216237082672327,0.038308311853019056,0.9790862604537227,-0.04539242726164122
260,20,0.03270756939202945,0.058977413504095424,0.9672053649306172,-0.043136009688715435
260,30,0.213943650589275,0.007284723130309617,0.976272950635085,-0.04478019935023268
260,40,0.1416400439794498,0.013881721998424038,0.9565116828097032,-0.042430069624902214
260,50,0.06203150885063885,0.036098404807510406,0.8812882803270498,-0.03742255196989319
260,60,0.47294010018632243,0.0007471454808906097,0.7500432588420181,-0.012767436136504481
270,-60,0.14419730583250934,0.021663126328516955,0.5348557149421544,-0.004692822357344098
270,-50,0.09438717534346336,0.022424356875346788,0.896244763629512,-0.03827147995672549
270,-40,0.25554979872141065,0.01661283044190638,0.9501169455911416,-0.04394148968087386
270,-30,0.36786872676444204,0.006288706579578168,0.9815246257070542,-0.04571613495850925
270,-20,0.3078006681732516,0.013885854021566307,0.9831999856659058,-0.04934083420540443
270,-10,0.11643526022757528,0.02156142050671017,0.9831999856659058,-0.04934083420540443
270,0,0.08693649780836682,0.029342085708947183,0.9795708257242508,-0.04955473218320218
270,10,0.06059023035705478,0.0365114782541701,0.9948591497112484,-0.04955473218320218
270,20,0.18505542071208037,0.017921200141938792,0.9955322474977824,-0.0472666124676218
270,30,0.4622502582425473,-0.011697696236757246,0.9971770138920216,-0.057145198183230037
270,40,0.22815966174523195,0.007284723130309617,0.8849364411116212,-0.0395467874356006
270,50,0.24658349147489672,0.0007471454808906097,0.9078842747830493,-0.04032202619015686
270,60,0.6695004343507452,-0.011697696236757246,0.7140894654080491,-0.012767436136504481
280,-60,0.5070896746050138,0.007485384228486505,0.6482654243666854,-0.017878633190231696
280,-50,0.14725846064668757,0.02088263679822258,0.8234466370753034,-0.03339130994130948
280,-40,0.31752297448118005,0.013421020876354689,0.9697380223900758,-0.04394148968087386
280,-30,0.3466229751941219,0.0037141098964795644,0.9939592532565857,-0.05171918073371662
280,-20,0.35972831569349706,0.000667848539813054,0.9913413116256641,-0.052010178063527576
280,-10,0.23708299876620953,0.007205328675975564,0.9904425264560041,-0.05150528275591884
280,0,0.28903169034812537,0.0011989344320763873,0.9690112569681153,-0.047590320164489816
280,10,0.5104390754163001,-0.010759653426459917,0.9815544157343177,-0.047590320164489816
280,20,0.6505994472994231,-0.017490885232154557,0.9940805634901301,-0.04955473218320218
280,30,0.7534988412862393,-0.017679882664806884,0.985863386446112,-0.048239898588805424
280,40,0.5401414196867227,-0.008009733558635032,0.9764654458955644,-0.04478019935023268
280,50,0.6452464979588222,-0.014981455507273284,0.957931034632359,-0.041885887491925955
280,60,0.7263331472117329,-0.011697696236757246,0.8257456912801255,-0.026259677724753308
290,-60,0.39695628038008435,0.011244103021823923,0.6656357602768905,-0.02339446751902008
290,-50,0.2518963543555799,0.014336920867259711,0.8450230572773476,-0.03745521646370607
290,-40,0.34420087654732734,0.006740495530763946,0.990848949071048,-0.04779035669629188
290,-30,0.4952045624439094,-0.0017145021629911411,0.9939592532565857,-0.05171918073371662
290,-20,0.5056199244957384,-0.0017145021629911411,0.9963243572852737,-0.05489341989944846
290,-10,0.3450999027388485,0.000667848539813054,0.9897902312239353,-0.052010178063527576
290,0,0.4313426044521002,-0.004877214039526179,0.9738234314834537,-0.04934083420540443
290,10,0.4748826409675329,-0.007148161080243562,0.948470005317829,-0.04539242726164122
290,20,0.5247224846724559,-0.014798625889492462,0.9584474820284765,-0.04478019935023268
290,30,0.6477081232146358,-0.016656701579439062,0.9759928814151994,-0.048239898588805424
290,40,0.7196641947996393,-0.017679882664806884,0.9793840438989263,-0.048239898588805424
290,50,0.8524497402416022,-0.026869708369707326,0.9200109929942821,-0.04310923481689041
290,60,0.9479569802421411,-0.02905307636096066,0.7899376481709252,-0.012734081852614362
300,-60,0.5109561008207116,0.008183895901539492,0.5907327235597511,-0.012808014921051825
300,-50,0.4027853587178738,0.011244103021823923,0.725961154847328,-0.03257504644829008
300,-40,0.429838333907519,0.003438629089156847,0.9677498821040187,-0.04407350882373777
300,-30,0.5637949118591569,-0.0017145021629911411,0.9818519852972185,-0.04779035669629188
300,-20,0.40269402723421166,0.000667848539813054,0.9898969511726756,-0.04779035669629188
300,-10,0.4020555121545187,-0.0008416138830562581,0.9770578856357082,-0.04934083420540443
300,0,0.5723262607707774,-0.00784780686011334,0.9858092010201807,-0.054452302773659214
300,10,0.767779950177542,-0.01746857830225261,0.9114609033983005,-0.03998167897879347
300,20,0.8526484270277398,-0.033867192617060365,0.957806218204869,-0.045861552060493235
300,30,0.8629425388377274,-0.033867192617060365,0.9843459915581665,-0.056245316692016434
300,40,0.8150343071682065,-0.034256586108141696,0.9854256764336586,-0.04964495899593399
300,50,0.954226495794719,-0.03733023410636216,0.9868287867651335,-0.047590320164489816
300,60,0.9847959108691011,-0.03686797861395566,0.9225532395914757,-0.03006809475101828
310,-60,0.6548303441613494,0.002850077490421335,0.4340161589826598,-0.004692822357344098
310,-50,0.3841054077409565,0.011727780592668685,0.7141387350456947,-0.03257504644829008
310,-40,0.5087672333760809,0.006949723591034962,0.7961717713989314,-0.030099303409522035
310,-30,0.5173323125601593,-0.0017145021629911411,0.9323695144870449,-0.04339780999752668
310,-20,0.6817091149489228,-0.010759653426459917,0.9838067937043556,-0.04779035669629188
310,-10,0.8059089514104866,-0.017028824070061274,0.9576463487923855,-0.04779035669629188
310,0,0.910775500042338,-0.03409754317809503,0.9548484938997209,-0.046960498511917526
310,10,0.8930998450150924,-0.035200980885044655,0.9414652845180482,-0.03673363611646681
310,20,0.9551672110171663,-0.0435184169591975,0.9738077241372369,-0.04674461136894505
310,30,0.9663725686845118,-0.04443556709492666,0.9895455929865973,-0.05171918073371662
310,40,0.9541998809509933,-0.04424885070992249,0.9831034155039472,-0.04955473218320218
310,50,0.9947505373762675,-0.04875683764711854,0.9921955260476855,-0.04934083420540443
310,60,0.9963377595594526,-0.04322872372088493,0.9338548469401671,-0.04144583358677613
320,-60,0.4659562543050025,0.011727780592668685,0.5169414805967381,-0.012808014921051825
320,-50,0.6583611458528741,0.003438629089156847,0.7362134266448203,-0.030099303409522035
320,-40,0.5458187303475635,0.003438629089156847,0.5654637168995134,0.001360859745001608
320,-30,0.5657488878752022,-0.0026695813423755765,0.8620930363522664,-0.030099303409522035
320,-20,0.757782289734829,-0.010759653426459917,0.9134781035233526,-0.040299380019227685
320,-10,0.892390807309215,-0.03167281052957929,0.9419036355944571,-0.04432266163611062
320,0,0.9683202433489846,-0.04574564056137276,0.9571900289480743,-0.04432266163611062
320,10,0.9823564201434276,-0.047993810835148504,0.9715729349202187,-0.04779035669629188
320,20,0.9848742918473243,-0.04735626046057563,0.9339215391137028,-0.041885887491925955
320,30,0.9916843599271796,-0.04911306667668189,0.9434004444541239,-0.041885887491925955
320,40,0.9894366889530455,-0.04911306667668189,0.9728358234505384,-0.04478019935023268
320,50,0.9994887696175284,-0.050063677824830885,0.9214565148195228,-0.0377433786742752
320,60,0.995864560529118,-0.04322872372088493,0.7681243218273521,-0.011846502297474859
330,-60,0.3523706429625427,0.023118242233863148,0.3972061947772963,-0.004692822357344098
330,-50,0.8247411777567133,-0.0013739711756294987,0.8015237774538277,-0.03257504644829008
330,-40,0.6542576585052966,-0.0013739711756294987,0.7396215137524069,-0.02339446751902008
330,-30,0.7240546365275425,-0.007231074085185474,0.8079644614097412,-0.03257504644829008
330,-20,0.9271338061191707,-0.03409754317809503,0.8146271685890076,-0.033259262821799154
330,-10,0.9760153447324718,-0.04535171353104506,0.8211444438090647,-0.031227309560600866
330,0,0.9972225915324234,-0.04941492845669637,0.924866245908519,-0.04374348526849128
330,10,0.9940211429604463,-0.04941492845669637,0.8547377360521885,-0.04130582605556503
330,20,0.9941971866932418,-0.04734242721649365,0.6882070528893621,-0.029803619911365403
330,30,0.9991651465250511,-0.052704140849386835,0.6810873706093586,-0.029803619911365403
330,40,0.9990875013495464,-0.05054324720215972,0.8867928742127713,-0.037067679848064125
330,50,0.9999475330931048,-0.055106368215751295,0.86549223722064,-0.029803619911365403
330,60,0.999875269344578,-0.05023934685840392,0.7284078198090186,-0.008548573211005384
340,-60,0.4399065576242694,0.017245833272640967,0.3170745218487331,0.005686266230037679
340,-50,0.5717765338681777,0.007656395521668968,0.6414993565453566,-0.03257504644829008
340,-40,0.76492056421324,-0.00286303020564925,0.8556942468642672,-0.03863028132637131
340,-30,0.9508339481102247,-0.0405557656356859,0.6426051608410088,-0.01865524892442519
340,-20,0.9979947786318298,-0.052382765094630745,0.727981039032513,-0.029221252292662356
340,-10,0.9988733397014818,-0.053803330368043426,0.9122368870430503,-0.03783901606412536
340,0,0.999578959857068,-0.05548150011965526,0.8133062358995287,-0.03927387279436674
340,10,0.9984671494324573,-0.05023934685840392,0.47892465709186605,-0.010742455783326707
340,20,0.9906283839410815,-0.04563086512342446,0.47430727697585723,-0.01954282847956469
340,30,0.9984778026618595,-0.049182621897991094,0.7497180160752909,-0.029803619911365403
340,40,0.9999604047916569,-0.0559091314669153,0.9171596796080091,-0.03382690152824834
340,50,0.999969949234663,-0.057105552593165396,0.8094437109888889,-0.010795699690351698
340,60,0.9998491820666372,-0.047639645661530505,0.4410748679858377,0.015974650284461253
350,-60,0.4592317486796668,0.017245833272640967,0.27820638925844055,0.013244569792409858
350,-50,0.769511057123485,-0.0008416138830562581,0.5029161855259454,-0.012808014921051825
350,-40,0.8259716399613368,-0.0019885193676522916,0.6807060798726994,-0.01757721118365764
350,-30,0.9532980473743866,-0.0386193520343332,0.6239351097793648,-0.029221252292662356
350,-20,0.9979269421487094,-0.04911306667668189,0.8606496063904632,-0.03783901606412536
350,-10,0.9969243096760475,-0.050379195066441174,0.40332132819502753,-0.0033382679393354348
350,0,0.9967133618561013,-0.04651132691606716,0.48119543764750117,-0.010742455783326707
350,10,0.992911892973831,-0.045500221897956966,0.3546544591082953,-0.008939119081550123
350,20,0.9921703794554194,-0.04475495147164467,0.3261728532655868,-0.0033382679393354348
350,30,0.9984922784341773,-0.0465046450173482,0.5899860748312614,-0.010742455783326707
350,40,0.9998081927396775,-0.049182621897991094,0.7413764776362495,-0.009961364042237214
350,50,0.9996641179375347,-0.04706880439007986,0.5114116261547028,0.019392027984626733
350,60,0.9998254474799664,-0.049182621897991094,0.1523468342141267,0.0446883576814988
