survey,name,varpi,lam_disc,a,q,d_axis,in_cap
SBDB,2001 FP185,186.010,182.40,215.40,34.19,137.0,0
SBDB,2003 VB12,95.610,45.10,543.70,76.19,46.6,1
SBDB,2000 CR105,85.240,138.52,229.30,44.17,36.2,1
SBDB,2010 VZ98,71.230,45.31,158.90,34.35,22.2,1
SBDB,2004 VN112,33.320,45.85,342.10,47.37,15.7,1
SBDB,2013 UT15,84.050,29.54,205.40,43.90,35.1,1
SBDB,2003 HB57,208.460,212.39,158.60,38.05,159.5,0
SBDB,2015 SO20,28.730,359.44,169.10,33.20,20.3,1
SBDB,2007 TG422,38.890,14.22,555.30,35.62,10.1,1
SBDB,2007 VJ305,3.080,45.08,195.80,35.25,45.9,1
SBDB,2015 TG387,59.360,14.17,1346.00,64.68,10.4,1
SBDB,2014 OS394,86.000,299.88,154.80,37.08,37.0,1
SBDB,2016 QU89,46.470,330.06,177.00,35.27,2.5,1
SBDB,2013 FL28,159.370,182.33,374.20,32.15,110.4,0
SBDB,2013 RA109,8.010,345.32,480.10,46.07,41.0,1
SBDB,2013 SL102,0.490,359.93,321.80,38.18,48.5,1
SBDB,2015 BP519,123.070,122.43,486.20,35.30,74.1,0
SBDB,2016 QV89,94.210,330.06,177.30,39.95,45.2,1
SBDB,2002 GB32,213.880,197.95,205.10,35.31,164.9,0
SBDB,2003 SS422,358.160,359.51,192.90,39.64,50.8,1
SBDB,2005 RH52,338.900,345.37,154.30,39.05,70.1,0
SBDB,2012 VP113,25.180,45.80,267.50,80.64,23.8,1
SBDB,2013 FT28,258.230,182.33,288.30,43.56,150.8,0
SBDB,2013 RF98,19.940,345.32,375.80,36.16,29.1,1
SBDB,2013 SY99,61.790,359.93,812.90,49.91,12.8,1
SBDB,2014 FE72,110.780,182.07,2687.00,36.05,61.8,0
SBDB,2014 SR349,16.590,359.69,304.10,47.39,32.4,1
SBDB,2014 SX403,324.200,359.69,376.90,35.60,84.8,0
SBDB,2014 TS115,53.310,14.43,183.40,34.85,4.3,1
SBDB,2014 TU115,57.840,14.43,360.20,34.99,8.8,1
SBDB,2014 WB556,350.540,60.39,284.50,42.77,58.5,1
SBDB,2015 DY248,157.580,152.82,324.80,33.94,108.6,0
SBDB,2015 DM319,209.030,152.82,278.70,39.42,160.0,0
SBDB,2015 KG163,251.070,241.35,640.20,40.48,157.9,0
SBDB,2015 RX245,73.760,344.82,446.10,45.51,24.8,1
SBDB,2016 EC366,171.700,167.62,161.30,38.75,122.7,0
SBDB,2016 SG58,55.440,0.16,244.40,35.11,6.4,1
SBDB,2016 SA59,15.370,0.16,252.60,39.16,33.6,1
SBDB,2016 SD106,22.540,0.16,357.50,42.69,26.5,1
SBDB,2017 CL54,156.980,139.17,217.80,36.00,108.0,0
SBDB,2017 OF201,306.600,300.10,823.60,45.15,102.4,0
SBDB,2021 RR205,317.080,345.27,949.00,55.60,91.9,0
SBDB,2023 KQ14,270.780,241.31,247.40,65.92,138.2,0
SBDB,2024 FX26,192.880,182.51,253.70,40.91,143.9,0
DES,2003 SS422,357.848,359.51,190.33,39.59,51.2,1
DES,2013 RA109,7.713,345.32,462.87,46.01,41.3,1
DES,2013 RC156,308.893,345.32,172.70,37.43,100.1,0
DES,2013 SL102,0.214,359.93,314.38,38.13,48.8,1
DES,2014 SX403,323.931,359.69,372.73,35.52,85.1,0
DES,2014 TS115,53.179,14.43,178.08,34.86,4.2,1
DES,2014 TU115,57.690,14.43,335.25,34.99,8.7,1
DES,2014 WB556,350.231,60.39,280.09,42.70,58.8,1
DES,2015 BP519,123.271,122.43,448.50,35.25,74.3,0
DES,2015 SO20,28.421,359.44,164.76,33.17,20.6,1
DES,2015 UN105,0.781,29.04,185.27,41.41,48.2,1
DES,2016 QU89,46.240,330.06,171.53,35.25,2.8,1
DES,2016 QV89,94.301,330.06,171.63,39.96,45.3,1
DES,2016 SA59,15.012,0.16,244.99,39.09,34.0,1
DES,2016 SD106,22.339,0.16,350.04,42.70,26.7,1
DES,2016 SG58,55.274,0.16,233.00,35.11,6.3,1
OSSOS,2013 GP136,253.312,213.55,150.24,41.04,155.7,0
OSSOS,2013 SK100,28.867,12.87,61.91,45.46,20.1,1
OSSOS,2013 UT15,84.080,14.52,200.23,43.93,35.1,1
OSSOS,2013 JL64,177.408,239.34,56.78,35.94,128.4,0
OSSOS,2013 JD64,245.608,240.86,72.27,42.60,163.4,0
OSSOS,2014 UG228,30.638,27.42,54.98,37.87,18.4,1
OSSOS,2014 UD228,246.683,26.99,54.89,36.74,162.3,0
OSSOS,2014 UB230,49.861,24.44,49.68,35.93,0.9,1
OSSOS,o5c030,38.321,48.36,48.75,36.48,10.7,1
OSSOS,o5c038,44.087,51.34,58.83,38.47,4.9,1
OSSOS,o5c103,270.575,52.52,59.55,37.83,138.4,0
OSSOS,o5d028,48.959,50.35,63.38,37.54,0.0,1
OSSOS,o5d052,83.443,49.80,53.65,38.19,34.4,1
OSSOS,o5d090,351.210,50.23,75.22,35.77,57.8,1
OSSOS,o5d144,306.082,49.16,65.00,34.43,102.9,0
OSSOS,o5d145,305.684,49.89,61.40,36.66,103.3,0
OSSOS,o5m30,246.531,234.88,79.40,36.90,162.5,0
OSSOS,o5m31,183.130,234.63,48.37,34.03,134.1,0
OSSOS,o5m35,268.259,235.20,52.05,36.43,140.7,0
OSSOS,o5m69,320.456,236.03,48.83,35.18,88.5,0
OSSOS,o5m71,165.526,236.01,51.85,37.71,116.5,0
OSSOS,o5m84,137.616,235.86,54.11,35.86,88.6,0
OSSOS,o5p033,214.923,202.28,70.40,37.70,165.9,0
OSSOS,o5p049,166.652,206.54,64.79,37.55,117.7,0
OSSOS,o5p077,216.477,202.08,91.08,41.54,167.5,0
OSSOS,o5p112,271.406,205.78,62.02,36.63,137.6,0
OSSOS,o5p145,311.954,201.75,51.38,35.68,97.0,0
OSSOS,o5s25,28.904,9.49,56.52,37.72,20.1,1
OSSOS,o5s43,54.635,7.86,70.85,37.92,5.6,1
OSSOS,o5s59,97.814,9.47,57.68,33.01,48.8,1
OSSOS,2014 UA225,2.851,9.82,67.76,36.69,46.1,1
