desig,yr,q,e,theta_declared,in_cap,cos_priv,resid,resid_dipole_corrected
C/2018 A3 (ATLAS),2018,3.277,0.9934,92.66,0,-0.1608,0.0193,0.0413
C/2018 B1 (Lemmon),2018,5.117,1.0030,137.05,0,-0.2503,-0.0596,-0.0253
C/2018 C2 (Lemmon),2018,1.957,1.0018,19.37,1,0.5105,0.5549,0.4851
C/2018 E2 (Barros),2018,3.922,0.9976,104.89,0,-0.7726,-0.3392,-0.2334
C/2018 EF9 (Lemmon),2018,1.557,0.9976,60.90,0,0.5260,0.3147,0.2427
C/2018 F1 (Grauer),2018,2.993,0.9907,38.73,1,0.7368,0.7192,0.6183
C/2018 F4 (PANSTARRS),2018,3.440,1.0015,94.76,0,-0.4765,0.5125,0.5777
C/2018 KJ3 (Lemmon),2018,3.627,0.9958,46.75,1,0.0989,0.4466,0.4331
C/2018 L2 (ATLAS),2018,1.712,0.9930,60.50,0,0.9309,0.3766,0.2492
C/2018 N1 (NEOWISE),2018,1.307,0.9969,84.02,0,0.7439,0.2235,0.1217
C/2018 N2 (ASASSN),2018,3.125,1.0002,143.00,0,0.2484,-0.5371,-0.5711
C/2018 R3 (Lemmon),2018,1.291,0.9993,87.91,0,0.1814,-0.1054,-0.1302
C/2018 R4 (Fuls),2018,1.709,0.9944,71.78,0,0.7027,0.4870,0.3908
C/2018 S3 (TESS),2018,8.000,1.0013,94.84,0,-0.4809,-1.4526,-1.3868
C/2018 U1 (Lemmon),2018,4.994,1.0008,43.04,1,0.5396,0.3101,0.2362
C/2018 V1 (Machholz-Fujikawa-Iwamoto),2018,0.387,1.0004,130.74,0,0.2660,-0.4827,-0.5191
C/2018 V4 (Africano),2018,3.199,0.9848,134.11,0,-0.5733,-0.0026,0.0759
C/2018 W2 (Africano),2018,1.455,1.0008,141.04,0,0.4357,-0.2565,-0.3161
C/2018 X2 (Fitzsimmons),2018,2.126,0.9863,68.88,0,-0.6157,-0.4004,-0.3161
C/2018 Y1 (Iwamoto),2018,1.287,0.9911,65.63,0,-0.6763,-0.0952,-0.0026
C/2019 B1 (Africano),2019,1.597,0.9897,99.46,0,-0.7098,-0.1806,-0.0834
C/2019 B3 (PANSTARRS),2019,6.823,1.0021,84.13,0,-0.3709,-0.5220,-0.4712
C/2019 C1 (ATLAS),2019,6.581,0.9921,50.55,1,-0.6283,-0.6481,-0.5621
C/2019 D1 (Flewelling),2019,1.578,0.9885,80.93,0,0.9905,0.8494,0.7138
C/2019 E3 (ATLAS),2019,10.313,1.0009,105.92,0,-0.4766,0.0014,0.0667
C/2019 F1 (ATLAS-Africano),2019,3.596,1.0035,84.59,0,-0.0377,0.2369,0.2420
C/2019 G2 (PANSTARRS),2019,2.291,0.9967,83.68,0,-0.4923,0.2025,0.2698
C/2019 H1 (NEOWISE),2019,1.845,0.9922,48.35,1,0.7941,0.4044,0.2957
C/2019 J2 (Palomar),2019,1.727,0.9977,66.51,0,0.8003,0.2081,0.0986
C/2019 J3 (ATLAS),2019,2.374,1.0007,44.10,1,0.7051,0.4688,0.3723
C/2019 JU6 (ATLAS),2019,2.046,0.9994,67.82,0,0.9693,0.3464,0.2137
C/2019 K1 (ATLAS),2019,2.013,1.0006,101.81,0,-0.5778,0.5394,0.6185
C/2019 K4 (Ye),2019,2.259,0.9991,124.88,0,0.5765,-0.1623,-0.2412
C/2019 K5 (Young),2019,2.035,0.9865,136.24,0,0.4838,-0.0591,-0.1253
C/2019 K6 (PANSTARRS),2019,3.929,0.9976,18.94,1,0.0392,0.3753,0.3699
C/2019 K7 (Smith),2019,4.475,1.0000,81.58,0,0.9729,0.3776,0.2445
C/2019 K8 (ATLAS),2019,3.195,0.9977,72.90,0,0.6932,0.0802,-0.0147
C/2019 L3 (ATLAS),2019,3.554,1.0014,106.62,0,-0.6668,-0.1373,-0.0461
C/2019 M3 (ATLAS),2019,2.418,1.0022,84.25,0,0.5393,0.3745,0.3006
C/2019 M4 (TESS),2019,9.181,1.0045,99.83,0,-0.2412,-0.6185,-0.5855
C/2019 N1 (ATLAS),2019,1.705,0.9999,32.12,1,-0.3363,-0.3043,-0.2583
C/2019 NJ3 (Lemmon),2019,4.362,1.0009,100.71,0,-0.2619,0.3001,0.3359
C/2019 O3 (Palomar),2019,8.820,1.0036,77.12,0,0.9395,0.0978,-0.0308
C/2019 Q1 (Lemmon),2019,4.997,1.0009,124.62,0,0.6940,0.0866,-0.0084
C/2019 Q3 (PANSTARRS),2019,7.250,1.0047,98.06,0,0.9252,0.6568,0.5301
C/2019 S4 (Lemmon),2019,3.442,0.9858,94.23,0,0.4957,-0.1962,-0.2641
C/2019 T2 (Lemmon),2019,2.646,0.9987,100.22,0,-0.0594,0.3455,0.3536
C/2019 T3 (ATLAS),2019,5.947,0.9981,112.38,0,0.6550,-0.0682,-0.1579
C/2019 T4 (ATLAS),2019,4.242,0.9956,27.86,1,-0.2815,0.0760,0.1145
C/2019 U5 (PANSTARRS),2019,3.624,1.0014,34.79,1,-0.3742,-0.2743,-0.2231
C/2019 U6 (Lemmon),2019,0.914,0.9979,39.62,1,-0.1676,0.0707,0.0937
C/2019 V1 (Borisov),2019,3.097,0.9990,88.44,0,-0.1123,-0.2668,-0.2514
C/2019 Y1 (ATLAS),2019,0.838,0.9965,110.53,0,0.3234,0.0644,0.0202
C/2019 Y4 (ATLAS),2019,0.253,0.9992,84.45,0,0.7858,-0.2399,-0.3474
C/2019 Y5 (PANSTARRS),2019,4.914,0.9939,136.81,0,-0.6154,-0.3049,-0.2206
C/2020 A2 (Iwamoto),2020,0.978,0.9991,43.08,1,0.7021,0.1992,0.1031
C/2020 A3 (ATLAS),2020,5.767,0.9989,46.34,1,-0.3227,0.0842,0.1284
C/2020 B3 (Rankin),2020,3.344,0.9983,65.77,0,-0.7626,-0.4538,-0.3494
C/2020 F2 (ATLAS),2020,8.817,1.0048,10.56,1,0.0466,0.0294,0.0230
C/2020 F3 (NEOWISE),2020,0.295,0.9992,138.82,0,0.2387,-0.1507,-0.1833
C/2020 F5 (MASTER),2020,4.325,0.9951,106.78,0,0.2160,0.9668,0.9372
C/2020 F6 (PANSTARRS),2020,3.511,0.9908,16.99,1,0.1557,0.3720,0.3507
C/2020 F7 (Lemmon),2020,5.332,0.9931,90.77,0,-0.9667,-0.2646,-0.1323
C/2020 F8 (SWAN),2020,0.430,0.9998,47.30,1,0.6119,-0.0209,-0.1046
C/2020 H2 (Pruyne),2020,0.834,0.9955,45.90,1,0.7934,0.2090,0.1004
C/2020 H3 (Wierzchos),2020,2.304,1.0022,67.81,0,0.9490,0.5968,0.4669
C/2020 H5 (Robinson),2020,9.345,0.9973,47.05,1,-0.4724,-0.3828,-0.3181
C/2020 H6 (ATLAS),2020,4.703,1.0006,7.67,1,0.3114,-0.1908,-0.2334
C/2020 H7 (Lemmon),2020,4.420,0.9994,39.75,1,0.7496,0.2917,0.1891
C/2020 H8 (PANSTARRS),2020,4.675,0.9924,52.67,1,0.8697,0.3004,0.1814
C/2020 H11 (PANSTARRS-Lemmon),2020,7.631,0.9993,15.80,1,0.3247,-0.2702,-0.3146
C/2020 J1 (SONEAR),2020,3.355,1.0004,36.12,1,0.2649,0.1965,0.1602
C/2020 K1 (PANSTARRS),2020,3.073,0.9999,74.19,0,0.2141,-0.2493,-0.2786
C/2020 K2 (PANSTARRS),2020,8.878,1.0013,71.04,0,0.8802,0.0471,-0.0733
C/2020 K3 (Leonard),2020,1.593,0.9924,103.24,0,0.8846,0.2629,0.1418
C/2020 K5 (PANSTARRS),2020,1.535,1.0013,105.51,0,-0.1817,0.1973,0.2222
C/2020 K6 (Rankin),2020,5.868,1.0032,62.61,0,0.9601,-0.4693,-0.6007
C/2020 K8 (Catalina-ATLAS),2020,0.475,1.0002,134.14,0,-0.8332,-0.2212,-0.1071
C/2020 M5 (ATLAS),2020,3.004,0.9999,50.20,1,0.2652,-0.1457,-0.1820
C/2020 N1 (PANSTARRS),2020,1.321,1.0005,108.32,0,-0.7792,-0.3767,-0.2701
C/2020 O2 (Amaral),2020,4.862,1.0023,45.10,1,0.6874,0.4632,0.3691
C/2020 P1 (NEOWISE),2020,0.342,1.0003,147.81,0,-0.3130,0.0885,0.1313
C/2020 P3 (ATLAS),2020,6.812,0.9991,92.54,0,0.2280,-0.6390,-0.6702
C/2020 R2 (PANSTARRS),2020,4.692,0.9887,167.91,0,-0.3389,0.3566,0.4030
C/2020 R6 (Rankin),2020,3.130,0.9922,102.33,0,-0.5395,0.4390,0.5128
C/2020 R7 (ATLAS),2020,2.956,1.0002,63.66,0,0.5487,0.0777,0.0026
C/2020 S3 (Erasmus),2020,0.398,0.9980,16.44,1,0.0064,0.2118,0.2110
C/2020 S4 (PANSTARRS),2020,3.370,1.0006,75.20,0,-0.6437,-0.6158,-0.5277
C/2020 S8 (Lemmon),2020,2.364,0.9914,6.62,1,0.2120,-0.3349,-0.3639
C/2020 T2 (Palomar),2020,2.055,0.9934,21.65,1,0.4781,-0.1479,-0.2134
C/2020 T4 (PANSTARRS),2020,2.192,1.0000,85.26,0,0.5034,-0.2245,-0.2934
C/2020 T5 (Lemmon),2020,1.889,0.9980,87.62,0,0.8541,0.4868,0.3699
C/2020 U4 (PANSTARRS),2020,5.354,1.0013,149.82,0,-0.1309,-0.0812,-0.0632
C/2020 U5 (PANSTARRS),2020,3.756,0.9994,88.12,0,0.4501,-0.1481,-0.2097
C/2020 V2 (ZTF),2020,2.228,1.0009,152.16,0,-0.0383,0.2093,0.2145
C/2020 W5 (Lemmon),2020,3.364,1.0016,124.24,0,-0.2364,-0.3913,-0.3589
C/2020 Y2 (ATLAS),2020,3.132,0.9970,100.40,0,-0.7819,-0.2562,-0.1492
C/2020 Y3 (ATLAS),2020,1.999,0.9868,39.45,1,-0.4571,-0.3428,-0.2802
C/2021 A1 (Leonard),2021,0.615,1.0001,160.24,0,-0.4672,-0.0670,-0.0030
C/2021 A2 (NEOWISE),2021,1.413,0.9945,87.43,0,-0.9261,-0.0382,0.0886
C/2021 A6 (PANSTARRS),2021,7.928,0.9992,55.79,1,-0.6540,0.1872,0.2767
C/2021 A7 (NEOWISE),2021,1.968,0.9997,62.17,0,-0.6792,-0.0271,0.0658
C/2021 A9 (PANSTARRS),2021,7.760,1.0032,110.69,0,-0.8522,-0.2366,-0.1200
C/2021 B2 (PANSTARRS),2021,2.513,0.9925,115.71,0,-0.8647,-0.1377,-0.0194
C/2021 C1 (Rankin),2021,3.481,0.9996,28.15,1,-0.2057,-0.0502,-0.0220
C/2021 C4 (ATLAS),2021,4.504,0.9992,42.14,1,-0.1414,0.0076,0.0270
C/2021 C5 (PANSTARRS),2021,3.242,0.9993,66.30,0,-0.2923,-1.0747,-1.0347
C/2021 C6 (Lemmon),2021,3.271,1.0019,86.19,0,-0.8194,0.0367,0.1489
C/2021 D2 (ZTF),2021,2.946,1.0013,83.44,0,0.0794,-0.2803,-0.2911
C/2021 E3 (ZTF),2021,1.777,1.0009,71.03,0,-0.0217,0.0554,0.0584
C/2021 F1 (Lemmon-PANSTARRS),2021,0.995,0.9957,135.60,0,0.2843,0.2001,0.1612
C/2021 G2 (ATLAS),2021,4.982,1.0006,25.79,1,-0.1406,0.0674,0.0866
C/2021 G3 (PANSTARRS),2021,5.181,1.0012,67.38,0,-0.5669,-0.0212,0.0564
C/2021 K2 (MASTER),2021,5.467,1.0012,76.42,0,0.5302,0.4639,0.3914
C/2021 K3 (Catalina),2021,5.230,1.0036,79.56,0,0.7444,0.4544,0.3525
C/2021 L3 (Borisov),2021,8.458,1.0014,84.67,0,0.5073,0.2877,0.2183
C/2021 N3 (PANSTARRS),2021,5.711,0.9643,77.72,0,0.4453,0.2505,0.1895
C/2021 O3 (PANSTARRS),2021,0.287,1.0002,85.11,0,-0.9420,-0.1519,-0.0230
C/2021 P1 (PANSTARRS),2021,4.375,1.0002,136.00,0,0.3539,0.2440,0.1955
C/2021 P2 (PANSTARRS),2021,5.069,0.9980,95.04,0,0.9513,-0.0194,-0.1496
C/2021 P4 (ATLAS),2021,1.080,0.9966,48.53,1,-0.4935,-0.1871,-0.1195
C/2021 Q4 (Fuls),2021,7.565,1.0032,120.09,0,0.7384,0.4820,0.3810
C/2021 Q6 (PANSTARRS),2021,8.709,0.9997,131.02,0,0.5974,0.1028,0.0211
C/2021 QM45 (PANSTARRS),2021,2.773,0.9922,133.30,0,-0.1808,0.0501,0.0748
C/2021 R2 (PANSTARRS),2021,7.312,0.9975,125.91,0,0.6783,0.2725,0.1797
C/2021 R7 (PANSTARRS),2021,5.641,0.9952,152.98,0,0.1734,-0.3368,-0.3606
C/2021 S1 (ATLAS),2021,6.119,1.0010,106.23,0,-0.3839,-0.0295,0.0231
C/2021 S3 (PANSTARRS),2021,1.320,1.0002,8.86,1,0.1873,0.0420,0.0163
C/2021 S4 (Tsuchinshan),2021,6.689,0.9593,127.62,0,-0.3582,0.0594,0.1084
C/2021 T1 (Lemmon),2021,3.058,0.9980,132.28,0,0.5198,0.2345,0.1634
C/2021 T2 (Fuls),2021,1.248,1.0001,112.04,0,-0.2435,0.0203,0.0537
C/2021 T4 (Lemmon),2021,1.483,0.9999,75.47,0,0.6280,0.0317,-0.0543
C/2021 U5 (Catalina),2021,2.363,0.9891,71.34,0,-0.8556,-0.2467,-0.1296
C/2021 V1 (Rankin),2021,3.014,0.9956,178.04,0,-0.1955,0.3043,0.3310
C/2021 X1 (Maury-Attard),2021,3.234,1.0013,175.51,0,-0.1817,0.5816,0.6065
C/2021 X2 (Bok),2021,2.995,1.0013,173.83,0,-0.2185,0.4287,0.4586
C/2021 Y1 (ATLAS),2021,2.033,1.0008,116.09,0,-0.8782,-0.0806,0.0396
C/2022 A1 (Sarneczky),2022,1.253,0.9992,120.62,0,-0.8692,-0.5284,-0.4094
C/2022 A2 (PANSTARRS),2022,1.735,1.0004,88.28,0,0.4112,0.1520,0.0957
C/2022 A3 (Lemmon-ATLAS),2022,3.703,0.9960,87.49,0,-0.9151,-0.4858,-0.3606
C/2022 B4,2022,1.380,0.9964,77.27,0,-0.6305,-0.4239,-0.3376
C/2022 D2 (Kowalski),2022,1.555,0.9956,83.46,0,-0.7433,-0.2585,-0.1567
C/2022 E2 (ATLAS),2022,3.666,1.0010,110.88,0,-0.3111,0.3690,0.4115
C/2022 E3 (ZTF),2022,1.112,1.0003,73.78,0,-0.2838,-0.0586,-0.0198
C/2022 F1 (ATLAS),2022,5.975,0.9994,86.54,0,-0.1582,-0.1895,-0.1678
C/2022 H1 (PANSTARRS),2022,7.689,0.9935,62.83,0,-0.1589,-0.0254,-0.0037
C/2022 K1 (Leonard),2022,3.987,1.0027,69.15,0,0.9422,0.4143,0.2853
C/2022 L1 (Catalina),2022,1.592,0.9971,48.55,1,0.8470,0.1671,0.0512
C/2022 L2 (ATLAS),2022,2.692,1.0013,29.28,1,-0.2170,-0.4691,-0.4394
C/2022 N2 (PANSTARRS),2022,3.826,1.0032,161.62,0,-0.0108,0.2813,0.2828
C/2022 O1 (ATLAS),2022,7.430,1.0049,106.33,0,-0.3699,0.3148,0.3654
C/2022 P3 (ZTF),2022,2.561,0.9895,139.70,0,-0.5152,-0.1311,-0.0606
C/2022 QE78 (ATLAS),2022,5.477,1.0043,93.42,0,-0.7627,0.1020,0.2064
C/2022 R2 (ATLAS),2022,0.633,0.9985,75.02,0,0.0331,0.0141,0.0096
C/2022 R3 (Leonard),2022,5.129,1.0008,113.95,0,0.0061,0.3018,0.3010
C/2022 R6 (PANSTARRS),2022,6.566,1.0050,95.08,0,-0.9879,-0.2328,-0.0975
C/2022 S3 (PANSTARRS),2022,0.838,1.0004,113.42,0,-0.7021,0.1871,0.2832
C/2022 S4 (Lemmon),2022,2.763,0.9989,105.45,0,-0.4896,0.0241,0.0912
C/2022 T1 (Lemmon),2022,3.445,0.9997,27.99,1,-0.2302,-0.0673,-0.0358
C/2022 U1 (Leonard),2022,4.202,0.9994,110.12,0,0.7352,0.1347,0.0341
C/2022 U3 (Bok),2022,4.827,1.0032,114.01,0,-0.7754,0.3110,0.4172
C/2022 U4 (Bok),2022,2.898,0.9992,39.39,1,0.5982,-0.7616,-0.8434
C/2022 W2 (ATLAS),2022,3.123,0.9906,91.59,0,-0.0119,-0.4488,-0.4472
C/2022 W3 (Leonard),2022,1.398,0.9950,93.88,0,0.8599,0.2156,0.0979
C/2023 A1 (Leonard),2023,1.835,0.9920,70.51,0,-0.4457,-0.0137,0.0473
C/2023 A2 (SWAN),2023,0.947,0.9983,61.54,0,0.9544,0.0393,-0.0913
C/2023 A3 (Tsuchinshan-ATLAS),2023,0.391,1.0001,146.35,0,-0.7068,0.1232,0.2199
C/2023 B2 (ATLAS),2023,1.743,0.9971,49.29,1,-0.5928,-0.3136,-0.2324
C/2023 C2 (ATLAS),2023,2.368,0.9990,85.77,0,0.7434,-0.3510,-0.4528
C/2023 F1 (PANSTARRS),2023,1.708,0.9935,52.14,1,-0.6404,-0.3823,-0.2947
C/2023 F3 (ATLAS),2023,5.191,1.0035,47.66,1,-0.4160,-0.0918,-0.0349
C/2023 H1 (PANSTARRS),2023,4.448,0.9941,58.09,1,0.5347,0.1602,0.0871
C/2023 H2 (Lemmon),2023,0.894,0.9963,137.55,0,0.0566,0.2702,0.2625
C/2023 H5 (Lemmon),2023,4.313,1.0004,67.58,0,0.2011,-0.0472,-0.0747
C/2023 K1 (ATLAS),2023,2.040,0.9972,38.55,1,0.2135,-0.2694,-0.2986
C/2023 Q1 (PANSTARRS),2023,2.576,1.0053,107.20,0,-0.1545,0.6433,0.6644
C/2023 Q2 (PANSTARRS),2023,3.209,0.9905,59.72,1,0.7761,-0.7763,-0.8825
C/2023 R1 (PANSTARRS),2023,3.570,1.0023,58.13,1,0.8505,-0.1542,-0.2706
C/2023 R2 (PANSTARRS),2023,0.906,1.0007,50.92,1,-0.6215,0.1972,0.2822
C/2023 S2 (ATLAS),2023,1.068,0.9929,89.04,0,0.9331,0.2015,0.0738
C/2023 T2 (Borisov),2023,1.995,0.9914,109.96,0,0.0375,0.4562,0.4511
C/2023 T3 (Fuls),2023,3.548,0.9954,41.57,1,-0.4647,-0.5737,-0.5101
C/2023 U1 (Fuls),2023,4.973,0.9979,119.51,0,-0.8040,0.1022,0.2123
C/2023 V1 (Lemmon),2023,5.093,1.0003,60.59,0,0.7165,0.0022,-0.0959
C/2023 V4 (Camarasa-Duszanowicz),2023,1.122,1.0010,101.43,0,-0.0112,0.2291,0.2307
C/2023 X1 (Leonard),2023,0.950,0.9942,75.55,0,-0.8985,-0.4688,-0.3458
C/2023 X2 (Lemmon),2023,5.089,1.0003,92.83,0,0.2455,0.0561,0.0225
C/2023 X7 (PANSTARRS),2023,4.822,1.0020,97.65,0,-0.8195,0.4066,0.5188
C/2024 A1 (ATLAS),2024,3.875,1.0021,102.44,0,-0.8277,0.6417,0.7550
C/2024 B1 (Lemmon),2024,1.634,1.0009,82.63,0,0.1740,0.1386,0.1148
C/2024 B2 (Lemmon),2024,4.076,0.9993,79.07,0,-0.0209,0.1005,0.1034
C/2024 D1 (Lemmon),2024,6.696,0.9989,129.52,0,0.2496,0.1099,0.0757
C/2024 E1 (Wierzchos),2024,0.566,1.0001,106.86,0,-0.1866,-0.4367,-0.4112
C/2024 G2 (ATLAS),2024,5.348,0.9926,45.83,1,-0.5256,0.0426,0.1145
C/2024 G4 (PANSTARRS),2024,4.900,0.9985,71.52,0,0.9499,0.1032,-0.0269
C/2024 G5 (Leonard),2024,2.953,0.9944,66.57,0,-0.8146,-0.3420,-0.2305
C/2024 G6 (ATLAS),2024,6.430,1.0018,24.53,1,0.5645,-0.3825,-0.4598
C/2024 G7 (ATLAS),2024,6.028,1.0016,68.04,0,-0.0778,-0.6165,-0.6059
C/2024 J2 (Wierzchos),2024,1.811,0.9876,121.85,0,0.6785,0.1058,0.0129
C/2024 J3 (ATLAS),2024,3.865,1.0004,85.93,0,0.8468,0.0908,-0.0251
C/2024 J4 (Lemmon),2024,5.695,0.9991,34.28,1,0.6374,-0.2668,-0.3540
C/2024 L2 (PANSTARRS),2024,8.326,1.0034,66.39,0,0.5942,0.0521,-0.0292
C/2024 L3 (PANSTARRS),2024,6.859,1.0056,55.67,1,0.8821,0.3337,0.2130
C/2024 N1 (PANSTARRS),2024,4.399,1.0014,77.59,0,0.6134,0.4308,0.3469
C/2024 N3 (Sarneczky),2024,5.015,1.0014,78.11,0,0.5984,0.0637,-0.0182
C/2024 N4 (Sarneczky),2024,5.398,1.0045,92.69,0,-0.1085,0.2763,0.2911
C/2024 O1 (PANSTARRS),2024,6.608,1.0018,86.23,0,0.6609,0.5425,0.4520
C/2024 Q3 (PANSTARRS),2024,2.092,1.0015,66.44,0,0.9503,-0.0601,-0.1901
C/2024 Q4 (PANSTARRS),2024,5.419,0.9960,115.75,0,-0.6757,0.2092,0.3017
C/2024 R4 (PANSTARRS),2024,4.409,1.0025,60.79,0,0.4799,-0.7456,-0.8112
C/2024 T5 (ATLAS),2024,3.841,1.0023,118.42,0,-0.7626,0.2687,0.3731
C/2024 U1 (PANSTARRS),2024,4.836,0.9937,129.28,0,-0.6959,0.5318,0.6270
C/2024 V1 (Borisov),2024,2.318,0.9902,70.77,0,-0.6000,0.1510,0.2331
C/2025 A1 (Lemmon),2025,5.345,1.0025,47.82,1,-0.1320,0.2529,0.2709
C/2025 A6 (Lemmon),2025,0.530,0.9955,105.71,0,0.8835,-0.0974,-0.2183
C/2025 B1 (PANSTARRS),2025,3.530,1.0027,88.89,0,-0.5765,0.5190,0.5979
C/2025 B2 (Borisov),2025,8.239,1.0018,85.45,0,0.5226,-0.1065,-0.1780
C/2025 D1 (Groeller),2025,14.123,1.0029,82.18,0,-0.8083,0.0116,0.1222
C/2025 D5 (PANSTARRS),2025,2.012,0.9994,48.54,1,-0.5402,-0.5236,-0.4496
C/2025 D6 (ATLAS),2025,2.504,0.9980,46.55,1,-0.2027,0.0085,0.0362
C/2025 E1 (PANSTARRS),2025,3.998,0.9975,89.68,0,-0.3641,-0.3907,-0.3409
C/2025 F1 (ATLAS),2025,1.070,0.9963,88.37,0,-0.9472,-0.1173,0.0123
C/2025 F2 (SWAN),2025,0.333,1.0001,61.24,0,-0.3163,-0.1556,-0.1123
C/2025 J1 (Borisov),2025,3.580,0.9972,113.90,0,-0.5305,0.3378,0.4104
C/2025 K1 (ATLAS),2025,0.334,1.0003,52.30,1,-0.6019,-0.2071,-0.1247
C/2025 K3 (PANSTARRS),2025,3.470,1.0014,50.16,1,-0.5983,0.3330,0.4149
C/2025 L1 (ATLAS),2025,1.680,1.0015,30.07,1,-0.1108,-2.0864,-2.0712
C/2025 L2 (MAPS),2025,2.834,0.9944,109.63,0,-0.0702,-0.7671,-0.7574
C/2025 M1 (PANSTARRS),2025,10.828,0.9983,79.04,0,0.0457,0.1463,0.1400
C/2025 M2 (PANSTARRS),2025,2.721,1.0019,8.21,1,0.0570,-0.0001,-0.0079
C/2025 M3 (PANSTARRS),2025,6.471,0.9996,30.71,1,0.1605,-0.0746,-0.0966
C/2025 N2 (ATLAS),2025,8.985,1.0022,87.54,0,-0.0091,0.3670,0.3682
C/2025 O2 (MAPS),2025,2.289,0.9989,146.32,0,-0.6172,0.2635,0.3480
C/2025 Q1 (ATLAS),2025,10.100,0.9913,84.97,0,-0.3188,-0.7382,-0.6945
C/2025 Q3 (ATLAS),2025,2.113,0.9973,149.43,0,-0.6337,0.3325,0.4193
C/2025 R1 (ATLAS),2025,1.975,0.9881,97.08,0,0.7311,0.2820,0.1819
C/2025 R3 (PANSTARRS),2025,0.499,1.0004,14.71,1,0.4031,-0.8748,-0.9300
C/2025 T1 (ATLAS),2025,1.109,0.9997,114.27,0,0.6495,0.1599,0.0710
C/2025 V2 (Rankin),2025,1.952,1.0007,35.48,1,0.7247,-0.3195,-0.4187
C/2025 Y1 (ATLAS),2025,2.602,0.9996,75.57,0,0.8750,-0.1139,-0.2337
C/2025 Y3 (PANSTARRS),2025,2.227,1.0007,121.76,0,-0.9371,0.4970,0.6252
C/2026 A2 (Bok),2026,1.938,0.9976,141.64,0,0.3441,-0.2818,-0.3289
C/2026 A3 (PANSTARRS),2026,4.825,1.0016,144.59,0,-0.6798,0.4687,0.5617
C/2026 B2 (Sun-Gao),2026,1.284,0.9976,50.76,1,0.8834,0.1075,-0.0134
C/2026 B3 (PANSTARRS),2026,5.816,0.9949,63.92,0,-0.7934,-0.0274,0.0812
C/2026 C1 (Tsuchinshan),2026,1.152,0.9999,141.16,0,-0.3443,-0.3368,-0.2896
C/2026 H1 (PANSTARRS),2026,6.084,1.0006,37.79,1,-0.4436,-0.0125,0.0482
C/2026 H2 (Leonard),2026,4.547,1.0022,37.46,1,0.7470,-0.2870,-0.3893
C/2026 H3 (Bok),2026,7.728,1.0037,41.36,1,0.7943,-0.2185,-0.3272
C/2026 L1 (PANSTARRS),2026,4.879,0.9938,107.92,0,0.4781,-0.1796,-0.2450
C/2026 L2 (PANSTARRS),2026,3.399,0.9990,70.21,0,0.7346,-0.0443,-0.1449
C/2026 M3 (MASTER),2026,12.052,1.0009,63.38,0,0.9449,0.1459,0.0165
C/2026 N1 (PANSTARRS),2026,5.212,0.9995,70.84,0,0.8169,-0.6137,-0.7255
C/2026 O1 (PANSTARRS),2026,1.500,1.0013,48.08,1,-0.1970,-0.2205,-0.1936
C/2026 P2 (PANSTARRS),2026,2.480,0.9999,93.77,0,0.2400,0.8636,0.8308
