tag,morph,ell_au,cos1_uniform,cos2_uniform,ub_for_contrast,contrast_max_yr
iso|ell4,iso,4.0,1.1955676648533065e-45,4.628867923602865e-32,,0.0
iso|ell8,iso,8.0,5.977838324266532e-46,2.3144339618014325e-32,,0.0
iso|ell16,iso,16.0,2.988919162133266e-46,1.1572169809007162e-32,,0.0
iso|ell32,iso,32.0,1.494459581066633e-46,5.786084904503581e-33,,0.0
iso|ell64,iso,64.0,7.472297905333165e-47,2.8930424522517906e-33,,0.0
dip_a1|ell4,dip_a1,4.0,9.937185785793717e-46,5.869404431631497e-29,0.00010413819691998257,4760167347237.051
dip_a1|ell8,dip_a1,8.0,4.968592892896858e-46,2.9347022158157487e-29,0.00012174347941278241,2380083673618.5254
dip_a1|ell16,dip_a1,16.0,2.484296446448429e-46,1.4673511079078743e-29,0.00014667370393927652,1190041836809.2627
dip_a1|ell32,dip_a1,32.0,1.2421482232242146e-46,7.336755539539372e-30,0.00017377916655674733,595020918404.6313
dip_a1|ell64,dip_a1,64.0,6.210741116121073e-47,3.668377769769686e-30,0.0002049035214766508,297510459202.3157
dip_a2|ell4,dip_a2,4.0,8.695037562569502e-45,3.3517631358120276e-28,6.803416329382884e-05,24196014454831.805
dip_a2|ell8,dip_a2,8.0,4.347518781284751e-45,1.6758815679060138e-28,8.276208679417278e-05,12098007227415.902
dip_a2|ell16,dip_a2,16.0,2.1737593906423756e-45,8.379407839530069e-29,9.628885306860989e-05,6049003613707.951
dip_a2|ell32,dip_a2,32.0,1.0868796953211878e-45,4.1897039197650345e-29,0.00011482626649225193,3024501806853.9756
dip_a2|ell64,dip_a2,64.0,5.434398476605939e-46,2.0948519598825173e-29,0.0001386671194294035,1512250903426.9878
quad_P2|ell4,quad_P2,4.0,1.366363045546636e-45,1.2474364939867462e-28,0.00010427692807563172,4782303507071.721
quad_P2|ell8,quad_P2,8.0,6.83181522773318e-46,6.237182469933731e-29,0.0001218657357108104,2391151753535.8604
quad_P2|ell16,quad_P2,16.0,3.41590761386659e-46,3.1185912349668655e-29,0.00014678144181841585,1195575876767.9302
quad_P2|ell32,quad_P2,32.0,1.707953806933295e-46,1.5592956174834328e-29,0.00017399464188700518,597787938383.9651
quad_P2|ell64,quad_P2,64.0,8.539769034666475e-47,7.796478087417164e-30,0.0002050934078622583,298893969191.98254
