channel,name,p_at_tno_axis,frac_axes_better
C1,C1_sbdb_tno_varpi,5.699665e-09,0.015400
C2,C2_des_tno_cluster,4.959892e-05,0.079250
C3,C3_mpcorb_tno_cluster,2.778857e-10,0.033800
C4,C4_mean_plane_lean,6.483791e-02,0.057150
C5,C5_code_comet_slip,8.736431e-03,0.013900
C6,C6_warsaw_inbound_slip,5.339510e-03,0.010850
C7,C7_pooled_comet_dipole,3.473725e-07,0.005550
C8,C8_cometels_census_dipole,1.504617e-03,0.033200
C9,C9_post2017_sbdb_dipole,3.788474e-03,0.088700
C10,C10_jfc_injection_chain,4.666667e-02,0.044550
