craft,et_yr,r_au,dnu_ppm,ecl_lon,ecl_lat
VG1,1977.6785500735164,1.008,-0.9583,343.213,-0.0
VG1,1977.9920342263038,1.89,-0.2917,75.309,1.035
VG1,1978.4642223933379,3.481,2.104,109.301,0.836
VG1,1978.9515594531904,4.771,-1.729,123.337,0.661
VG1,1979.2521757864984,5.385,-0.1875,131.787,0.776
VG1,1980.1756530788145,7.385,-0.1875,167.581,2.001
VG1,1980.783090412452,9.242,-0.2083,180.787,2.278
VG1,1981.3489129528227,10.437,-3.229,191.516,8.881
VG1,1982.4955537176465,13.496,-0.0625,208.123,19.307
VG1,1983.3100355001648,16.08,-2.021,216.32,23.572
VG1,1984.0060885079981,18.422,-0.04167,221.703,26.014
VG1,1984.5476353334855,20.296,-0.04167,225.126,27.417
VG1,1985.0040350945574,21.899,1.375,227.603,28.361
VG1,1985.7486392881588,24.544,1.896,231.012,29.561
VG1,1986.3788925552005,26.798,0.020829999999999998,233.387,30.362
VG1,1987.0624426540676,29.261,-0.16670000000000001,235.603,31.033
VG1,1987.5132754233528,30.892,-2.542,236.884,31.399
VG1,1987.9601839335057,32.511,-0.16670000000000001,238.035,31.715
VG1,1988.528835541993,34.574,0.0,239.352,32.061
VG1,1989.1129103543997,36.695,-1.9369999999999998,240.559,32.363
VG1,1990.0164010888027,39.98,2.1670000000000003,242.186,32.75
VG1,1990.3884750044363,41.334,0.125,242.785,32.885
VG1,1991.147133783938,44.093,-2.25,243.897,33.128
VG1,1992.3948636271452,48.63,-2.3539999999999996,245.464,33.451
VG1,1993.605723698887,53.03,0.020829999999999998,246.738,33.698
VG1,1994.4500767992497,56.094,-1.979,247.513,33.84
VG1,1995.2104691484776,58.851,2.125,248.144,33.953
VG1,1996.5882468311913,63.841,0.0625,249.152,34.127
VG1,1997.7151461201106,67.916,0.0625,249.868,34.246
VG1,1998.5929922490936,71.087,-2.0829999999999997,250.368,34.327
VG1,1999.4301357200802,74.108,-1.812,250.806,34.396
VG1,2000.4879499328213,77.925,0.08333,251.309,34.473
VG1,2001.7336719427333,82.416,-9.437,251.843,34.552
VG1,2003.10533517758,87.358,-1.146,252.369,34.626
VG1,2003.9184768423454,90.286,-9.479000000000001,252.655,34.665
VG1,2005.6606624806702,96.554,0.04167,253.212,34.738
VG1,2007.0931059459529,101.701,-0.0625,253.621,34.791
VG1,2008.9913490601314,108.511,-4.479,254.104,34.852
VG1,2010.448798156387,113.732,7.875,254.435,34.894
VG1,2012.289181160798,120.32,0.1875,254.809,34.94
VG1,2013.230089091059,123.687,0.2292,254.985,34.961
VG1,2015.8821533481635,133.174,0.2292,255.435,35.012
VG1,2016.9490022688672,136.988,-2.979,255.6,35.03
VG1,2018.80581206112,143.62,5.925,255.867,35.059
VG1,2020.3983279051638,149.301,0.4708,256.078,35.082
VG1,2022.7401017282682,157.646,0.5393,256.359,35.114
VG2,1977.6349211125055,1.012,-1.417,327.82,0.001
VG2,1977.792712763328,1.218,-0.5,34.001,4.418
VG2,1978.0000014861714,1.907,0.3958,76.931,4.563
VG2,1978.3626418327121,3.039,2.5629999999999997,106.115,3.216
VG2,1978.8330954793773,4.164,1.0,123.404,1.996
VG2,1979.4250195135244,5.177,0.9167000000000001,136.098,0.948
VG2,1979.8789547842675,5.85,4.646,151.951,1.373
VG2,1980.6902718140796,7.406,0.9375,175.135,2.11
VG2,1981.2706955345147,8.707,-1.167,186.167,2.345
VG2,1981.708295738586,9.613,3.833,193.279,2.4
VG2,1982.4186770445153,10.113,3.625,210.714,1.942
VG2,1983.4366098055618,11.867,1.042,230.987,1.19
VG2,1984.0218711182092,13.252,3.7079999999999997,239.763,0.812
VG2,1984.6362455731742,14.89,3.667,247.095,0.482
VG2,1984.912311845641,15.671,1.146,249.876,0.354
VG2,1985.3198860496361,16.861,-0.8957999999999999,253.503,0.186
VG2,1985.732114609476,18.1,3.063,256.678,0.039
VG2,1986.0277118792303,19.007,-0.8542,258.697,-0.055
VG2,1986.5498204489568,20.429,3.563,263.364,0.126
VG2,1987.0998539274217,22.011,1.083,267.723,0.315
VG2,1987.3985530553655,22.908,1.375,269.832,0.406
VG2,1987.665036821558,23.727,1.271,271.578,0.481
VG2,1988.1100296093493,25.129,3.4170000000000003,274.236,0.594
VG2,1988.5714495937586,26.62,4.5,276.692,0.698
VG2,1989.083244432403,28.311,1.125,279.109,0.798
VG2,1989.407770546556,29.401,2.8329999999999997,280.497,0.855
VG2,1989.8119689710245,30.612,-0.2917,281.611,0.111
VG2,1990.2596069156082,31.714,-0.625,282.012,-1.915
VG2,1991.087364178518,33.83,1.438,282.685,-5.305
VG2,1991.9789895112428,36.205,4.042,283.328,-8.503
VG2,1992.949099709737,38.878,-0.4375,283.948,-11.529
VG2,1993.717886965422,41.05,3.667,284.39,-13.643
VG2,1994.4697909600222,43.211,1.417,284.786,-15.502
VG2,1995.2177707335159,45.391,2.104,285.15,-17.175
VG2,1995.861256014399,47.288,3.729,285.441,-18.489
VG2,1996.6425462772834,49.611,3.208,285.769,-19.949
VG2,1997.3200721252567,51.642,1.458,286.034,-21.108
VG2,1997.898396642964,53.387,1.646,286.247,-22.027
VG2,1998.9732753156134,56.65,3.938,286.614,-23.585
VG2,1999.8398953088954,59.3,-0.08333,286.883,-24.715
VG2,2001.0514840165285,63.027,0.6042,287.228,-26.133
VG2,2002.0754388736786,66.194,8.645999999999999,287.493,-27.207
VG2,2002.510756578447,67.545,1.354,287.599,-27.632
VG2,2004.72019905823,74.436,9.792,288.091,-29.55
VG2,2005.9832590089234,78.394,1.458,288.343,-30.493
VG2,2006.6746565201408,80.565,1.333,288.472,-30.97
VG2,2007.9568811791771,84.597,1.729,288.699,-31.79
VG2,2008.821127915304,87.318,1.8539999999999999,288.843,-32.3
VG2,2009.509239856643,89.486,1.813,288.952,-32.684
VG2,2010.7759665785738,93.481,10.27,289.141,-33.345
VG2,2011.7515522156311,96.56,1.458,289.276,-33.816
VG2,2013.735212183436,102.83,7.875,289.529,-34.687
VG2,2014.9243493168049,106.594,2.3539999999999996,289.668,-35.158
VG2,2016.6820452189013,112.164,2.5629999999999997,289.86,-35.797
VG2,2018.960987819099,119.392,2.924,290.089,-36.535
VG2,2021.8836023556923,128.661,5.8309999999999995,290.353,-37.363
VG2,2024.4933141176768,136.935,3.0690000000000004,290.56,-38.008
NH1,2006.0531072610083,0.984,-0.00905,120.351,0.009
NH1,2006.180185239055,1.273,-0.00611,176.014,0.722
NH1,2006.350717567242,2.021,-0.0025599999999999998,210.216,0.871
NH1,2006.5044734612266,2.716,-0.0015400000000000001,224.454,0.843
NH1,2006.6597621713945,3.387,-0.00107,233.03,0.801
NH1,2006.867764269146,4.235,-0.00273,240.394,0.751
NH1,2006.9743078909676,4.649,-0.00062,243.148,0.729
NH1,2007.0839358442975,5.064,-0.00116,245.515,0.708
NH1,2007.1627644941314,5.365,-0.00282,247.029,0.703
NH1,2007.2480976943748,5.693,-0.0026000000000000003,249.363,0.796
NH1,2007.3503111706848,6.08,-0.00331,251.842,0.891
NH1,2007.4603904225924,6.495,-0.0036100000000000004,254.183,0.979
NH1,2007.746115224225,7.56,-0.00399,259.07,1.156
NH1,2007.850709648389,7.946,-0.00394,260.532,1.208
NH1,2007.9736760653534,8.397,-0.0039499999999999995,262.081,1.262
NH1,2008.8028630821102,11.362,-0.00645,269.368,1.502
NH1,2008.9054061779095,11.721,-0.00645,270.016,1.523
NH1,2009.565449755368,13.991,-0.015279999999999998,273.395,1.625
NH1,2010.4046701713692,16.8,-0.009510000000000001,276.392,1.711
NH1,2010.4997709711765,17.114,-0.01041,276.669,1.719
NH1,2011.3538550048165,19.897,-0.010929999999999999,278.772,1.777
NH1,2011.450707078485,20.209,-0.011959999999999998,278.974,1.782
NH1,2012.3885965694476,23.198,-0.01168,280.648,1.826
NH1,2012.4855642729485,23.504,-0.01272,280.797,1.83
NH1,2013.4081690147539,26.392,-0.01242,282.04,1.862
NH1,2013.5013039489695,26.682,-0.01254,282.151,1.865
NH1,2013.5799611662485,26.926,-0.01199,282.242,1.867
NH1,2014.4945886537632,29.746,-0.012,283.196,1.89
NH1,2014.5737529755115,29.989,-0.01184,283.271,1.892
NH1,2014.9318246634725,31.083,-0.01156,283.592,1.9
NH1,2015.034231091718,31.396,-0.01122,283.68,1.902
NH1,2015.1381544255582,31.712,-0.01209,283.767,1.904
NH1,2015.2281646608108,31.986,-0.011760000000000001,283.841,1.906
NH1,2015.3430456752099,32.335,-0.01204,283.934,1.908
NH1,2015.4256401057114,32.586,-0.01218,284.0,1.91
NH1,2015.499788329911,32.811,-0.012100000000000001,284.058,1.911
NH1,2015.5709681122773,33.027,-0.01264,284.113,1.913
NH1,2015.6394068401905,33.235,-0.01394,284.165,1.914
NH1,2015.707730096712,33.441,-0.01179,284.216,1.915
NH1,2015.7759382304105,33.648,-0.01189,284.267,1.917
NH1,2015.844261299972,33.854,-0.0129,284.317,1.918
NH1,2015.913155290643,34.063,-0.01256,284.368,1.919
NH1,2015.98707089259,34.286,-0.0115,284.423,1.92
NH1,2016.0664652064795,34.526,-0.01135,284.48,1.921
NH1,2016.1400452981215,34.748,-0.0115,284.533,1.922
NH1,2016.211460329683,34.963,-0.011770000000000001,284.583,1.923
NH1,2016.2800242255432,35.17,-0.01167,284.631,1.924
NH1,2016.3484739175349,35.376,-0.011729999999999999,284.678,1.925
NH1,2016.4166932719852,35.582,-0.01165,284.725,1.926
NH1,2016.4853669670697,35.788,-0.01189,284.771,1.927
NH1,2016.558714718483,36.009,-0.01191,284.82,1.928
NH1,2016.6260135941898,36.211,-0.011970000000000001,284.864,1.929
NH1,2016.6947931306563,36.418,-0.01187,284.909,1.93
NH1,2016.7634581115167,36.624,-0.01129,284.953,1.93
NH1,2016.8357726094507,36.841,-0.01141,284.999,1.931
NH1,2016.9206376213654,37.095,-0.01175,285.053,1.932
NH1,2017.0345911539534,37.436,-0.01124,285.123,1.934
NH1,2017.1393154675893,37.75,-0.01133,285.187,1.935
NH1,2017.2375379908485,38.044,-0.01144,285.246,1.936
NH1,2017.7636396969351,39.613,-0.01156,285.547,1.942
NH1,2017.8350417997567,39.826,-0.013529999999999999,285.586,1.943
NH1,2017.9144292373312,40.062,-0.01145,285.629,1.943
NH1,2018.442284086876,41.629,-0.011430000000000001,285.902,1.949
NH1,2018.5104826190839,41.831,-0.01202,285.936,1.949
NH1,2018.584399776916,42.05,-0.011770000000000001,285.972,1.95
NH1,2018.6854616447386,42.349,-0.01166,286.021,1.951
NH1,2018.758688252592,42.566,-0.011640000000000001,286.056,1.951
NH1,2018.8335127037544,42.787,-0.011760000000000001,286.092,1.952
NH1,2018.9082240252744,43.008,-0.0112,286.127,1.953
NH1,2018.9760937301949,43.208,-0.01137,286.159,1.953
NH1,2019.055715184298,43.443,-0.01097,286.195,1.954
NH1,2019.1272413808401,43.654,-0.011210000000000001,286.228,1.955
NH1,2019.2203315080994,43.929,-0.01113,286.27,1.955
NH1,2019.2910629642304,44.137,-0.01153,286.302,1.956
NH1,2019.3649881042918,44.355,-0.01158,286.334,1.957
NH1,2019.4359452778413,44.564,-0.01145,286.366,1.957
NH1,2019.5078150017746,44.776,-0.01168,286.397,1.958
NH1,2019.5781936427359,44.983,-0.011399999999999999,286.427,1.958
NH1,2019.6465192441758,45.184,-0.01153,286.456,1.959
NH1,2019.7239681978351,45.411,-0.011300000000000001,286.489,1.96
NH1,2019.8135049496793,45.674,-0.01159,286.526,1.96
NH1,2019.8855923073997,45.886,-0.010929999999999999,286.556,1.961
NH1,2019.9723980879407,46.141,-0.01083,286.592,1.962
NH1,2020.0675321602403,46.42,-0.01088,286.63,1.962
NH1,2020.1592542493727,46.689,-0.01111,286.667,1.963
NH1,2020.234546036454,46.91,-0.011479999999999999,286.697,1.963
NH1,2020.3501138236115,47.248,-0.01152,286.742,1.964
NH1,2020.4891731658936,47.655,-0.01147,286.795,1.965
NH1,2020.5821405335007,47.927,-0.01135,286.831,1.966
NH1,2020.6602748656426,48.156,-0.01155,286.86,1.967
NH1,2020.739662683474,48.388,-0.01092,286.89,1.967
NH1,2020.8109521700003,48.596,-0.01156,286.916,1.968
NH1,2020.8958120135878,48.844,-0.0111,286.947,1.968
NH1,2020.9768000481658,49.08,-0.01101,286.976,1.969
NH1,2021.0885901747915,49.406,-0.010929999999999999,287.016,1.969
NH1,2021.1690161894442,49.641,-0.011080000000000001,287.044,1.97
NH1,2021.2462497560018,49.866,-0.01103,287.071,1.97
NH1,2021.322913859102,50.089,-0.011080000000000001,287.098,1.971
NH1,2021.4104144928638,50.344,-0.011049999999999999,287.128,1.972
NH1,2021.4844892006997,50.559,-0.01186,287.153,1.972
NH1,2021.5528925963952,50.758,-0.011399999999999999,287.176,1.972
NH1,2021.621333387203,50.957,-0.011420000000000001,287.199,1.973
NH1,2021.6923947480163,51.164,-0.011430000000000001,287.223,1.973
NH1,2021.7826175152736,51.426,-0.011269999999999999,287.253,1.974
NH1,2021.8540190793976,51.634,-0.01113,287.276,1.974
NH1,2021.9363737293077,51.873,-0.010740000000000001,287.302,1.975
NH1,2022.0318493358177,52.15,-0.01083,287.333,1.975
NH1,2022.1168366922707,52.397,-0.010740000000000001,287.36,1.976
NH1,2022.1985171781123,52.633,-0.01124,287.385,1.976
NH1,2022.2717584258626,52.846,-0.01116,287.408,1.977
NH1,2022.3468270305727,53.063,-0.01115,287.431,1.977
NH1,2022.414932336426,53.261,-0.011049999999999999,287.452,1.978
NH1,2023.2360062235405,55.635,-0.010750000000000001,287.69,1.982
NH1,2023.3453000259842,55.95,-0.011729999999999999,287.72,1.983
NH1,2023.4580071076382,56.276,-0.010960000000000001,287.751,1.983
NH1,2023.5295312729738,56.482,-0.0111,287.77,1.984
NH1,2023.6280885808808,56.766,-0.01163,287.797,1.984
NH1,2023.7729459844854,57.183,-0.01131,287.835,1.985
NH1,2023.8411542766244,57.38,-0.01077,287.853,1.985
NH1,2023.910047129693,57.578,-0.01078,287.87,1.986
NH1,2023.981225292798,57.783,-0.01091,287.889,1.986
NH1,2024.0544612803255,57.994,-0.011049999999999999,287.907,1.986
NH1,2024.1290650841636,58.209,-0.01054,287.926,1.987
NH1,2024.1983119565493,58.408,-0.01086,287.944,1.987
NH1,2024.2721234314397,58.62,-0.01103,287.962,1.987
NH1,2024.3431971506072,58.824,-0.01113,287.98,1.988
NH1,2024.4162089132253,59.034,-0.01117,287.998,1.988
NH1,2024.4854536941973,59.233,-0.011,288.014,1.988
NH1,2024.5573184114128,59.44,-0.01154,288.032,1.989
NH1,2024.6262149371307,59.638,-0.01112,288.048,1.989
NH1,2024.696592754202,59.84,-0.01082,288.065,1.989
NH1,2025.258849396025,61.453,-0.01091,288.195,1.992
NH1,2025.3400731899765,61.686,-0.01095,288.213,1.992
NH1,2025.430195794357,61.944,-0.01101,288.234,1.992
NH1,2025.512102529977,62.179,-0.01104,288.252,1.993
NH1,2025.582825398636,62.382,-0.0133,288.267,1.993
