craft,utc,fpe_hz,ne_cm3,ne_min,ne_max,r_au,lon_deg,lat_deg,d_past_hp_au,sep_axis_deg,sep_antiaxis_deg
VG1,2012-10-22T21:44:19.795Z,2106.0,0.055,0.054064,0.055944,122.173,254.907,34.9519,0.573,150.76,29.24
VG1,2012-10-27T01:13:55.977Z,2124.0,0.055944,0.055,0.056896,122.213,254.91,34.9521,0.613,150.75,29.25
VG1,2012-10-29T19:33:40.098Z,2142.0,0.056897,0.055945,0.057857,122.241,254.911,34.9523,0.641,150.75,29.25
VG1,2012-11-02T23:03:16.279Z,2088.0,0.054064,0.053136,0.055,122.281,254.913,34.9526,0.681,150.75,29.25
VG1,2012-11-05T17:23:00.400Z,2106.0,0.055,0.054064,0.055944,122.308,254.914,34.9527,0.708,150.75,29.25
VG1,2012-11-09T20:52:36.582Z,2142.0,0.056897,0.055945,0.057857,122.349,254.917,34.953,0.749,150.75,29.25
VG1,2012-11-14T00:22:12.763Z,2142.0,0.056897,0.055945,0.057857,122.389,254.919,34.9532,0.789,150.75,29.25
VG1,2012-11-16T18:41:56.884Z,2160.0,0.057857,0.056897,0.058825,122.417,254.92,34.9534,0.817,150.75,29.25
VG1,2012-11-20T22:11:33.066Z,2142.0,0.056897,0.055945,0.058469,122.457,254.922,34.9536,0.857,150.74,29.26
VG1,2012-11-23T16:31:17.187Z,2160.0,0.057857,0.056897,0.058825,122.484,254.924,34.9538,0.884,150.74,29.26
VG1,2012-11-27T20:00:53.368Z,2196.0,0.059801,0.058825,0.060785,122.525,254.926,34.9541,0.925,150.74,29.26
VG1,2012-11-30T14:20:37.489Z,2178.0,0.058825,0.057857,0.059801,122.552,254.927,34.9542,0.952,150.74,29.26
VG1,2013-04-09T00:07:19.643Z,2538.0,0.079879,0.07875,0.081016,123.82,254.992,34.9619,2.22,150.69,29.31
VG1,2013-04-12T05:36:42.214Z,2538.0,0.079879,0.07875,0.081016,123.851,254.994,34.9621,2.251,150.69,29.31
VG1,2013-04-19T06:25:42.100Z,2538.0,0.079879,0.07875,0.081016,123.92,254.997,34.9625,2.32,150.69,29.31
VG1,2013-04-22T22:59:16.467Z,2556.0,0.081016,0.079879,0.082161,123.956,254.999,34.9627,2.356,150.69,29.31
VG1,2013-04-26T04:28:39.038Z,2592.0,0.083314,0.082161,0.084475,123.988,255.001,34.9629,2.388,150.68,29.32
VG1,2013-04-29T23:48:16.354Z,2610.0,0.084475,0.083314,0.091328,124.025,255.003,34.9631,2.425,150.68,29.32
VG1,2014-02-24T14:47:57.728Z,2682.0,0.0892,0.088007,0.090401,126.97,255.148,34.98,5.37,150.57,29.43
VG1,2014-02-27T09:02:15.195Z,2682.0,0.0892,0.088007,0.090401,126.997,255.149,34.9802,5.397,150.57,29.43
VG1,2014-03-02T03:16:32.662Z,2682.0,0.0892,0.088007,0.090401,127.024,255.151,34.9803,5.424,150.57,29.43
VG1,2014-03-03T12:23:41.395Z,2682.0,0.0892,0.088007,0.090401,127.037,255.151,34.9804,5.437,150.57,29.43
VG1,2014-03-06T06:37:58.862Z,2682.0,0.0892,0.088007,0.090401,127.065,255.153,34.9805,5.465,150.57,29.43
VG1,2014-03-09T00:52:16.329Z,2682.0,0.0892,0.088007,0.090401,127.092,255.154,34.9807,5.492,150.57,29.43
VG1,2014-03-10T09:59:25.063Z,2682.0,0.0892,0.088007,0.090401,127.105,255.155,34.9808,5.505,150.57,29.43
VG1,2014-03-13T04:13:42.529Z,2682.0,0.0892,0.088007,0.090401,127.132,255.156,34.9809,5.532,150.57,29.43
VG1,2014-03-15T22:27:59.996Z,2682.0,0.0892,0.088007,0.090401,127.159,255.157,34.9811,5.559,150.57,29.43
VG1,2014-03-18T16:42:17.463Z,2682.0,0.0892,0.088007,0.090401,127.186,255.159,34.9812,5.586,150.56,29.44
VG1,2014-03-20T01:49:26.197Z,2682.0,0.0892,0.088007,0.090401,127.2,255.159,34.9813,5.6,150.56,29.44
VG1,2014-03-22T20:03:43.664Z,2700.0,0.090401,0.0892,0.09161,127.227,255.16,34.9814,5.627,150.56,29.44
VG1,2014-03-25T14:18:01.131Z,2700.0,0.090401,0.0892,0.09161,127.254,255.162,34.9816,5.654,150.56,29.44
VG1,2014-04-19T10:26:38.333Z,2682.0,0.0892,0.088007,0.090611,127.497,255.173,34.9829,5.897,150.55,29.45
VG1,2014-05-05T23:52:23.134Z,2682.0,0.0892,0.088007,0.090401,127.659,255.181,34.9838,6.059,150.55,29.45
VG1,2014-05-08T18:06:40.601Z,2682.0,0.0892,0.088007,0.090401,127.686,255.183,34.9839,6.086,150.55,29.45
VG1,2014-05-12T21:28:06.802Z,2682.0,0.0892,0.088007,0.090401,127.727,255.184,34.9842,6.127,150.54,29.46
VG1,2014-06-09T11:51:01.471Z,2610.0,0.084475,0.083314,0.090529,127.997,255.197,34.9856,6.397,150.53,29.47
VG1,2014-06-12T06:05:18.938Z,2610.0,0.084475,0.083314,0.090037,128.024,255.199,34.9858,6.424,150.53,29.47
VG1,2014-06-13T15:12:27.671Z,2610.0,0.084475,0.083314,0.090815,128.038,255.199,34.9859,6.438,150.53,29.47
VG1,2014-06-16T09:26:45.138Z,2610.0,0.084475,0.083314,0.09065,128.065,255.201,34.986,6.465,150.53,29.47
VG1,2014-06-19T03:41:02.605Z,2610.0,0.084475,0.083314,0.091167,128.092,255.202,34.9861,6.492,150.53,29.47
VG1,2014-06-20T12:48:11.339Z,2610.0,0.084475,0.083314,0.09146,128.105,255.203,34.9862,6.505,150.53,29.47
VG1,2014-06-23T07:02:28.805Z,2610.0,0.084475,0.083314,0.091723,128.132,255.204,34.9864,6.532,150.53,29.47
VG1,2014-06-26T01:16:46.272Z,2610.0,0.084475,0.083314,0.091605,128.159,255.205,34.9865,6.559,150.53,29.47
VG1,2014-06-28T19:31:03.739Z,2592.0,0.083314,0.082161,0.090885,128.187,255.206,34.9867,6.587,150.53,29.47
VG1,2014-06-30T04:38:12.473Z,2610.0,0.084475,0.083314,0.089613,128.2,255.207,34.9867,6.6,150.53,29.47
VG1,2014-07-02T22:52:29.940Z,2610.0,0.084475,0.083314,0.0892,128.227,255.208,34.9869,6.627,150.53,29.47
VG1,2014-07-05T17:06:47.407Z,2610.0,0.084475,0.083314,0.089293,128.254,255.21,34.987,6.654,150.52,29.48
VG1,2014-07-09T20:28:13.607Z,2610.0,0.084475,0.083314,0.088512,128.294,255.211,34.9872,6.694,150.52,29.48
VG1,2014-07-12T14:42:31.074Z,2610.0,0.084475,0.083314,0.093733,128.322,255.213,34.9874,6.722,150.52,29.48
VG1,2014-07-15T08:56:48.541Z,2610.0,0.084475,0.083314,0.093937,128.349,255.214,34.9875,6.749,150.52,29.48
VG1,2014-07-16T18:03:57.274Z,2610.0,0.084475,0.083314,0.094401,128.362,255.215,34.9876,6.762,150.52,29.48
VG1,2014-07-19T12:18:14.741Z,2610.0,0.084475,0.083314,0.091789,128.389,255.216,34.9877,6.789,150.52,29.48
VG1,2014-07-22T06:32:32.208Z,2610.0,0.084475,0.083314,0.094764,128.416,255.217,34.9879,6.816,150.52,29.48
VG1,2014-07-23T15:39:40.942Z,2610.0,0.084475,0.083314,0.094672,128.43,255.218,34.988,6.83,150.52,29.48
VG1,2014-07-29T04:08:15.875Z,2628.0,0.085644,0.084475,0.095244,128.484,255.22,34.9883,6.884,150.52,29.48
VG1,2014-07-30T13:15:24.609Z,2628.0,0.085644,0.084475,0.095814,128.497,255.221,34.9883,6.897,150.52,29.48
VG1,2014-07-31T22:22:33.342Z,2646.0,0.086821,0.085644,0.095651,128.511,255.222,34.9884,6.911,150.52,29.48
VG1,2014-08-02T07:29:42.076Z,2646.0,0.086821,0.085644,0.095047,128.524,255.222,34.9885,6.924,150.52,29.48
VG1,2014-08-03T16:36:50.809Z,2646.0,0.086821,0.085644,0.095393,128.538,255.223,34.9885,6.938,150.52,29.48
VG1,2014-08-05T01:43:59.543Z,2646.0,0.086821,0.085644,0.095052,128.551,255.224,34.9886,6.951,150.51,29.49
VG1,2014-08-06T10:51:08.276Z,2646.0,0.086821,0.085644,0.094959,128.565,255.224,34.9887,6.965,150.51,29.49
VG1,2014-08-07T19:58:17.010Z,2628.0,0.085644,0.084475,0.095728,128.578,255.225,34.9888,6.978,150.51,29.49
VG1,2014-08-09T05:05:25.743Z,2628.0,0.085644,0.084475,0.095965,128.592,255.226,34.9888,6.992,150.51,29.49
VG1,2014-08-10T14:12:34.477Z,2628.0,0.085644,0.084475,0.096509,128.605,255.226,34.9889,7.005,150.51,29.49
VG1,2014-08-11T23:19:43.210Z,2628.0,0.085644,0.084475,0.09805,128.619,255.227,34.989,7.019,150.51,29.49
VG1,2014-08-13T08:26:51.943Z,2646.0,0.086821,0.085644,0.09805,128.632,255.227,34.9891,7.032,150.51,29.49
VG1,2014-08-16T02:41:09.410Z,2646.0,0.086821,0.085644,0.098048,128.659,255.229,34.9892,7.059,150.51,29.49
VG1,2014-08-18T20:55:26.877Z,2646.0,0.086821,0.085644,0.09787,128.686,255.23,34.9893,7.086,150.51,29.49
VG1,2014-08-20T06:02:35.611Z,2646.0,0.086821,0.085644,0.097678,128.7,255.231,34.9894,7.1,150.51,29.49
VG1,2014-08-25T18:31:10.545Z,2826.0,0.099036,0.097778,0.1003,128.754,255.233,34.9897,7.154,150.51,29.49
VG1,2014-08-28T12:45:28.012Z,2826.0,0.099036,0.097778,0.1003,128.781,255.234,34.9898,7.181,150.51,29.49
VG1,2014-08-29T21:52:36.745Z,2826.0,0.099036,0.097778,0.1003,128.795,255.235,34.9899,7.195,150.51,29.49
VG1,2014-09-01T16:06:54.212Z,2826.0,0.099036,0.097778,0.1003,128.821,255.236,34.9901,7.221,150.51,29.49
VG1,2014-09-04T10:21:11.679Z,2826.0,0.099036,0.097778,0.1003,128.848,255.238,34.9902,7.248,150.50,29.50
VG1,2014-09-05T19:28:20.412Z,2826.0,0.099036,0.097778,0.1003,128.862,255.238,34.9903,7.262,150.50,29.50
VG1,2014-09-16T20:25:30.280Z,2898.0,0.10415,0.10286,0.10545,128.97,255.243,34.9908,7.37,150.50,29.50
VG1,2014-09-18T05:32:39.013Z,2898.0,0.10415,0.10286,0.10545,128.984,255.244,34.9909,7.384,150.50,29.50
VG1,2014-09-20T23:46:56.480Z,2898.0,0.10415,0.10286,0.10545,129.011,255.245,34.9911,7.411,150.50,29.50
VG1,2014-09-23T18:01:13.947Z,2934.0,0.10675,0.10544,0.10806,129.038,255.247,34.9912,7.438,150.50,29.50
VG1,2014-09-25T03:08:22.681Z,2952.0,0.10806,0.10675,0.10938,129.051,255.247,34.9913,7.451,150.50,29.50
VG1,2014-09-27T21:22:40.148Z,2952.0,0.10806,0.10675,0.10938,129.078,255.248,34.9914,7.478,150.50,29.50
VG1,2014-09-30T15:36:57.615Z,2952.0,0.10806,0.10675,0.10938,129.105,255.25,34.9916,7.505,150.49,29.51
VG1,2014-10-02T00:44:06.348Z,2952.0,0.10806,0.10675,0.10938,129.119,255.25,34.9916,7.519,150.49,29.51
VG1,2014-10-04T18:58:23.815Z,2952.0,0.10806,0.10675,0.10938,129.146,255.252,34.9918,7.546,150.49,29.51
VG1,2014-10-07T13:12:41.282Z,2952.0,0.10806,0.10675,0.10938,129.173,255.253,34.9919,7.573,150.49,29.51
VG1,2014-10-10T07:26:58.749Z,2952.0,0.10806,0.10675,0.10938,129.2,255.254,34.9921,7.6,150.49,29.51
VG1,2014-10-11T16:34:07.482Z,2970.0,0.10939,0.10807,0.11072,129.214,255.255,34.9921,7.614,150.49,29.51
VG1,2014-10-14T10:48:24.949Z,2952.0,0.10806,0.10675,0.10938,129.241,255.256,34.9923,7.641,150.49,29.51
VG1,2014-10-17T05:02:42.416Z,2952.0,0.10806,0.10675,0.10938,129.267,255.257,34.9924,7.667,150.49,29.51
VG1,2014-10-18T14:09:51.150Z,2952.0,0.10806,0.10675,0.10938,129.281,255.258,34.9925,7.681,150.49,29.51
VG1,2014-10-21T08:24:08.616Z,2952.0,0.10806,0.10675,0.10938,129.308,255.259,34.9926,7.708,150.49,29.51
VG1,2015-02-21T11:07:03.756Z,2941.8,0.10732,0.10601,0.10864,130.514,255.315,34.9989,8.914,150.44,29.56
VG1,2015-02-24T01:30:15.700Z,2935.1,0.10683,0.10552,0.10814,130.539,255.316,34.999,8.939,150.44,29.56
VG1,2015-02-26T07:43:03.651Z,2966.4,0.10912,0.1078,0.11045,130.561,255.317,34.9991,8.961,150.44,29.56
VG1,2015-02-28T10:43:03.605Z,2939.6,0.10715,0.10584,0.10847,130.582,255.318,34.9992,8.982,150.44,29.56
VG1,2015-03-03T01:06:15.549Z,2937.3,0.10699,0.10568,0.10831,130.607,255.319,34.9994,9.007,150.44,29.56
VG1,2015-03-05T07:19:51.500Z,2953.0,0.10814,0.10683,0.10946,130.629,255.32,34.9995,9.029,150.44,29.56
VG1,2015-03-07T10:19:51.454Z,2939.6,0.10715,0.10584,0.10847,130.65,255.321,34.9996,9.05,150.44,29.56
VG1,2015-03-10T00:42:15.398Z,2955.2,0.1083,0.10698,0.10962,130.676,255.323,34.9997,9.076,150.44,29.56
VG1,2015-03-12T06:55:03.350Z,2955.2,0.1083,0.10698,0.10962,130.698,255.324,34.9998,9.098,150.44,29.56
VG1,2015-05-21T02:55:49.841Z,3015.7,0.11278,0.11144,0.11413,131.382,255.355,35.0033,9.782,150.41,29.59
VG1,2015-05-23T05:55:01.795Z,3013.4,0.11261,0.11127,0.11396,131.403,255.356,35.0034,9.803,150.41,29.59
VG1,2015-05-25T20:18:13.739Z,3009.0,0.11227,0.11093,0.11362,131.428,255.357,35.0035,9.828,150.41,29.59
VG1,2015-05-28T02:31:01.690Z,3024.6,0.11345,0.1121,0.1148,131.45,255.358,35.0036,9.85,150.41,29.59
VG1,2015-06-01T19:54:13.588Z,3006.7,0.11211,0.11077,0.11346,131.496,255.36,35.0039,9.896,150.41,29.59
VG1,2015-06-04T02:07:01.539Z,3035.8,0.11429,0.11294,0.11565,131.518,255.361,35.004,9.918,150.41,29.59
VG1,2015-06-08T19:30:13.437Z,3011.2,0.11244,0.1111,0.11379,131.565,255.363,35.0042,9.965,150.41,29.59
VG1,2015-06-11T01:43:01.389Z,3009.0,0.11227,0.11093,0.11362,131.587,255.364,35.0043,9.987,150.41,29.59
VG1,2015-06-13T04:43:01.343Z,3006.7,0.11211,0.11077,0.11346,131.608,255.365,35.0044,10.008,150.41,29.59
VG1,2015-06-15T19:06:13.287Z,3017.9,0.11294,0.1116,0.11429,131.633,255.366,35.0046,10.033,150.41,29.59
VG1,2015-06-18T01:19:01.238Z,3026.9,0.11361,0.11226,0.11497,131.655,255.367,35.0047,10.055,150.41,29.59
VG1,2015-06-20T04:19:01.192Z,3026.9,0.11361,0.11226,0.11497,131.676,255.368,35.0048,10.076,150.40,29.60
VG1,2015-06-22T18:41:25.136Z,3000.0,0.11161,0.11027,0.11295,131.702,255.369,35.0049,10.102,150.40,29.60
VG1,2015-07-04T03:31:01.279Z,3009.0,0.11227,0.11093,0.11362,131.813,255.374,35.0055,10.213,150.40,29.60
VG1,2015-07-06T17:54:13.218Z,2997.8,0.11144,0.11011,0.11278,131.838,255.375,35.0056,10.238,150.40,29.60
VG1,2015-07-09T00:07:49.165Z,3000.0,0.11161,0.11027,0.11295,131.86,255.376,35.0057,10.26,150.40,29.60
VG1,2015-07-13T17:29:25.054Z,2995.5,0.11127,0.10994,0.11261,131.906,255.378,35.0059,10.306,150.40,29.60
VG1,2015-07-18T02:43:00.952Z,2988.8,0.11078,0.10945,0.11212,131.95,255.38,35.0061,10.35,150.40,29.60
VG1,2015-07-27T16:42:12.727Z,3011.2,0.11244,0.1111,0.11379,132.043,255.385,35.0066,10.443,150.39,29.61
VG1,2015-07-29T22:55:00.675Z,3024.6,0.11345,0.1121,0.1148,132.065,255.386,35.0067,10.465,150.39,29.61
VG1,2015-08-01T01:55:00.625Z,3026.9,0.11361,0.11226,0.11497,132.086,255.387,35.0068,10.486,150.39,29.61
VG1,2015-08-05T22:31:00.511Z,3013.4,0.11261,0.11127,0.11396,132.134,255.389,35.0071,10.534,150.39,29.61
VG1,2015-08-08T01:31:00.461Z,3004.5,0.11194,0.1106,0.11329,132.155,255.39,35.0072,10.555,150.39,29.61
VG1,2015-08-10T15:54:12.401Z,3006.7,0.11211,0.11077,0.11346,132.18,255.391,35.0073,10.58,150.39,29.61
VG1,2015-09-05T02:54:46.046Z,3006.0,0.11205,0.11071,0.1134,132.429,255.402,35.0085,10.829,150.38,29.62
VG1,2015-09-07T21:09:03.512Z,3006.0,0.11205,0.11071,0.1134,132.456,255.403,35.0087,10.856,150.38,29.62
VG1,2015-09-09T06:16:12.246Z,3006.0,0.11205,0.11071,0.1134,132.47,255.404,35.0087,10.87,150.38,29.62
VG1,2015-09-12T00:30:29.713Z,3024.0,0.1134,0.11205,0.11475,132.497,255.405,35.0089,10.897,150.38,29.62
VG1,2015-09-14T18:44:47.180Z,3006.0,0.11205,0.11071,0.1134,132.524,255.406,35.009,10.924,150.38,29.62
VG1,2015-09-17T12:59:04.647Z,3060.0,0.11612,0.11476,0.1176,132.551,255.407,35.0091,10.951,150.37,29.63
VG1,2015-09-20T07:13:22.114Z,3078.0,0.11749,0.11612,0.12435,132.578,255.409,35.0093,10.978,150.37,29.63
VG1,2015-09-23T01:27:39.581Z,3060.0,0.11612,0.11476,0.12402,132.605,255.41,35.0094,11.005,150.37,29.63
VG1,2015-09-24T10:34:48.314Z,3060.0,0.11612,0.11476,0.12424,132.619,255.41,35.0095,11.019,150.37,29.63
VG1,2015-09-27T04:49:05.781Z,3042.0,0.11475,0.1134,0.12396,132.645,255.412,35.0096,11.045,150.37,29.63
VG1,2015-10-08T05:46:15.649Z,3006.0,0.11205,0.11071,0.13039,132.754,255.416,35.0101,11.154,150.37,29.63
VG1,2015-10-11T00:00:33.115Z,3006.0,0.11205,0.11071,0.13002,132.78,255.418,35.0103,11.18,150.37,29.63
VG1,2015-10-13T18:14:50.582Z,3006.0,0.11205,0.11071,0.12966,132.807,255.419,35.0104,11.207,150.37,29.63
VG1,2015-10-15T03:21:59.316Z,3024.0,0.1134,0.11205,0.12949,132.821,255.419,35.0105,11.221,150.37,29.63
VG1,2015-10-17T21:36:16.783Z,3006.0,0.11205,0.11071,0.11404,132.848,255.421,35.0106,11.248,150.36,29.64
VG1,2015-10-20T15:50:34.250Z,3042.0,0.11475,0.1134,0.11611,132.875,255.422,35.0107,11.275,150.36,29.64
VG1,2015-10-22T00:57:42.983Z,3024.0,0.1134,0.11205,0.11649,132.889,255.422,35.0108,11.289,150.36,29.64
VG1,2015-10-24T19:12:00.450Z,3024.0,0.1134,0.11205,0.11671,132.915,255.424,35.0109,11.315,150.36,29.64
VG1,2015-10-27T13:26:17.917Z,3042.0,0.11475,0.1134,0.11843,132.942,255.425,35.0111,11.342,150.36,29.64
VG1,2015-10-28T22:33:26.650Z,3042.0,0.11475,0.1134,0.11874,132.956,255.425,35.0111,11.356,150.36,29.64
VG1,2015-10-31T16:47:44.117Z,3042.0,0.11475,0.1134,0.12026,132.983,255.427,35.0112,11.383,150.36,29.64
VG1,2015-11-03T11:02:01.584Z,3060.0,0.11612,0.11476,0.12214,133.01,255.428,35.0114,11.41,150.36,29.64
VG1,2015-11-06T05:16:19.051Z,3060.0,0.11612,0.11476,0.12501,133.037,255.429,35.0115,11.437,150.36,29.64
VG1,2016-06-29T12:18:49.620Z,2988.0,0.11066,0.10933,0.112,135.35,255.53,35.0226,13.75,150.28,29.72
VG1,2016-07-02T06:38:33.741Z,2988.0,0.11066,0.10933,0.112,135.377,255.531,35.0227,13.777,150.28,29.72
VG1,2016-07-06T10:08:09.923Z,3024.0,0.11334,0.11199,0.11469,135.417,255.533,35.0229,13.817,150.28,29.72
VG1,2016-07-09T04:27:54.044Z,2988.0,0.11066,0.10933,0.112,135.444,255.534,35.023,13.844,150.28,29.72
VG1,2016-07-11T22:47:38.165Z,3006.0,0.11199,0.11065,0.11334,135.472,255.535,35.0231,13.872,150.28,29.72
VG1,2016-07-13T07:57:30.225Z,3006.0,0.11199,0.11065,0.11334,135.485,255.536,35.0232,13.885,150.28,29.72
VG1,2016-07-16T02:17:14.346Z,3006.0,0.11199,0.11065,0.11334,135.512,255.537,35.0233,13.912,150.28,29.72
VG1,2016-07-18T20:36:58.467Z,3006.0,0.11199,0.11065,0.11334,135.539,255.538,35.0235,13.939,150.28,29.72
VG1,2016-07-21T14:56:42.588Z,3024.0,0.11334,0.11199,0.11469,135.566,255.539,35.0236,13.966,150.27,29.73
VG1,2016-07-23T00:06:34.649Z,3006.0,0.11199,0.11065,0.11334,135.58,255.54,35.0236,13.98,150.27,29.73
VG1,2016-07-25T18:26:18.770Z,3006.0,0.11199,0.11065,0.11334,135.607,255.541,35.0238,14.007,150.27,29.73
VG1,2016-07-28T12:46:02.891Z,3006.0,0.11199,0.11065,0.11334,135.634,255.542,35.0239,14.034,150.27,29.73
VG1,2016-07-29T21:55:54.951Z,3006.0,0.11199,0.11065,0.11334,135.647,255.543,35.024,14.047,150.27,29.73
VG1,2016-08-01T16:15:39.072Z,3006.0,0.11199,0.11065,0.11334,135.674,255.544,35.0241,14.074,150.27,29.73
VG1,2016-08-04T10:35:23.193Z,3024.0,0.11334,0.11199,0.11469,135.702,255.545,35.0242,14.102,150.27,29.73
VG1,2016-08-08T14:04:59.375Z,3006.0,0.11199,0.11065,0.11334,135.742,255.547,35.0244,14.142,150.27,29.73
VG1,2016-08-15T11:54:19.677Z,3006.0,0.11199,0.11065,0.11334,135.81,255.55,35.0247,14.21,150.27,29.73
VG1,2016-08-18T06:14:03.798Z,3006.0,0.11199,0.11065,0.11334,135.837,255.551,35.0248,14.237,150.27,29.73
VG1,2016-08-19T15:23:55.859Z,2988.0,0.11066,0.10933,0.112,135.85,255.552,35.0249,14.25,150.26,29.74
VG1,2016-08-22T09:43:39.980Z,2988.0,0.11066,0.10933,0.112,135.877,255.553,35.025,14.277,150.26,29.74
VG1,2016-08-25T04:03:24.101Z,3024.0,0.11334,0.11199,0.11469,135.904,255.554,35.0252,14.304,150.26,29.74
VG1,2016-08-26T13:13:16.161Z,3024.0,0.11334,0.11199,0.11469,135.918,255.554,35.0252,14.318,150.26,29.74
VG1,2016-08-29T07:33:00.282Z,3024.0,0.11334,0.11199,0.11469,135.945,255.556,35.0254,14.345,150.26,29.74
VG1,2016-09-01T01:52:44.403Z,3024.0,0.11334,0.11199,0.11469,135.972,255.557,35.0255,14.372,150.26,29.74
VG1,2016-09-02T11:02:36.464Z,3024.0,0.11334,0.11199,0.11469,135.985,255.557,35.0255,14.385,150.26,29.74
VG1,2016-09-27T09:06:03.822Z,2894.8,0.10391,0.10262,0.10521,136.229,255.568,35.0267,14.629,150.25,29.75
VG1,2016-09-29T15:19:39.761Z,2888.1,0.10343,0.10214,0.10472,136.251,255.569,35.0268,14.651,150.25,29.75
VG1,2016-10-01T18:19:39.704Z,2897.0,0.10408,0.10279,0.10538,136.272,255.569,35.0269,14.672,150.25,29.75
VG1,2016-10-04T08:42:03.633Z,2897.0,0.10408,0.10279,0.10538,136.298,255.571,35.027,14.698,150.25,29.75
VG1,2016-10-11T08:18:03.445Z,2874.6,0.10247,0.10119,0.10376,136.366,255.573,35.0273,14.766,150.25,29.75
VG1,2016-10-13T14:30:51.384Z,2856.7,0.1012,0.099929,0.10248,136.388,255.574,35.0274,14.788,150.25,29.75
VG1,2016-10-15T17:30:51.326Z,2865.7,0.10184,0.10056,0.10312,136.409,255.575,35.0275,14.809,150.25,29.75
VG1,2016-10-18T07:54:03.256Z,2861.2,0.10152,0.10025,0.1028,136.434,255.576,35.0276,14.834,150.25,29.75
VG1,2016-10-20T14:07:39.195Z,2859.0,0.10136,0.10009,0.10264,136.456,255.577,35.0277,14.856,150.25,29.75
VG1,2016-11-15T06:18:02.721Z,2865.7,0.10184,0.10056,0.10312,136.708,255.588,35.0289,15.108,150.24,29.76
VG1,2016-11-17T12:31:38.660Z,2899.3,0.10424,0.10295,0.10554,136.73,255.589,35.029,15.13,150.24,29.76
VG1,2016-11-19T15:30:50.603Z,2897.0,0.10408,0.10279,0.10538,136.751,255.59,35.0291,15.151,150.24,29.76
VG1,2016-11-22T05:54:02.532Z,2879.1,0.10279,0.10151,0.10408,136.776,255.591,35.0292,15.176,150.23,29.77
VG1,2016-11-24T12:07:38.471Z,2899.3,0.10424,0.10295,0.10554,136.798,255.592,35.0293,15.198,150.23,29.77
VG1,2016-11-29T05:30:02.344Z,2894.8,0.10391,0.10262,0.10521,136.844,255.594,35.0295,15.244,150.23,29.77
VG1,2016-12-01T11:42:50.283Z,2894.8,0.10391,0.10262,0.10521,136.866,255.595,35.0296,15.266,150.23,29.77
VG1,2016-12-03T14:43:38.225Z,2894.8,0.10391,0.10262,0.10521,136.887,255.596,35.0297,15.287,150.23,29.77
VG1,2016-12-06T05:05:14.155Z,2876.9,0.10263,0.10135,0.10392,136.913,255.597,35.0298,15.313,150.23,29.77
VG1,2016-12-08T11:19:38.094Z,2901.5,0.1044,0.10311,0.1057,136.935,255.598,35.0299,15.335,150.23,29.77
VG1,2016-12-10T14:19:38.037Z,2890.3,0.10359,0.1023,0.10488,136.955,255.598,35.03,15.355,150.23,29.77
VG1,2016-12-13T04:42:01.998Z,2912.7,0.1052,0.1039,0.1065,136.981,255.599,35.0301,15.381,150.23,29.77
VG1,2016-12-15T10:55:38.011Z,2908.2,0.10488,0.10359,0.10618,137.003,255.6,35.0302,15.403,150.23,29.77
VG1,2016-12-17T13:55:37.954Z,2914.9,0.10537,0.10407,0.10668,137.024,255.601,35.0303,15.424,150.23,29.77
VG1,2016-12-20T04:18:01.884Z,2935.1,0.10683,0.10552,0.10814,137.049,255.602,35.0304,15.449,150.23,29.77
VG1,2016-12-22T10:30:49.823Z,2921.6,0.10585,0.10455,0.10716,137.072,255.603,35.0305,15.472,150.23,29.77
VG1,2016-12-24T13:30:49.766Z,2932.8,0.10667,0.10536,0.10798,137.092,255.604,35.0306,15.492,150.23,29.77
VG1,2016-12-27T03:54:01.695Z,2937.3,0.10699,0.10568,0.10831,137.118,255.605,35.0307,15.518,150.22,29.78
VG1,2016-12-29T10:07:37.634Z,2955.2,0.1083,0.10698,0.10962,137.14,255.606,35.0308,15.54,150.22,29.78
VG1,2016-12-31T13:07:37.577Z,2973.1,0.10962,0.1083,0.11095,137.16,255.607,35.0309,15.56,150.22,29.78
VG1,2017-01-05T09:43:37.517Z,3049.3,0.1153,0.11394,0.11667,137.208,255.609,35.0312,15.608,150.22,29.78
VG1,2017-01-07T12:43:37.413Z,3053.7,0.11564,0.11428,0.11701,137.229,255.61,35.0313,15.629,150.22,29.78
VG1,2017-01-10T03:06:01.287Z,3044.8,0.11496,0.1136,0.11632,137.254,255.611,35.0314,15.654,150.22,29.78
VG1,2017-01-12T09:19:37.177Z,3042.5,0.11479,0.11344,0.11615,137.276,255.612,35.0315,15.676,150.22,29.78
VG1,2017-01-14T12:19:37.074Z,3047.0,0.11513,0.11377,0.11649,137.297,255.613,35.0316,15.697,150.22,29.78
VG1,2017-01-17T02:42:00.948Z,3042.5,0.11479,0.11344,0.11615,137.323,255.614,35.0317,15.723,150.22,29.78
VG1,2017-01-21T11:55:37.147Z,3049.3,0.1153,0.11394,0.11667,137.365,255.616,35.0319,15.765,150.22,29.78
VG1,2017-01-24T02:18:01.081Z,3042.5,0.11479,0.11344,0.11615,137.391,255.617,35.032,15.791,150.22,29.78
VG1,2017-01-26T08:30:49.024Z,3053.7,0.11564,0.11428,0.11701,137.413,255.618,35.0321,15.813,150.21,29.79
VG1,2017-01-28T11:30:48.971Z,3044.8,0.11496,0.1136,0.11632,137.434,255.618,35.0322,15.834,150.21,29.79
VG1,2017-01-31T01:54:00.905Z,3044.8,0.11496,0.1136,0.11632,137.459,255.62,35.0323,15.859,150.21,29.79
VG1,2017-02-02T08:06:48.848Z,3056.0,0.11581,0.11445,0.11718,137.481,255.62,35.0324,15.881,150.21,29.79
VG1,2017-02-16T07:19:36.496Z,3031.3,0.11395,0.1126,0.11531,137.618,255.626,35.033,16.018,150.21,29.79
VG1,2017-02-18T10:19:36.443Z,3040.3,0.11463,0.11328,0.11599,137.639,255.627,35.0331,16.039,150.21,29.79
VG1,2017-02-21T00:41:12.377Z,3035.8,0.11429,0.11294,0.11565,137.664,255.628,35.0332,16.064,150.21,29.79
VG1,2017-02-23T06:55:36.320Z,3051.5,0.11547,0.11411,0.11684,137.686,255.629,35.0333,16.086,150.21,29.79
VG1,2017-02-25T09:55:36.267Z,3051.5,0.11547,0.11411,0.11684,137.707,255.63,35.0334,16.107,150.21,29.79
VG1,2017-02-28T00:18:00.201Z,3053.7,0.11564,0.11428,0.11701,137.732,255.631,35.0335,16.132,150.20,29.80
VG1,2017-03-02T06:30:48.144Z,3047.0,0.11513,0.11377,0.11649,137.755,255.632,35.0336,16.155,150.20,29.80
VG1,2017-03-04T09:30:48.091Z,3044.8,0.11496,0.1136,0.11632,137.776,255.633,35.0337,16.176,150.20,29.80
VG1,2017-03-06T23:54:00.025Z,3056.0,0.11581,0.11445,0.11718,137.801,255.634,35.0338,16.201,150.20,29.80
VG1,2017-03-09T06:07:35.968Z,3038.1,0.11446,0.11311,0.11582,137.823,255.635,35.0339,16.223,150.20,29.80
VG1,2017-03-11T09:07:35.915Z,3042.5,0.11479,0.11344,0.11615,137.844,255.636,35.034,16.244,150.20,29.80
VG1,2017-03-13T23:29:59.849Z,3038.1,0.11446,0.11311,0.11582,137.869,255.637,35.0342,16.269,150.20,29.80
VG1,2017-03-18T08:43:35.739Z,3058.2,0.11598,0.11462,0.11735,137.912,255.638,35.0343,16.312,150.20,29.80
VG1,2017-03-20T23:05:11.673Z,3044.8,0.11496,0.1136,0.11632,137.937,255.639,35.0345,16.337,150.20,29.80
VG1,2017-03-23T05:19:35.616Z,3051.5,0.11547,0.11411,0.11684,137.959,255.64,35.0346,16.359,150.20,29.80
VG1,2017-03-25T08:19:35.563Z,3080.6,0.11768,0.11631,0.11906,137.98,255.641,35.0347,16.38,150.20,29.80
VG1,2017-03-27T22:41:11.497Z,3044.8,0.11496,0.1136,0.11632,138.006,255.642,35.0348,16.406,150.20,29.80
VG1,2017-03-30T04:55:35.440Z,3078.4,0.11751,0.11614,0.11889,138.028,255.643,35.0349,16.428,150.20,29.80
VG1,2017-04-01T07:54:47.387Z,3082.8,0.11786,0.11649,0.11924,138.049,255.644,35.035,16.449,150.19,29.81
VG1,2017-04-03T22:17:11.321Z,3076.1,0.11734,0.11597,0.11872,138.074,255.645,35.0351,16.474,150.19,29.81
VG1,2017-04-06T04:31:35.264Z,3062.7,0.11632,0.11496,0.11769,138.096,255.646,35.0352,16.496,150.19,29.81
VG1,2017-04-08T07:31:35.211Z,3064.9,0.11649,0.11513,0.11786,138.117,255.647,35.0353,16.517,150.19,29.81
VG1,2017-04-10T21:53:59.145Z,3069.4,0.11683,0.11546,0.1182,138.142,255.648,35.0354,16.542,150.19,29.81
VG1,2017-04-13T04:07:35.088Z,3058.2,0.11598,0.11462,0.11735,138.164,255.649,35.0355,16.564,150.19,29.81
VG1,2017-04-15T07:07:35.035Z,3062.7,0.11632,0.11496,0.11769,138.185,255.65,35.0356,16.585,150.19,29.81
VG1,2017-04-17T21:29:58.969Z,3071.6,0.117,0.11563,0.11838,138.21,255.651,35.0357,16.61,150.19,29.81
VG1,2017-04-20T03:42:46.912Z,3076.1,0.11734,0.11597,0.11872,138.233,255.652,35.0358,16.633,150.19,29.81
VG1,2017-04-22T06:42:46.859Z,3062.7,0.11632,0.11496,0.11769,138.254,255.653,35.0359,16.654,150.19,29.81
VG1,2017-04-27T03:19:34.736Z,3080.6,0.11768,0.11631,0.11906,138.301,255.655,35.0361,16.701,150.19,29.81
VG1,2017-04-29T06:18:46.683Z,3067.2,0.11666,0.11529,0.11803,138.322,255.655,35.0362,16.722,150.19,29.81
VG1,2017-05-01T20:41:58.617Z,3082.8,0.11786,0.11649,0.11924,138.347,255.656,35.0363,16.747,150.19,29.81
VG1,2017-05-04T02:54:46.573Z,3080.6,0.11768,0.11631,0.11906,138.369,255.657,35.0364,16.769,150.18,29.82
VG1,2017-05-18T02:07:34.195Z,3073.9,0.11717,0.1158,0.11855,138.506,255.663,35.037,16.906,150.18,29.82
VG1,2017-05-20T05:07:34.138Z,3062.7,0.11632,0.11496,0.11769,138.527,255.664,35.0371,16.927,150.18,29.82
VG1,2017-05-22T19:29:10.068Z,3080.6,0.11768,0.11631,0.11906,138.552,255.665,35.0372,16.952,150.18,29.82
VG1,2017-05-25T01:42:46.007Z,3080.6,0.11768,0.11631,0.11906,138.574,255.666,35.0373,16.974,150.18,29.82
VG1,2017-05-27T04:43:33.949Z,3076.1,0.11734,0.11597,0.11872,138.595,255.667,35.0374,16.995,150.18,29.82
VG1,2017-05-29T19:05:57.879Z,3058.2,0.11598,0.11462,0.11735,138.62,255.668,35.0375,17.02,150.18,29.82
VG1,2017-06-01T01:19:33.818Z,3062.7,0.11632,0.11496,0.11769,138.642,255.669,35.0376,17.042,150.18,29.82
VG1,2017-06-03T04:19:33.761Z,3042.5,0.11479,0.11344,0.11615,138.663,255.67,35.0377,17.063,150.17,29.83
VG1,2017-06-05T18:41:09.691Z,3064.9,0.11649,0.11513,0.11786,138.689,255.671,35.0378,17.089,150.17,29.83
VG1,2017-06-08T00:54:45.630Z,3064.9,0.11649,0.11513,0.11786,138.711,255.671,35.0379,17.111,150.17,29.83
VG1,2017-06-10T03:54:45.572Z,3060.4,0.11615,0.11479,0.11752,138.732,255.672,35.038,17.132,150.17,29.83
VG1,2017-06-12T18:17:09.502Z,3064.9,0.11649,0.11513,0.11786,138.757,255.673,35.0381,17.157,150.17,29.83
VG1,2017-06-15T00:30:45.441Z,3062.7,0.11632,0.11496,0.11769,138.779,255.674,35.0382,17.179,150.17,29.83
VG1,2017-06-17T03:31:33.384Z,3062.7,0.11632,0.11496,0.11769,138.8,255.675,35.0383,17.2,150.17,29.83
VG1,2017-06-19T17:53:57.314Z,3051.5,0.11547,0.11411,0.11684,138.825,255.676,35.0384,17.225,150.17,29.83
VG1,2017-06-22T00:06:45.253Z,3051.5,0.11547,0.11411,0.11684,138.847,255.677,35.0385,17.247,150.17,29.83
VG1,2017-06-24T03:07:33.195Z,3040.3,0.11463,0.11328,0.11599,138.868,255.678,35.0386,17.268,150.17,29.83
VG1,2017-06-26T17:29:09.125Z,3060.4,0.11615,0.11479,0.11752,138.893,255.679,35.0387,17.293,150.17,29.83
VG1,2017-06-28T23:42:45.064Z,3051.5,0.11547,0.11411,0.11684,138.916,255.68,35.0388,17.316,150.17,29.83
VG1,2017-07-01T02:43:33.007Z,3044.8,0.11496,0.1136,0.11632,138.937,255.681,35.0389,17.337,150.17,29.83
VG1,2017-07-03T17:05:56.937Z,3044.8,0.11496,0.1136,0.11632,138.962,255.682,35.039,17.362,150.17,29.83
VG1,2017-07-05T23:18:44.876Z,3062.7,0.11632,0.11496,0.11769,138.984,255.683,35.0391,17.384,150.16,29.84
VG1,2017-07-08T02:19:32.818Z,3047.0,0.11513,0.11377,0.11649,139.005,255.684,35.0392,17.405,150.16,29.84
VG1,2017-07-10T16:41:56.748Z,3085.1,0.11803,0.11666,0.11941,139.03,255.685,35.0393,17.43,150.16,29.84
VG1,2017-07-12T22:54:44.615Z,3076.1,0.11734,0.11597,0.11872,139.052,255.685,35.0394,17.452,150.16,29.84
VG1,2017-07-15T01:54:44.554Z,3071.6,0.117,0.11563,0.11838,139.073,255.686,35.0395,17.473,150.16,29.84
VG1,2017-07-17T16:17:56.479Z,3067.2,0.11666,0.11529,0.11803,139.098,255.687,35.0396,17.498,150.16,29.84
VG1,2017-07-19T22:30:44.414Z,3067.2,0.11666,0.11529,0.11803,139.121,255.688,35.0397,17.521,150.16,29.84
VG1,2017-07-22T01:30:44.353Z,3071.6,0.117,0.11563,0.11838,139.142,255.689,35.0398,17.542,150.16,29.84
VG1,2017-07-24T15:53:56.278Z,3076.1,0.11734,0.11597,0.11872,139.167,255.69,35.04,17.567,150.16,29.84
VG1,2017-07-26T22:07:32.213Z,3078.4,0.11751,0.11614,0.11889,139.189,255.691,35.0401,17.589,150.16,29.84
VG1,2017-07-29T01:07:32.152Z,3067.2,0.11666,0.11529,0.11803,139.21,255.692,35.0401,17.61,150.16,29.84
VG1,2017-07-31T15:29:56.077Z,3067.2,0.11666,0.11529,0.11803,139.235,255.693,35.0403,17.635,150.16,29.84
VG1,2017-08-02T20:50:35.102Z,3078.0,0.11742,0.11605,0.1188,139.257,255.694,35.0404,17.657,150.16,29.84
VG1,2017-08-02T21:42:44.012Z,3078.4,0.11751,0.11614,0.11889,139.257,255.694,35.0404,17.657,150.16,29.84
VG1,2017-08-05T00:42:43.951Z,3082.8,0.11786,0.11649,0.11924,139.278,255.695,35.0404,17.678,150.16,29.84
VG1,2017-08-05T15:10:19.223Z,3078.0,0.11742,0.11605,0.1188,139.284,255.695,35.0405,17.684,150.16,29.84
VG1,2017-08-07T00:20:11.284Z,3078.0,0.11742,0.11605,0.1188,139.297,255.696,35.0405,17.697,150.16,29.84
VG1,2017-08-13T22:09:31.586Z,3114.0,0.12018,0.11879,0.12157,139.365,255.698,35.0408,17.765,150.15,29.85
VG1,2017-08-16T16:29:15.707Z,3132.0,0.12158,0.12019,0.12298,139.392,255.699,35.0409,17.792,150.15,29.85
VG1,2017-08-19T10:48:59.828Z,3168.0,0.12439,0.12298,0.13019,139.419,255.7,35.0411,17.819,150.15,29.85
VG1,2017-08-22T05:08:43.949Z,3222.0,0.12867,0.12724,0.13488,139.446,255.702,35.0412,17.846,150.15,29.85
VG1,2017-08-24T00:19:42.059Z,3294.0,0.13455,0.13308,0.13602,139.464,255.702,35.0413,17.864,150.15,29.85
VG1,2017-08-26T02:00:25.159Z,3330.0,0.13751,0.13603,0.139,139.484,255.703,35.0414,17.884,150.15,29.85
VG1,2017-08-28T13:53:07.272Z,3145.5,0.1227,0.1213,0.12411,139.508,255.704,35.0415,17.908,150.15,29.85
VG1,2017-08-28T20:14:42.626Z,3330.0,0.13751,0.13603,0.139,139.511,255.704,35.0415,17.911,150.15,29.85
VG1,2017-08-30T20:07:31.207Z,3138.8,0.12217,0.12077,0.12358,139.53,255.705,35.0416,17.93,150.15,29.85
VG1,2017-08-30T21:55:25.726Z,3366.0,0.1405,0.139,0.14201,139.531,255.705,35.0416,17.931,150.15,29.85
VG1,2017-09-01T23:07:31.146Z,3156.7,0.12357,0.12216,0.12498,139.551,255.706,35.0417,17.951,150.15,29.85
VG1,2017-09-04T13:29:07.071Z,3141.0,0.12235,0.12095,0.12376,139.576,255.707,35.0418,17.976,150.15,29.85
VG1,2017-09-06T19:43:31.006Z,3152.2,0.12322,0.12182,0.12463,139.599,255.708,35.0419,17.999,150.15,29.85
VG1,2017-09-08T22:42:42.945Z,3152.2,0.12322,0.12182,0.12463,139.62,255.709,35.042,18.02,150.15,29.85
VG1,2017-09-12T09:29:54.846Z,3134.3,0.12182,0.12042,0.12322,139.653,255.71,35.0421,18.053,150.14,29.86
VG1,2017-09-14T15:43:30.742Z,3147.8,0.12287,0.12147,0.12428,139.675,255.711,35.0422,18.075,150.14,29.86
VG1,2017-09-16T18:43:30.677Z,3154.5,0.1234,0.122,0.12481,139.696,255.712,35.0423,18.096,150.14,29.86
VG1,2017-09-19T09:05:06.598Z,3145.5,0.1227,0.1213,0.12411,139.722,255.713,35.0424,18.122,150.14,29.86
VG1,2017-09-21T15:18:42.529Z,3141.0,0.12235,0.12095,0.12376,139.744,255.714,35.0425,18.144,150.14,29.86
VG1,2017-09-23T18:19:30.464Z,3134.3,0.12182,0.12042,0.12322,139.764,255.715,35.0426,18.164,150.14,29.86
VG1,2017-09-26T08:41:06.384Z,3136.6,0.122,0.1206,0.1234,139.79,255.716,35.0427,18.19,150.14,29.86
VG1,2017-09-28T14:54:42.315Z,3141.0,0.12235,0.12095,0.12376,139.812,255.716,35.0428,18.212,150.14,29.86
VG1,2017-09-30T17:55:30.250Z,3156.7,0.12357,0.12216,0.12498,139.833,255.717,35.0429,18.233,150.14,29.86
VG1,2017-10-03T08:17:54.170Z,3150.0,0.12305,0.12165,0.12446,139.858,255.718,35.043,18.258,150.14,29.86
VG1,2017-10-05T14:30:42.101Z,3141.0,0.12235,0.12095,0.12376,139.88,255.719,35.0431,18.28,150.14,29.86
VG1,2017-10-07T17:30:42.036Z,3143.3,0.12252,0.12112,0.12393,139.901,255.72,35.0432,18.301,150.14,29.86
VG1,2017-10-10T07:53:05.957Z,3150.0,0.12305,0.12165,0.12446,139.926,255.721,35.0433,18.326,150.14,29.86
VG1,2017-11-07T06:17:05.034Z,3120.9,0.12078,0.11939,0.12218,140.199,255.732,35.0445,18.599,150.13,29.87
VG1,2017-11-14T05:53:52.796Z,3114.2,0.12026,0.11887,0.12165,140.268,255.735,35.0448,18.668,150.13,29.87
VG1,2017-11-16T12:07:28.718Z,3120.9,0.12078,0.11939,0.12218,140.29,255.736,35.0449,18.69,150.12,29.88
VG1,2017-11-18T15:06:40.646Z,3120.9,0.12078,0.11939,0.12218,140.311,255.737,35.045,18.711,150.12,29.88
VG1,2017-11-21T05:29:04.557Z,3118.7,0.12061,0.11922,0.12201,140.336,255.738,35.0451,18.736,150.12,29.88
VG1,2017-11-25T14:43:28.407Z,3114.2,0.12026,0.11887,0.12165,140.379,255.739,35.0453,18.779,150.12,29.88
VG1,2017-11-28T05:05:04.318Z,3111.9,0.12009,0.1187,0.12148,140.404,255.74,35.0454,18.804,150.12,29.88
VG1,2017-11-30T11:19:28.241Z,3111.9,0.12009,0.1187,0.12148,140.426,255.741,35.0455,18.826,150.12,29.88
VG1,2017-12-02T14:19:28.168Z,3094.0,0.11871,0.11733,0.1201,140.447,255.742,35.0456,18.847,150.12,29.88
VG1,2017-12-05T04:41:04.079Z,3111.9,0.12009,0.1187,0.12148,140.473,255.743,35.0457,18.873,150.12,29.88
VG1,2017-12-09T13:55:27.929Z,3103.0,0.1194,0.11802,0.12079,140.516,255.745,35.0459,18.916,150.12,29.88
VG1,2017-12-14T10:30:39.921Z,3125.4,0.12113,0.11974,0.12253,140.563,255.747,35.0461,18.963,150.12,29.88
VG1,2017-12-16T13:30:39.852Z,3103.0,0.1194,0.11802,0.12079,140.584,255.748,35.0462,18.984,150.12,29.88
VG1,2017-12-19T03:53:51.768Z,3094.0,0.11871,0.11733,0.1201,140.609,255.749,35.0463,19.009,150.11,29.89
VG1,2017-12-21T10:06:39.694Z,3111.9,0.12009,0.1187,0.12148,140.631,255.749,35.0464,19.031,150.11,29.89
VG1,2017-12-23T13:06:39.625Z,3098.5,0.11906,0.11768,0.12045,140.652,255.75,35.0465,19.052,150.11,29.89
VG1,2017-12-26T03:29:51.541Z,3118.7,0.12061,0.11922,0.12201,140.677,255.751,35.0466,19.077,150.11,29.89
VG1,2017-12-28T09:43:27.468Z,3098.5,0.11906,0.11768,0.12045,140.7,255.752,35.0467,19.1,150.11,29.89
VG1,2017-12-30T12:43:27.399Z,3094.0,0.11871,0.11733,0.1201,140.721,255.753,35.0468,19.121,150.11,29.89
VG1,2018-01-02T03:05:03.315Z,3096.3,0.11888,0.1175,0.12027,140.746,255.754,35.0469,19.146,150.11,29.89
VG1,2018-01-04T09:18:39.241Z,3100.7,0.11923,0.11785,0.12062,140.768,255.755,35.047,19.168,150.11,29.89
VG1,2018-01-06T12:19:27.173Z,3107.5,0.11975,0.11837,0.12114,140.789,255.756,35.0471,19.189,150.11,29.89
VG1,2018-01-09T02:41:51.088Z,3120.9,0.12078,0.11939,0.12218,140.814,255.757,35.0472,19.214,150.11,29.89
VG1,2018-01-11T08:55:27.015Z,3100.7,0.11923,0.11785,0.12062,140.836,255.758,35.0473,19.236,150.11,29.89
VG1,2018-01-13T11:54:38.946Z,3114.2,0.12026,0.11887,0.12165,140.857,255.759,35.0474,19.257,150.11,29.89
VG1,2018-01-16T02:17:02.862Z,3105.2,0.11957,0.11819,0.12096,140.882,255.76,35.0475,19.282,150.11,29.89
VG1,2018-01-18T08:31:26.789Z,3105.2,0.11957,0.11819,0.12096,140.905,255.76,35.0476,19.305,150.11,29.89
VG1,2018-01-20T11:31:26.720Z,3100.7,0.11923,0.11785,0.12062,140.925,255.761,35.0477,19.325,150.11,29.89
VG1,2018-01-23T01:53:02.635Z,3114.2,0.12026,0.11887,0.12165,140.951,255.762,35.0478,19.351,150.10,29.90
VG1,2018-01-25T08:07:26.562Z,3109.7,0.11992,0.11854,0.12131,140.973,255.763,35.0479,19.373,150.10,29.90
VG1,2018-01-27T11:07:26.493Z,3096.3,0.11888,0.1175,0.12027,140.994,255.764,35.0479,19.394,150.10,29.90
VG1,2018-02-17T09:55:26.027Z,3118.7,0.12061,0.11922,0.12201,141.198,255.772,35.0488,19.598,150.10,29.90
VG1,2018-02-20T00:17:49.963Z,3116.4,0.12044,0.11905,0.12184,141.224,255.773,35.0489,19.624,150.10,29.90
VG1,2018-02-22T06:30:37.907Z,3132.1,0.12165,0.12026,0.12305,141.246,255.774,35.049,19.646,150.10,29.90
VG1,2018-02-24T09:30:37.855Z,3098.5,0.11906,0.11768,0.12045,141.267,255.775,35.0491,19.667,150.09,29.91
VG1,2018-02-26T23:53:01.791Z,3098.5,0.11906,0.11768,0.12045,141.292,255.776,35.0492,19.692,150.09,29.91
VG1,2018-03-01T06:06:37.735Z,3105.2,0.11957,0.11819,0.12096,141.314,255.777,35.0493,19.714,150.09,29.91
VG1,2018-03-03T09:07:25.683Z,3103.0,0.1194,0.11802,0.12079,141.335,255.778,35.0494,19.735,150.09,29.91
VG1,2018-03-05T23:29:49.619Z,3098.5,0.11906,0.11768,0.12045,141.36,255.779,35.0495,19.76,150.09,29.91
VG1,2018-03-08T05:43:25.563Z,3098.5,0.11906,0.11768,0.12045,141.383,255.779,35.0496,19.783,150.09,29.91
VG1,2018-03-10T08:43:25.511Z,3078.4,0.11751,0.11614,0.11889,141.403,255.78,35.0497,19.803,150.09,29.91
VG1,2018-03-12T23:05:49.447Z,3096.3,0.11888,0.1175,0.12027,141.429,255.781,35.0498,19.829,150.09,29.91
VG1,2018-03-15T05:19:25.391Z,3091.8,0.11854,0.11716,0.11992,141.451,255.782,35.0499,19.851,150.09,29.91
VG1,2018-03-17T08:19:25.339Z,3094.0,0.11871,0.11733,0.1201,141.471,255.783,35.05,19.871,150.09,29.91
VG1,2018-03-19T22:41:01.275Z,3082.8,0.11786,0.11649,0.11924,141.497,255.784,35.0501,19.897,150.09,29.91
VG1,2018-03-22T04:55:25.086Z,3085.1,0.11803,0.11666,0.11941,141.519,255.785,35.0502,19.919,150.09,29.91
VG1,2018-03-24T07:55:25.027Z,3078.4,0.11751,0.11614,0.11889,141.54,255.786,35.0503,19.94,150.09,29.91
VG1,2018-03-26T22:17:48.956Z,3089.6,0.11837,0.11699,0.11975,141.565,255.787,35.0504,19.965,150.09,29.91
VG1,2018-03-29T04:30:36.893Z,3085.1,0.11803,0.11666,0.11941,141.587,255.788,35.0505,19.987,150.08,29.92
VG1,2018-03-31T07:30:36.835Z,3080.6,0.11768,0.11631,0.11906,141.608,255.788,35.0506,20.008,150.08,29.92
VG1,2018-04-02T21:53:48.763Z,3082.8,0.11786,0.11649,0.11924,141.633,255.789,35.0507,20.033,150.08,29.92
VG1,2018-04-05T04:07:24.701Z,3096.3,0.11888,0.1175,0.12027,141.655,255.79,35.0508,20.055,150.08,29.92
VG1,2018-04-07T07:07:24.643Z,3082.8,0.11786,0.11649,0.11924,141.676,255.791,35.0509,20.076,150.08,29.92
VG1,2018-04-09T21:29:00.571Z,3076.1,0.11734,0.11597,0.11872,141.702,255.792,35.051,20.102,150.08,29.92
VG1,2018-04-12T03:42:36.509Z,3080.6,0.11768,0.11631,0.11906,141.724,255.793,35.0511,20.124,150.08,29.92
VG1,2018-04-14T06:42:36.450Z,3078.4,0.11751,0.11614,0.11889,141.745,255.794,35.0512,20.145,150.08,29.92
VG1,2018-04-16T21:05:48.379Z,3085.1,0.11803,0.11666,0.11941,141.77,255.795,35.0513,20.17,150.08,29.92
VG1,2018-04-19T03:18:36.316Z,3082.8,0.11786,0.11649,0.11924,141.792,255.796,35.0514,20.192,150.08,29.92
VG1,2018-04-21T06:18:36.258Z,3082.8,0.11786,0.11649,0.11924,141.813,255.797,35.0515,20.213,150.08,29.92
VG1,2018-04-23T20:41:48.186Z,3073.9,0.11717,0.1158,0.11855,141.838,255.798,35.0516,20.238,150.08,29.92
VG1,2018-05-30T19:39:39.229Z,3150.0,0.12305,0.12165,0.12446,142.2,255.812,35.0531,20.6,150.07,29.93
VG1,2018-05-31T01:37:13.217Z,3150.0,0.12305,0.12165,0.12446,142.202,255.812,35.0531,20.602,150.07,29.93
VG1,2018-06-02T03:26:06.298Z,3168.0,0.12446,0.12305,0.12588,142.222,255.813,35.0532,20.622,150.07,29.93
VG1,2018-06-04T15:34:39.796Z,3168.0,0.12446,0.12305,0.12588,142.247,255.814,35.0533,20.647,150.07,29.93
VG1,2018-06-07T00:30:34.970Z,3069.4,0.11683,0.11546,0.1182,142.27,255.815,35.0534,20.67,150.06,29.94
VG1,2018-06-09T03:31:22.911Z,3062.7,0.11632,0.11496,0.11769,142.291,255.815,35.0535,20.691,150.06,29.94
VG1,2018-06-11T17:53:46.840Z,3051.5,0.11547,0.11411,0.11684,142.316,255.816,35.0536,20.716,150.06,29.94
VG1,2018-06-14T00:07:22.778Z,3049.3,0.1153,0.11394,0.11667,142.338,255.817,35.0537,20.738,150.06,29.94
VG1,2018-06-18T17:29:46.613Z,3069.4,0.11683,0.11546,0.1182,142.384,255.819,35.0539,20.784,150.06,29.94
VG1,2018-06-20T23:43:22.425Z,3064.9,0.11649,0.11513,0.11786,142.407,255.82,35.054,20.807,150.06,29.94
VG1,2018-06-23T02:42:34.361Z,3058.2,0.11598,0.11462,0.11735,142.427,255.821,35.0541,20.827,150.06,29.94
VG1,2018-06-25T17:04:58.283Z,3047.0,0.11513,0.11377,0.11649,142.453,255.822,35.0542,20.853,150.06,29.94
VG1,2018-06-27T23:18:34.215Z,3040.3,0.11463,0.11328,0.11599,142.475,255.823,35.0543,20.875,150.06,29.94
VG1,2018-06-30T02:18:34.151Z,3076.1,0.11734,0.11597,0.11872,142.495,255.823,35.0544,20.895,150.06,29.94
VG1,2018-07-02T16:41:46.073Z,3073.9,0.11717,0.1158,0.11855,142.521,255.824,35.0545,20.921,150.06,29.94
VG1,2018-07-07T01:54:33.941Z,3049.3,0.1153,0.11394,0.11667,142.564,255.826,35.0547,20.964,150.06,29.94
VG1,2018-07-09T16:16:57.863Z,3064.9,0.11649,0.11513,0.11786,142.589,255.827,35.0548,20.989,150.06,29.94
VG1,2018-07-11T22:30:33.795Z,3049.3,0.1153,0.11394,0.11667,142.611,255.828,35.0549,21.011,150.05,29.95
VG1,2018-07-14T01:30:33.731Z,3053.7,0.11564,0.11428,0.11701,142.632,255.829,35.055,21.032,150.05,29.95
VG1,2018-07-16T15:53:45.652Z,3040.3,0.11463,0.11328,0.11599,142.657,255.83,35.0551,21.057,150.05,29.95
VG1,2018-07-18T22:07:21.584Z,3042.5,0.11479,0.11344,0.11615,142.679,255.831,35.0552,21.079,150.05,29.95
VG1,2018-07-21T01:07:21.520Z,3042.5,0.11479,0.11344,0.11615,142.7,255.831,35.0553,21.1,150.05,29.95
VG1,2018-07-23T15:29:45.442Z,3042.5,0.11479,0.11344,0.11615,142.725,255.832,35.0554,21.125,150.05,29.95
VG1,2018-07-25T21:43:21.374Z,3042.5,0.11479,0.11344,0.11615,142.748,255.833,35.0555,21.148,150.05,29.95
VG1,2018-08-13T14:17:44.812Z,3035.8,0.11429,0.11294,0.11565,142.93,255.84,35.0562,21.33,150.05,29.95
VG1,2018-08-15T20:31:20.744Z,3035.8,0.11429,0.11294,0.11565,142.953,255.841,35.0563,21.353,150.04,29.96
VG1,2018-08-17T23:30:32.680Z,3026.9,0.11361,0.11226,0.11497,142.973,255.842,35.0564,21.373,150.04,29.96
VG1,2018-08-20T13:52:56.601Z,3031.3,0.11395,0.1126,0.11531,142.999,255.843,35.0565,21.399,150.04,29.96
VG1,2018-08-22T20:06:32.533Z,3044.8,0.11496,0.1136,0.11632,143.021,255.844,35.0566,21.421,150.04,29.96
VG1,2018-08-27T13:29:44.391Z,3011.2,0.11244,0.1111,0.11379,143.067,255.846,35.0568,21.467,150.04,29.96
VG1,2018-08-29T19:42:32.323Z,3024.6,0.11345,0.1121,0.1148,143.089,255.847,35.0569,21.489,150.04,29.96
VG1,2018-08-31T22:43:20.259Z,3026.9,0.11361,0.11226,0.11497,143.11,255.847,35.057,21.51,150.04,29.96
VG1,2018-09-03T13:05:44.181Z,3006.7,0.11211,0.11077,0.11346,143.135,255.848,35.0571,21.535,150.04,29.96
VG1,2018-09-05T19:18:32.113Z,3002.2,0.11177,0.11043,0.11311,143.157,255.849,35.0572,21.557,150.04,29.96
VG1,2018-09-07T22:18:32.049Z,3026.9,0.11361,0.11226,0.11497,143.178,255.85,35.0573,21.578,150.04,29.96
VG1,2018-09-11T09:05:43.945Z,3017.9,0.11294,0.1116,0.11429,143.212,255.851,35.0574,21.612,150.04,29.96
VG1,2018-09-13T15:19:19.877Z,3006.7,0.11211,0.11077,0.11346,143.234,255.852,35.0575,21.634,150.04,29.96
VG1,2018-09-15T18:19:19.813Z,3000.0,0.11161,0.11027,0.11295,143.254,255.853,35.0576,21.654,150.04,29.96
VG1,2018-09-18T08:41:43.735Z,3006.7,0.11211,0.11077,0.11346,143.28,255.854,35.0577,21.68,150.03,29.97
VG1,2018-09-20T14:54:31.667Z,3042.5,0.11479,0.11344,0.11615,143.302,255.855,35.0578,21.702,150.03,29.97
VG1,2018-09-22T17:54:31.603Z,3017.9,0.11294,0.1116,0.11429,143.323,255.856,35.0579,21.723,150.03,29.97
VG1,2018-09-25T08:17:43.525Z,3000.0,0.11161,0.11027,0.11295,143.348,255.857,35.058,21.748,150.03,29.97
VG1,2018-09-27T14:30:31.457Z,3011.2,0.11244,0.1111,0.11379,143.37,255.857,35.0581,21.77,150.03,29.97
VG1,2018-09-29T17:30:31.393Z,2979.9,0.11011,0.10878,0.11144,143.391,255.858,35.0582,21.791,150.03,29.97
VG1,2018-10-02T07:53:43.315Z,2982.1,0.11028,0.10895,0.11162,143.416,255.859,35.0583,21.816,150.03,29.97
VG1,2018-10-04T14:06:31.247Z,2982.1,0.11028,0.10895,0.11162,143.438,255.86,35.0584,21.838,150.03,29.97
VG1,2018-10-06T17:06:31.183Z,2973.1,0.10962,0.1083,0.11095,143.459,255.861,35.0585,21.859,150.03,29.97
VG1,2018-10-09T07:29:43.104Z,2988.8,0.11078,0.10945,0.11212,143.484,255.862,35.0586,21.884,150.03,29.97
VG1,2018-10-11T13:43:19.036Z,2988.8,0.11078,0.10945,0.11212,143.507,255.863,35.0587,21.907,150.03,29.97
VG1,2018-10-13T16:43:18.972Z,2984.3,0.11044,0.10911,0.11178,143.528,255.863,35.0588,21.928,150.03,29.97
VG1,2018-10-16T07:05:42.894Z,2982.1,0.11028,0.10895,0.11162,143.553,255.864,35.0589,21.953,150.03,29.97
VG1,2018-10-18T13:18:30.826Z,2961.9,0.10879,0.10747,0.11012,143.575,255.865,35.059,21.975,150.03,29.97
VG1,2018-10-20T16:18:30.762Z,2968.7,0.10929,0.10797,0.11062,143.596,255.866,35.059,21.996,150.03,29.97
VG1,2018-12-01T13:55:17.223Z,3006.7,0.11211,0.11077,0.11346,144.005,255.882,35.0608,22.405,150.01,29.99
VG1,2018-12-04T04:16:53.135Z,3013.4,0.11261,0.11127,0.11396,144.03,255.883,35.0609,22.43,150.01,29.99
VG1,2018-12-06T10:31:17.059Z,2997.8,0.11144,0.11011,0.11278,144.053,255.884,35.061,22.453,150.01,29.99
VG1,2018-12-08T13:30:28.987Z,2988.8,0.11078,0.10945,0.11212,144.074,255.884,35.061,22.474,150.01,29.99
VG1,2018-12-11T03:53:40.899Z,2986.6,0.11061,0.10928,0.11195,144.099,255.885,35.0611,22.499,150.01,29.99
VG1,2018-12-13T10:06:28.823Z,2995.5,0.11127,0.10994,0.11261,144.121,255.886,35.0612,22.521,150.01,29.99
VG1,2018-12-15T13:07:16.751Z,2991.0,0.11094,0.10961,0.11228,144.142,255.887,35.0613,22.542,150.01,29.99
VG1,2018-12-18T03:28:52.663Z,2975.4,0.10978,0.10846,0.11111,144.167,255.888,35.0614,22.567,150.01,29.99
VG1,2018-12-20T09:42:28.587Z,2995.5,0.11127,0.10994,0.11261,144.189,255.889,35.0615,22.589,150.01,29.99
VG1,2018-12-22T12:42:28.515Z,2995.5,0.11127,0.10994,0.11261,144.21,255.89,35.0616,22.61,150.01,29.99
VG1,2018-12-25T03:05:40.474Z,2995.5,0.11127,0.10994,0.11261,144.235,255.891,35.0617,22.635,150.01,29.99
VG1,2018-12-29T12:19:16.327Z,2979.9,0.11011,0.10878,0.11144,144.278,255.892,35.0619,22.678,150.01,29.99
VG1,2019-01-03T08:55:16.163Z,2988.8,0.11078,0.10945,0.11212,144.326,255.894,35.0621,22.726,150.00,30.00
VG1,2019-01-05T11:55:16.092Z,2986.6,0.11061,0.10928,0.11195,144.346,255.895,35.0622,22.746,150.00,30.00
VG1,2019-01-10T08:30:27.928Z,2979.9,0.11011,0.10878,0.11144,144.394,255.897,35.0624,22.794,150.00,30.00
VG1,2019-01-17T08:07:15.694Z,2991.0,0.11094,0.10961,0.11228,144.462,255.899,35.0627,22.862,150.00,30.00
VG1,2019-01-19T11:07:15.622Z,2979.9,0.11011,0.10878,0.11144,144.483,255.9,35.0627,22.883,150.00,30.00
VG1,2019-01-22T01:28:51.502Z,2988.8,0.11078,0.10945,0.11212,144.508,255.901,35.0629,22.908,150.00,30.00
VG1,2019-01-24T07:42:27.437Z,2977.6,0.10995,0.10862,0.11128,144.53,255.902,35.0629,22.93,150.00,30.00
VG1,2019-01-31T07:18:27.234Z,2977.6,0.10995,0.10862,0.11128,144.598,255.905,35.0632,22.998,150.00,30.00
VG1,2019-02-05T00:40:51.010Z,2995.5,0.11127,0.10994,0.11261,144.645,255.906,35.0634,23.045,149.99,30.01
VG1,2019-02-12T00:17:38.775Z,2986.6,0.11061,0.10928,0.11195,144.713,255.909,35.0637,23.113,149.99,30.01
VG1,2019-02-14T06:31:14.699Z,2993.3,0.11111,0.10978,0.11245,144.735,255.91,35.0638,23.135,149.99,30.01
VG1,2019-02-16T09:30:26.628Z,2988.8,0.11078,0.10945,0.11212,144.756,255.911,35.0639,23.156,149.99,30.01
VG1,2019-02-18T23:52:50.541Z,2986.6,0.11061,0.10928,0.11195,144.781,255.911,35.064,23.181,149.99,30.01
VG1,2019-02-21T06:07:14.465Z,2975.4,0.10978,0.10846,0.11111,144.803,255.912,35.0641,23.203,149.99,30.01
VG1,2019-02-23T09:07:14.394Z,2975.4,0.10978,0.10846,0.11111,144.824,255.913,35.0642,23.224,149.99,30.01
VG1,2019-02-25T23:29:38.307Z,2973.1,0.10962,0.1083,0.11095,144.849,255.914,35.0643,23.249,149.99,30.01
VG1,2019-02-28T05:42:26.231Z,2988.8,0.11078,0.10945,0.11212,144.872,255.915,35.0644,23.272,149.99,30.01
VG1,2019-03-02T08:42:26.160Z,2984.3,0.11044,0.10911,0.11178,144.892,255.916,35.0644,23.292,149.99,30.01
VG1,2019-03-04T23:05:38.073Z,2979.9,0.11011,0.10878,0.11144,144.918,255.917,35.0645,23.318,149.99,30.01
VG1,2019-03-07T05:19:13.997Z,2984.3,0.11044,0.10911,0.11178,144.94,255.917,35.0646,23.34,149.99,30.01
VG1,2019-03-09T08:18:25.876Z,2982.1,0.11028,0.10895,0.11162,144.96,255.918,35.0647,23.36,149.99,30.01
VG1,2019-03-11T22:40:49.784Z,2977.6,0.10995,0.10862,0.11128,144.986,255.919,35.0648,23.386,149.99,30.01
VG1,2019-03-14T04:55:13.705Z,2977.6,0.10995,0.10862,0.11128,145.008,255.92,35.0649,23.408,149.98,30.02
VG1,2019-03-16T07:55:13.630Z,2986.6,0.11061,0.10928,0.11195,145.029,255.921,35.065,23.429,149.98,30.02
VG1,2019-03-18T22:17:37.539Z,2977.6,0.10995,0.10862,0.11128,145.054,255.922,35.0651,23.454,149.98,30.02
VG1,2019-03-21T04:31:13.460Z,2977.6,0.10995,0.10862,0.11128,145.076,255.923,35.0652,23.476,149.98,30.02
VG1,2019-03-23T07:31:13.385Z,2966.4,0.10912,0.1078,0.11045,145.097,255.923,35.0653,23.497,149.98,30.02
VG1,2019-03-25T21:52:49.294Z,2975.4,0.10978,0.10846,0.11111,145.122,255.924,35.0654,23.522,149.98,30.02
VG1,2019-03-28T04:06:25.215Z,3004.5,0.11194,0.1106,0.11329,145.144,255.925,35.0655,23.544,149.98,30.02
VG1,2019-03-30T07:07:13.140Z,2955.2,0.1083,0.10698,0.10962,145.165,255.926,35.0656,23.565,149.98,30.02
VG1,2019-04-01T21:29:37.049Z,2977.6,0.10995,0.10862,0.11128,145.19,255.927,35.0657,23.59,149.98,30.02
VG1,2019-04-04T03:43:12.970Z,2970.9,0.10945,0.10813,0.11078,145.213,255.928,35.0658,23.613,149.98,30.02
VG1,2019-04-06T06:43:12.895Z,2964.2,0.10896,0.10764,0.11029,145.233,255.929,35.0659,23.633,149.98,30.02
VG1,2019-04-08T21:04:48.804Z,2991.0,0.11094,0.10961,0.11228,145.259,255.93,35.066,23.659,149.98,30.02
VG1,2019-04-11T03:18:24.695Z,2968.7,0.10929,0.10797,0.11062,145.281,255.93,35.0661,23.681,149.98,30.02
VG1,2019-04-13T06:18:24.619Z,2975.4,0.10978,0.10846,0.11111,145.301,255.931,35.0661,23.701,149.98,30.02
VG1,2019-04-15T20:41:36.526Z,2970.9,0.10945,0.10813,0.11078,145.327,255.932,35.0662,23.727,149.98,30.02
VG1,2019-04-20T05:54:24.368Z,2959.7,0.10863,0.10731,0.10996,145.37,255.934,35.0664,23.77,149.97,30.03
VG1,2019-06-01T03:32:46.628Z,3078.0,0.11749,0.11612,0.11887,145.779,255.949,35.0681,24.179,149.96,30.04
VG1,2019-06-03T17:53:34.722Z,2973.1,0.10962,0.1083,0.11095,145.805,255.95,35.0682,24.205,149.96,30.04
VG1,2019-06-08T03:06:22.560Z,3004.5,0.11194,0.1106,0.11329,145.847,255.952,35.0684,24.247,149.96,30.04
VG1,2019-06-12T23:42:22.380Z,3006.7,0.11211,0.11077,0.11346,145.895,255.953,35.0686,24.295,149.96,30.04
VG1,2019-06-15T02:42:22.302Z,2979.9,0.11011,0.10878,0.11144,145.916,255.954,35.0687,24.316,149.96,30.04
VG1,2019-06-22T02:19:10.044Z,2973.1,0.10962,0.1083,0.11095,145.984,255.957,35.0689,24.384,149.96,30.04
VG1,2019-06-26T22:55:09.864Z,2986.6,0.11061,0.10928,0.11195,146.031,255.959,35.0691,24.431,149.95,30.05
VG1,2019-06-29T01:55:09.785Z,2993.3,0.11111,0.10978,0.11245,146.052,255.959,35.0692,24.452,149.95,30.05
VG1,2019-07-03T22:30:21.606Z,2988.8,0.11078,0.10945,0.11212,146.1,255.961,35.0694,24.5,149.95,30.05
VG1,2019-07-17T21:43:09.089Z,2986.6,0.11061,0.10928,0.11195,146.236,255.966,35.07,24.636,149.95,30.05
VG1,2019-07-20T00:43:09.011Z,2977.6,0.10995,0.10862,0.11128,146.257,255.967,35.0701,24.657,149.95,30.05
VG1,2019-07-22T15:05:32.915Z,2977.6,0.10995,0.10862,0.11128,146.282,255.968,35.0702,24.682,149.95,30.05
VG1,2019-07-24T21:19:08.831Z,2988.8,0.11078,0.10945,0.11212,146.304,255.969,35.0703,24.704,149.95,30.05
VG1,2019-07-27T00:19:08.753Z,2975.4,0.10978,0.10846,0.11111,146.325,255.969,35.0703,24.725,149.95,30.05
VG1,2019-07-29T14:41:32.656Z,2984.3,0.11044,0.10911,0.11178,146.35,255.97,35.0704,24.75,149.95,30.05
VG1,2019-08-02T23:55:08.494Z,2982.1,0.11028,0.10895,0.11162,146.393,255.972,35.0706,24.793,149.94,30.06
VG1,2019-08-05T14:16:44.398Z,2970.9,0.10945,0.10813,0.11078,146.418,255.973,35.0707,24.818,149.94,30.06
VG1,2019-08-14T20:07:08.056Z,2982.1,0.11028,0.10895,0.11162,146.509,255.976,35.0711,24.909,149.94,30.06
VG1,2019-08-16T23:06:19.978Z,2973.1,0.10962,0.1083,0.11095,146.529,255.977,35.0712,24.929,149.94,30.06
VG1,2019-08-19T13:28:43.882Z,3011.2,0.11244,0.1111,0.11379,146.555,255.978,35.0713,24.955,149.94,30.06
VG1,2019-08-21T19:42:19.798Z,2955.2,0.1083,0.10698,0.10962,146.577,255.979,35.0714,24.977,149.94,30.06
VG1,2019-08-23T22:43:07.720Z,2959.7,0.10863,0.10731,0.10996,146.598,255.98,35.0714,24.998,149.94,30.06
VG1,2019-08-26T13:05:31.624Z,2988.8,0.11078,0.10945,0.11212,146.623,255.981,35.0716,25.023,149.94,30.06
VG1,2019-08-28T19:18:19.540Z,2968.7,0.10929,0.10797,0.11062,146.645,255.981,35.0716,25.045,149.94,30.06
VG1,2019-08-30T22:19:07.461Z,2979.9,0.11011,0.10878,0.11144,146.666,255.982,35.0717,25.066,149.94,30.06
VG1,2019-09-02T12:40:43.365Z,2970.9,0.10945,0.10813,0.11078,146.691,255.983,35.0718,25.091,149.94,30.06
VG1,2019-09-04T18:54:19.282Z,2979.9,0.11011,0.10878,0.11144,146.713,255.984,35.0719,25.113,149.94,30.06
VG1,2019-09-06T21:54:19.203Z,2979.9,0.11011,0.10878,0.11144,146.734,255.985,35.072,25.134,149.93,30.07
VG1,2019-09-12T14:55:06.992Z,2979.9,0.11011,0.10878,0.11144,146.79,255.987,35.0722,25.19,149.93,30.07
VG1,2019-09-17T08:17:30.818Z,2993.3,0.11111,0.10978,0.11245,146.836,255.988,35.0724,25.236,149.93,30.07
VG1,2019-09-19T14:30:18.734Z,2975.4,0.10978,0.10846,0.11111,146.858,255.989,35.0725,25.258,149.93,30.07
VG1,2019-09-21T17:31:06.655Z,2991.0,0.11094,0.10961,0.11228,146.879,255.99,35.0726,25.279,149.93,30.07
VG1,2019-09-26T14:06:18.476Z,2997.8,0.11144,0.11011,0.11278,146.926,255.992,35.0728,25.326,149.93,30.07
VG1,2019-09-28T17:07:06.397Z,2997.8,0.11144,0.11011,0.11278,146.947,255.993,35.0729,25.347,149.93,30.07
VG1,2019-10-01T07:29:30.301Z,2995.5,0.11127,0.10994,0.11261,146.972,255.993,35.073,25.372,149.93,30.07
VG1,2019-10-03T13:42:18.218Z,3006.7,0.11211,0.11077,0.11346,146.994,255.994,35.0731,25.394,149.93,30.07
VG1,2019-10-10T13:18:17.959Z,2997.8,0.11144,0.11011,0.11278,147.062,255.997,35.0733,25.462,149.93,30.07
VG1,2019-11-21T10:55:04.274Z,2995.5,0.11127,0.10994,0.11261,147.472,256.012,35.075,25.872,149.91,30.09
VG1,2019-11-23T13:54:16.194Z,3002.2,0.11177,0.11043,0.11311,147.492,256.013,35.0751,25.892,149.91,30.09
VG1,2019-11-26T04:17:28.096Z,2995.5,0.11127,0.10994,0.11261,147.518,256.013,35.0752,25.918,149.91,30.09
VG1,2019-11-28T10:30:16.011Z,2995.5,0.11127,0.10994,0.11261,147.54,256.014,35.0753,25.94,149.91,30.09
VG1,2019-11-30T13:30:15.931Z,2995.5,0.11127,0.10994,0.11261,147.561,256.015,35.0754,25.961,149.91,30.09
VG1,2019-12-03T03:53:27.832Z,3011.2,0.11244,0.1111,0.11379,147.586,256.016,35.0755,25.986,149.91,30.09
VG1,2019-12-05T10:07:03.747Z,3013.4,0.11261,0.11127,0.11396,147.608,256.017,35.0755,26.008,149.91,30.09
VG1,2019-12-07T13:06:15.667Z,3002.2,0.11177,0.11043,0.11311,147.629,256.018,35.0756,26.029,149.91,30.09
VG1,2019-12-10T03:29:27.569Z,3009.0,0.11227,0.11093,0.11362,147.654,256.018,35.0757,26.054,149.91,30.09
VG1,2019-12-12T09:42:15.483Z,3002.2,0.11177,0.11043,0.11311,147.676,256.019,35.0758,26.076,149.91,30.09
VG1,2019-12-14T12:42:15.403Z,2991.0,0.11094,0.10961,0.11228,147.697,256.02,35.0759,26.097,149.91,30.09
VG1,2019-12-17T03:05:27.305Z,3011.2,0.11244,0.1111,0.11379,147.722,256.021,35.076,26.122,149.91,30.09
VG1,2019-12-19T09:19:03.220Z,3006.7,0.11211,0.11077,0.11346,147.744,256.022,35.0761,26.144,149.91,30.09
VG1,2019-12-21T12:18:15.139Z,3000.0,0.11161,0.11027,0.11295,147.765,256.023,35.0762,26.165,149.91,30.09
VG1,2019-12-24T02:40:39.041Z,3000.0,0.11161,0.11027,0.11295,147.791,256.023,35.0763,26.191,149.91,30.09
VG1,2019-12-26T08:54:14.956Z,3011.2,0.11244,0.1111,0.11379,147.813,256.024,35.0764,26.213,149.90,30.10
VG1,2019-12-31T02:17:26.777Z,3006.7,0.11211,0.11077,0.11346,147.859,256.026,35.0766,26.259,149.90,30.10
VG1,2020-01-02T08:30:14.692Z,3004.5,0.11194,0.1106,0.11329,147.881,256.027,35.0766,26.281,149.90,30.10
VG1,2020-01-04T11:30:14.612Z,3006.7,0.11211,0.11077,0.11346,147.902,256.027,35.0767,26.302,149.90,30.10
VG1,2020-01-07T01:52:38.514Z,2988.8,0.11078,0.10945,0.11212,147.927,256.028,35.0768,26.327,149.90,30.10
VG1,2020-01-09T08:06:14.428Z,3024.6,0.11345,0.1121,0.1148,147.949,256.029,35.0769,26.349,149.90,30.10
VG1,2020-01-11T11:06:14.348Z,3017.9,0.11294,0.1116,0.11429,147.97,256.03,35.077,26.37,149.90,30.10
VG1,2020-01-16T07:43:02.088Z,3006.7,0.11211,0.11077,0.11346,148.017,256.032,35.0772,26.417,149.90,30.10
VG1,2020-01-18T10:43:02.005Z,3006.7,0.11211,0.11077,0.11346,148.038,256.032,35.0773,26.438,149.90,30.10
VG1,2020-01-21T01:05:25.904Z,3029.1,0.11378,0.11243,0.11514,148.063,256.033,35.0774,26.463,149.90,30.10
VG1,2020-01-23T07:18:13.815Z,3006.7,0.11211,0.11077,0.11346,148.085,256.034,35.0775,26.485,149.90,30.10
VG1,2020-01-25T10:18:13.732Z,3029.1,0.11378,0.11243,0.11514,148.106,256.035,35.0775,26.506,149.90,30.10
VG1,2020-01-28T00:41:25.631Z,3022.4,0.11328,0.11193,0.11463,148.132,256.036,35.0776,26.532,149.90,30.10
VG1,2020-01-30T06:55:01.543Z,3022.4,0.11328,0.11193,0.11463,148.154,256.037,35.0777,26.554,149.89,30.11
VG1,2020-02-01T09:55:01.460Z,3009.0,0.11227,0.11093,0.11362,148.174,256.037,35.0778,26.574,149.89,30.11
VG1,2020-02-04T00:17:25.358Z,2984.3,0.11044,0.10911,0.11178,148.2,256.038,35.0779,26.6,149.89,30.11
VG1,2020-02-10T23:52:37.085Z,3011.2,0.11244,0.1111,0.11379,148.268,256.041,35.0782,26.668,149.89,30.11
VG1,2020-02-17T23:28:36.812Z,2991.0,0.11094,0.10961,0.11228,148.336,256.043,35.0785,26.736,149.89,30.11
VG1,2020-02-24T23:05:24.540Z,3011.2,0.11244,0.1111,0.11379,148.404,256.046,35.0787,26.804,149.89,30.11
VG1,2020-03-02T22:40:36.267Z,3002.2,0.11177,0.11043,0.11311,148.473,256.048,35.079,26.873,149.89,30.11
VG1,2020-03-09T22:17:23.994Z,3011.2,0.11244,0.1111,0.11379,148.54,256.051,35.0793,26.94,149.88,30.12
VG1,2020-03-16T21:52:35.721Z,3011.2,0.11244,0.1111,0.11379,148.609,256.053,35.0796,27.009,149.88,30.12
VG1,2020-04-27T19:29:21.944Z,3011.2,0.11244,0.1111,0.11379,149.018,256.068,35.0812,27.418,149.87,30.13
VG1,2020-05-04T19:04:33.667Z,3024.6,0.11345,0.1121,0.1148,149.086,256.07,35.0815,27.486,149.87,30.13
VG1,2020-05-11T18:41:21.389Z,3024.6,0.11345,0.1121,0.1148,149.154,256.073,35.0817,27.554,149.87,30.13
VG1,2020-06-01T17:28:32.442Z,3432.1,0.14607,0.14454,0.14761,149.358,256.08,35.0825,27.758,149.86,30.14
VG1,2020-06-08T17:05:20.158Z,3438.8,0.14664,0.14511,0.14818,149.427,256.082,35.0828,27.827,149.86,30.14
VG1,2020-06-15T16:40:31.874Z,3436.6,0.14645,0.14492,0.14799,149.495,256.085,35.0831,27.895,149.86,30.14
VG1,2020-06-22T16:16:31.590Z,3429.9,0.14588,0.14435,0.14742,149.563,256.087,35.0833,27.963,149.86,30.14
VG1,2020-06-29T15:52:31.306Z,3420.9,0.14512,0.1436,0.14665,149.631,256.09,35.0836,28.031,149.85,30.15
VG1,2020-07-06T15:28:31.022Z,3423.1,0.14531,0.14379,0.14684,149.699,256.092,35.0839,28.099,149.85,30.15
VG1,2020-07-13T15:04:30.590Z,3438.8,0.14664,0.14511,0.14818,149.768,256.095,35.0842,28.168,149.85,30.15
VG1,2020-07-27T14:16:29.971Z,3432.1,0.14607,0.14454,0.14761,149.904,256.099,35.0847,28.304,149.85,30.15
VG1,2020-08-03T13:52:29.661Z,3454.5,0.14798,0.14644,0.14953,149.972,256.102,35.085,28.372,149.85,30.15
VG1,2020-08-10T13:28:29.352Z,3454.5,0.14798,0.14644,0.14953,150.04,256.104,35.0852,28.44,149.84,30.16
VG1,2020-08-17T13:04:29.042Z,3463.4,0.14875,0.14721,0.1503,150.108,256.107,35.0855,28.508,149.84,30.16
VG1,2020-09-15T07:28:27.766Z,3508.2,0.15262,0.15106,0.15419,150.389,256.116,35.0866,28.789,149.83,30.17
VG1,2020-09-22T07:04:27.456Z,3503.7,0.15223,0.15067,0.1538,150.457,256.119,35.0869,28.857,149.83,30.17
VG1,2020-09-29T06:40:27.167Z,3497.0,0.15165,0.15009,0.15322,150.526,256.121,35.0871,28.926,149.83,30.17
VG1,2020-10-06T06:17:14.857Z,3492.5,0.15126,0.1497,0.15282,150.594,256.124,35.0874,28.994,149.83,30.17
VG1,2020-10-13T05:53:14.547Z,3508.2,0.15262,0.15106,0.15419,150.662,256.126,35.0877,29.062,149.83,30.17
VG1,2020-10-20T05:29:14.238Z,3521.6,0.15379,0.15222,0.15537,150.73,256.128,35.0879,29.13,149.83,30.17
VG1,2020-10-27T05:05:13.928Z,3501.5,0.15204,0.15048,0.15361,150.798,256.131,35.0882,29.198,149.82,30.18
VG1,2020-11-03T04:40:25.618Z,3506.0,0.15243,0.15087,0.154,150.866,256.133,35.0885,29.266,149.82,30.18
VG1,2020-11-10T04:17:13.308Z,3512.7,0.15301,0.15145,0.15458,150.934,256.136,35.0887,29.334,149.82,30.18
VG1,2020-11-17T03:52:24.998Z,3508.2,0.15262,0.15106,0.15419,151.003,256.138,35.089,29.403,149.82,30.18
VG1,2020-11-24T03:29:12.688Z,3510.4,0.15282,0.15126,0.15439,151.071,256.14,35.0893,29.471,149.82,30.18
VG1,2020-12-01T03:05:12.378Z,3523.9,0.15399,0.15242,0.15557,151.139,256.143,35.0895,29.539,149.81,30.19
VG1,2020-12-08T02:41:12.068Z,3514.9,0.15321,0.15164,0.15478,151.207,256.145,35.0898,29.607,149.81,30.19
VG1,2020-12-15T02:16:23.758Z,3532.8,0.15477,0.1532,0.15635,151.275,256.147,35.0901,29.675,149.81,30.19
VG1,2021-01-19T00:17:10.089Z,3526.1,0.15418,0.15261,0.15576,151.616,256.159,35.0914,30.016,149.80,30.20
VG1,2021-01-25T23:52:21.771Z,3512.7,0.15301,0.15145,0.15458,151.684,256.162,35.0916,30.084,149.80,30.20
VG1,2021-02-01T23:29:09.452Z,3519.4,0.1536,0.15203,0.15518,151.752,256.164,35.0919,30.152,149.80,30.20
VG1,2021-02-15T22:41:08.815Z,3526.1,0.15418,0.15261,0.15576,151.889,256.169,35.0924,30.289,149.79,30.21
VG1,2021-02-22T22:17:08.497Z,3508.2,0.15262,0.15106,0.15419,151.956,256.171,35.0927,30.356,149.79,30.21
VG1,2021-03-01T21:53:08.178Z,3506.0,0.15243,0.15087,0.154,152.025,256.173,35.093,30.425,149.79,30.21
VG1,2021-03-08T21:28:19.805Z,3508.2,0.15262,0.15106,0.15419,152.093,256.176,35.0932,30.493,149.79,30.21
VG1,2021-03-15T21:05:07.474Z,3512.7,0.15301,0.15145,0.15458,152.161,256.178,35.0935,30.561,149.79,30.21
VG1,2021-03-22T20:41:07.143Z,3503.7,0.15223,0.15067,0.1538,152.229,256.18,35.0937,30.629,149.79,30.21
VG1,2021-03-29T20:16:18.812Z,3508.2,0.15262,0.15106,0.15419,152.297,256.183,35.094,30.697,149.78,30.22
VG1,2021-04-29T00:53:53.376Z,3501.5,0.15204,0.15048,0.15361,152.592,256.193,35.0951,30.992,149.78,30.22
VG1,2021-05-01T03:53:53.275Z,3526.1,0.15418,0.15261,0.15576,152.613,256.193,35.0952,31.013,149.78,30.22
VG1,2021-05-06T00:30:41.045Z,3514.9,0.15321,0.15164,0.15478,152.66,256.195,35.0954,31.06,149.77,30.23
VG1,2021-05-08T03:30:40.944Z,3503.7,0.15223,0.15067,0.1538,152.681,256.196,35.0955,31.081,149.77,30.23
VG1,2021-05-13T00:05:52.714Z,3497.0,0.15165,0.15009,0.15322,152.728,256.197,35.0957,31.128,149.77,30.23
VG1,2021-05-15T03:05:52.614Z,3528.4,0.15438,0.15281,0.15596,152.749,256.198,35.0957,31.149,149.77,30.23
VG1,2021-05-19T23:42:40.384Z,3510.4,0.15282,0.15126,0.15439,152.796,256.2,35.0959,31.196,149.77,30.23
VG1,2021-05-22T02:41:52.283Z,3499.3,0.15184,0.15028,0.15341,152.817,256.2,35.096,31.217,149.77,30.23
VG1,2021-05-26T23:17:52.036Z,3497.0,0.15165,0.15009,0.15322,152.864,256.202,35.0962,31.264,149.77,30.23
VG1,2021-05-29T02:18:39.945Z,3510.4,0.15282,0.15126,0.15439,152.885,256.203,35.0963,31.285,149.77,30.23
VG1,2021-06-02T22:54:39.735Z,3476.9,0.14991,0.14836,0.15147,152.932,256.204,35.0964,31.332,149.77,30.23
VG1,2021-06-05T01:54:39.643Z,3514.9,0.15321,0.15164,0.15478,152.953,256.205,35.0965,31.353,149.77,30.23
VG1,2021-06-09T22:30:39.433Z,3501.5,0.15204,0.15048,0.15361,153.001,256.207,35.0967,31.401,149.76,30.24
VG1,2021-06-12T01:30:39.342Z,3526.1,0.15418,0.15261,0.15576,153.022,256.207,35.0968,31.422,149.76,30.24
VG1,2021-06-16T22:06:39.132Z,3494.8,0.15146,0.1499,0.15302,153.069,256.209,35.097,31.469,149.76,30.24
VG1,2021-06-19T01:06:39.040Z,3492.5,0.15126,0.1497,0.15282,153.089,256.21,35.097,31.489,149.76,30.24
VG1,2021-06-23T21:41:50.830Z,3494.8,0.15146,0.1499,0.15302,153.137,256.211,35.0972,31.537,149.76,30.24
VG1,2021-06-30T21:18:38.529Z,3488.1,0.15087,0.14932,0.15243,153.205,256.213,35.0975,31.605,149.76,30.24
VG1,2021-07-09T23:53:50.136Z,3492.5,0.15126,0.1497,0.15282,153.294,256.216,35.0978,31.694,149.76,30.24
VG1,2021-07-14T20:30:37.915Z,3485.8,0.15068,0.14913,0.15224,153.341,256.218,35.098,31.741,149.76,30.24
VG1,2021-07-23T23:06:37.515Z,3503.7,0.15223,0.15067,0.1538,153.43,256.221,35.0983,31.83,149.75,30.25
VG1,2021-07-28T19:41:49.302Z,3490.3,0.15107,0.14952,0.15263,153.478,256.223,35.0985,31.878,149.75,30.25
VG1,2021-07-30T22:41:49.209Z,3492.5,0.15126,0.1497,0.15282,153.498,256.223,35.0986,31.898,149.75,30.25
VG1,2021-08-06T22:18:36.902Z,3467.9,0.14914,0.1476,0.15069,153.566,256.226,35.0988,31.966,149.75,30.25
VG1,2021-08-18T18:30:36.382Z,3470.1,0.14933,0.14778,0.15088,153.682,256.23,35.0993,32.082,149.75,30.25
VG1,2021-08-25T18:06:36.076Z,3474.6,0.14971,0.14816,0.15127,153.75,256.232,35.0995,32.15,149.75,30.25
VG1,2021-08-27T21:06:35.983Z,3461.2,0.14856,0.14702,0.15011,153.771,256.233,35.0996,32.171,149.74,30.26
VG1,2021-09-01T17:42:35.751Z,3461.2,0.14856,0.14702,0.15011,153.818,256.234,35.0998,32.218,149.74,30.26
VG1,2021-09-03T20:42:35.656Z,3472.4,0.14952,0.14797,0.15107,153.839,256.235,35.0999,32.239,149.74,30.26
VG1,2021-09-08T17:18:35.439Z,3454.5,0.14798,0.14644,0.14953,153.886,256.236,35.1001,32.286,149.74,30.26
VG1,2021-09-10T20:17:47.344Z,3461.2,0.14856,0.14702,0.15011,153.907,256.237,35.1001,32.307,149.74,30.26
VG1,2021-09-16T13:17:47.089Z,3443.3,0.14703,0.1455,0.14857,153.962,256.239,35.1003,32.362,149.74,30.26
VG1,2021-09-18T16:17:46.995Z,3443.3,0.14703,0.1455,0.14857,153.983,256.24,35.1004,32.383,149.74,30.26
VG1,2021-09-23T12:54:34.778Z,3456.7,0.14817,0.14663,0.14972,154.031,256.241,35.1006,32.431,149.74,30.26
VG1,2021-09-25T15:54:34.683Z,3429.9,0.14588,0.14435,0.14742,154.051,256.242,35.1007,32.451,149.74,30.26
VG1,2021-09-30T12:30:34.466Z,3434.3,0.14626,0.14473,0.1478,154.099,256.243,35.1009,32.499,149.74,30.26
VG1,2021-10-02T15:29:46.371Z,3429.9,0.14588,0.14435,0.14742,154.119,256.244,35.1009,32.519,149.74,30.26
VG1,2021-10-07T12:05:46.155Z,3427.6,0.14569,0.14416,0.14722,154.167,256.246,35.1011,32.567,149.73,30.27
VG1,2021-10-09T15:05:46.060Z,3438.8,0.14664,0.14511,0.14818,154.188,256.246,35.1012,32.588,149.73,30.27
VG1,2021-10-14T11:42:33.843Z,3454.5,0.14798,0.14644,0.14953,154.235,256.248,35.1014,32.635,149.73,30.27
VG1,2021-10-16T14:42:33.748Z,3443.3,0.14703,0.1455,0.14857,154.256,256.249,35.1014,32.656,149.73,30.27
VG1,2021-10-21T11:18:33.531Z,3436.6,0.14645,0.14492,0.14799,154.303,256.25,35.1016,32.703,149.73,30.27
VG1,2021-10-23T14:18:33.437Z,3441.0,0.14683,0.1453,0.14837,154.324,256.251,35.1017,32.724,149.73,30.27
VG1,2021-10-28T10:54:33.220Z,3441.0,0.14683,0.1453,0.14837,154.371,256.253,35.1019,32.771,149.73,30.27
VG1,2021-10-30T13:54:33.125Z,3434.3,0.14626,0.14473,0.1478,154.392,256.253,35.102,32.792,149.73,30.27
VG1,2021-11-18T09:42:32.285Z,3434.3,0.14626,0.14473,0.1478,154.576,256.259,35.1026,32.976,149.72,30.28
VG1,2021-11-20T12:41:44.147Z,3432.1,0.14607,0.14454,0.14761,154.596,256.26,35.1027,32.996,149.72,30.28
VG1,2021-11-25T09:18:31.932Z,3429.9,0.14588,0.14435,0.14742,154.644,256.262,35.1029,33.044,149.72,30.28
VG1,2021-11-27T12:18:31.839Z,3438.8,0.14664,0.14511,0.14818,154.664,256.262,35.103,33.064,149.72,30.28
VG1,2021-12-02T08:54:31.625Z,3427.6,0.14569,0.14416,0.14722,154.712,256.264,35.1031,33.112,149.72,30.28
VG1,2021-12-04T11:53:43.531Z,3438.8,0.14664,0.14511,0.14818,154.733,256.265,35.1032,33.133,149.72,30.28
VG1,2021-12-09T08:30:31.317Z,3432.1,0.14607,0.14454,0.14761,154.78,256.266,35.1034,33.18,149.72,30.28
VG1,2021-12-11T11:30:31.223Z,3432.1,0.14607,0.14454,0.14761,154.801,256.267,35.1035,33.201,149.72,30.28
VG1,2021-12-16T08:06:31.009Z,3441.0,0.14683,0.1453,0.14837,154.848,256.268,35.1037,33.248,149.72,30.28
VG1,2021-12-18T11:06:30.915Z,3441.0,0.14683,0.1453,0.14837,154.869,256.269,35.1037,33.269,149.72,30.28
VG1,2021-12-23T07:42:30.701Z,3436.6,0.14645,0.14492,0.14799,154.916,256.271,35.1039,33.316,149.72,30.28
VG1,2021-12-25T10:42:30.608Z,3434.3,0.14626,0.14473,0.1478,154.937,256.271,35.104,33.337,149.72,30.28
VG1,2021-12-30T07:18:30.393Z,3427.6,0.14569,0.14416,0.14722,154.984,256.273,35.1042,33.384,149.71,30.29
VG1,2022-01-01T10:18:30.300Z,3441.0,0.14683,0.1453,0.14837,155.005,256.273,35.1042,33.405,149.71,30.29
VG1,2022-01-06T06:53:42.086Z,3434.3,0.14626,0.14473,0.1478,155.052,256.275,35.1044,33.452,149.71,30.29
VG1,2022-01-08T09:53:41.992Z,3438.8,0.14664,0.14511,0.14818,155.073,256.276,35.1045,33.473,149.71,30.29
VG1,2022-01-13T06:30:29.778Z,3441.0,0.14683,0.1453,0.14837,155.121,256.277,35.1047,33.521,149.71,30.29
VG1,2022-01-15T09:30:29.684Z,3436.6,0.14645,0.14492,0.14799,155.141,256.278,35.1047,33.541,149.71,30.29
VG1,2022-01-20T06:06:29.470Z,3441.0,0.14683,0.1453,0.14837,155.189,256.28,35.1049,33.589,149.71,30.29
VG1,2022-01-22T09:06:29.376Z,3452.2,0.14779,0.14625,0.14934,155.209,256.28,35.105,33.609,149.71,30.29
VG1,2022-01-27T05:42:29.162Z,3445.5,0.14722,0.14569,0.14876,155.257,256.282,35.1052,33.657,149.71,30.29
VG1,2022-01-29T08:41:41.068Z,3441.0,0.14683,0.1453,0.14837,155.278,256.282,35.1052,33.678,149.71,30.29
VG1,2022-02-03T05:18:28.854Z,3434.3,0.14626,0.14473,0.1478,155.325,256.284,35.1054,33.725,149.71,30.29
VG1,2022-02-05T08:18:28.761Z,3434.3,0.14626,0.14473,0.1478,155.345,256.285,35.1055,33.745,149.71,30.29
VG1,2022-02-05T08:18:28.761Z,3434.3,0.14626,0.14473,0.1478,155.345,256.285,35.1055,33.745,149.71,30.29
VG1,2022-02-07T22:40:04.646Z,3436.6,0.14645,0.14492,0.14799,155.371,256.285,35.1056,33.771,149.70,30.30
VG1,2022-02-14T22:16:52.338Z,3441.0,0.14683,0.1453,0.14837,155.439,256.288,35.1058,33.839,149.70,30.30
VG1,2022-02-21T21:52:03.795Z,3443.3,0.14703,0.1455,0.14857,155.507,256.29,35.1061,33.907,149.70,30.30
VG1,2022-02-28T21:28:51.463Z,3445.5,0.14722,0.14569,0.14876,155.575,256.292,35.1063,33.975,149.70,30.30
VG1,2022-03-07T21:04:03.132Z,3434.3,0.14626,0.14473,0.1478,155.643,256.294,35.1066,34.043,149.70,30.30
VG1,2022-03-14T20:40:50.800Z,3434.3,0.14626,0.14473,0.1478,155.712,256.297,35.1068,34.112,149.70,30.30
VG1,2022-03-21T20:16:50.469Z,3438.8,0.14664,0.14511,0.14818,155.779,256.299,35.1071,34.179,149.69,30.31
VG1,2022-03-28T19:52:50.137Z,3450.0,0.1476,0.14606,0.14914,155.848,256.301,35.1073,34.248,149.69,30.31
VG1,2022-04-04T19:28:01.806Z,3443.3,0.14703,0.1455,0.14857,155.916,256.303,35.1076,34.316,149.69,30.31
VG1,2022-04-11T19:04:49.474Z,3443.3,0.14703,0.1455,0.14857,155.984,256.305,35.1078,34.384,149.69,30.31
VG1,2022-04-18T18:40:49.143Z,3441.0,0.14683,0.1453,0.14837,156.052,256.308,35.1081,34.452,149.69,30.31
VG1,2022-04-25T18:16:00.811Z,3441.0,0.14683,0.1453,0.14837,156.12,256.31,35.1083,34.52,149.69,30.31
VG1,2022-05-16T17:04:47.766Z,3429.9,0.14588,0.14435,0.14742,156.324,256.316,35.1091,34.724,149.68,30.32
VG1,2022-05-23T16:40:47.432Z,3429.9,0.14588,0.14435,0.14742,156.393,256.319,35.1093,34.793,149.68,30.32
VG1,2022-05-30T16:15:59.098Z,3441.0,0.14683,0.1453,0.14837,156.46,256.321,35.1096,34.86,149.68,30.32
VG1,2022-06-18T10:42:22.201Z,3436.6,0.14645,0.14492,0.14799,156.644,256.327,35.1102,35.044,149.67,30.33
VG1,2022-06-20T15:04:46.097Z,3436.6,0.14645,0.14492,0.14799,156.665,256.327,35.1103,35.065,149.67,30.33
VG1,2022-06-27T14:39:57.763Z,3441.0,0.14683,0.1453,0.14837,156.733,256.33,35.1106,35.133,149.67,30.33
VG1,2022-07-04T14:16:45.429Z,3438.8,0.14664,0.14511,0.14818,156.801,256.332,35.1108,35.201,149.67,30.33
VG1,2022-07-11T13:52:45.095Z,3429.9,0.14588,0.14435,0.14742,156.869,256.334,35.1111,35.269,149.67,30.33
VG1,2022-07-18T13:28:44.762Z,3423.1,0.14531,0.14379,0.14684,156.937,256.336,35.1113,35.337,149.67,30.33
VG1,2022-07-18T13:28:44.762Z,3423.1,0.14531,0.14379,0.14684,156.937,256.336,35.1113,35.337,149.67,30.33
VG1,2022-07-21T03:57:33.108Z,3432.1,0.14607,0.14454,0.14761,156.963,256.337,35.1114,35.363,149.67,30.33
VG1,2022-08-01T12:39:56.639Z,3418.7,0.14493,0.14341,0.14646,157.074,256.341,35.1118,35.474,149.66,30.34
VG1,2022-08-01T12:39:56.639Z,3418.7,0.14493,0.14341,0.14646,157.074,256.341,35.1118,35.474,149.66,30.34
VG1,2022-08-08T12:16:44.351Z,3414.2,0.14455,0.14303,0.14608,157.141,256.343,35.112,35.541,149.66,30.34
VG1,2022-08-22T11:27:55.775Z,3427.6,0.14569,0.14416,0.14722,157.278,256.347,35.1125,35.678,149.66,30.34
VG1,2022-08-29T11:04:43.487Z,3423.1,0.14531,0.14379,0.14684,157.346,256.349,35.1128,35.746,149.66,30.34
VG1,2022-09-05T10:40:43.199Z,3425.4,0.1455,0.14397,0.14703,157.414,256.351,35.113,35.814,149.65,30.35
VG1,2022-09-13T06:40:42.877Z,3409.7,0.14417,0.14265,0.1457,157.49,256.354,35.1133,35.89,149.65,30.35
VG1,2022-11-15T03:04:40.277Z,3434.3,0.14626,0.14473,0.1478,158.103,256.373,35.1155,36.503,149.64,30.36
VG1,2022-11-22T02:40:40.135Z,3436.6,0.14645,0.14492,0.14799,158.171,256.375,35.1157,36.571,149.64,30.36
VG1,2022-11-29T02:16:39.842Z,3441.0,0.14683,0.1453,0.14837,158.239,256.377,35.116,36.639,149.63,30.37
VG1,2022-12-06T01:52:39.548Z,3441.0,0.14683,0.1453,0.14837,158.307,256.38,35.1162,36.707,149.63,30.37
VG1,2022-12-13T01:28:39.255Z,3443.3,0.14703,0.1455,0.14857,158.375,256.382,35.1164,36.775,149.63,30.37
VG1,2022-12-20T01:04:38.962Z,3447.8,0.14741,0.14587,0.14895,158.444,256.384,35.1167,36.844,149.63,30.37
VG1,2022-12-27T00:40:38.669Z,3443.3,0.14703,0.1455,0.14857,158.512,256.386,35.1169,36.912,149.63,30.37
VG1,2023-01-03T00:16:38.376Z,3441.0,0.14683,0.1453,0.14837,158.58,256.388,35.1172,36.98,149.63,30.37
VG1,2023-01-09T23:52:38.083Z,3427.6,0.14569,0.14416,0.14722,158.648,256.39,35.1174,37.048,149.62,30.38
VG1,2023-01-16T23:28:37.789Z,3450.0,0.1476,0.14606,0.14914,158.716,256.392,35.1176,37.116,149.62,30.38
VG1,2023-01-16T23:28:37.789Z,3445.5,0.14722,0.14569,0.14876,158.716,256.392,35.1176,37.116,149.62,30.38
VG1,2023-01-23T23:04:37.496Z,3438.8,0.14664,0.14511,0.14818,158.784,256.395,35.1179,37.184,149.62,30.38
VG1,2023-01-23T23:04:37.496Z,3438.8,0.14664,0.14511,0.14818,158.784,256.395,35.1179,37.184,149.62,30.38
VG1,2023-01-30T22:40:37.203Z,3434.3,0.14626,0.14473,0.1478,158.852,256.397,35.1181,37.252,149.62,30.38
VG1,2023-02-06T22:16:36.910Z,3438.8,0.14664,0.14511,0.14818,158.92,256.399,35.1183,37.32,149.62,30.38
VG1,2023-02-13T21:52:36.499Z,3434.3,0.14626,0.14473,0.1478,158.988,256.401,35.1186,37.388,149.62,30.38
VG1,2023-02-20T21:28:36.204Z,3427.6,0.14569,0.14416,0.14722,159.056,256.403,35.1188,37.456,149.61,30.39
VG1,2023-02-27T21:04:35.909Z,3436.6,0.14645,0.14492,0.14799,159.124,256.405,35.1191,37.524,149.61,30.39
VG1,2023-03-06T20:40:35.614Z,3429.9,0.14588,0.14435,0.14742,159.193,256.407,35.1193,37.593,149.61,30.39
VG1,2023-03-20T19:52:35.024Z,3438.8,0.14664,0.14511,0.14818,159.329,256.411,35.1198,37.729,149.61,30.39
VG1,2023-03-27T19:28:34.729Z,3418.7,0.14493,0.14341,0.14646,159.397,256.414,35.12,37.797,149.61,30.39
VG1,2023-04-03T19:04:34.461Z,3425.4,0.1455,0.14397,0.14703,159.465,256.416,35.1202,37.865,149.60,30.40
VG1,2023-04-17T18:16:33.828Z,3434.3,0.14626,0.14473,0.1478,159.601,256.42,35.1207,38.001,149.60,30.40
VG1,2023-04-17T18:16:33.828Z,3434.3,0.14626,0.14473,0.1478,159.601,256.42,35.1207,38.001,149.60,30.40
VG1,2023-04-24T17:52:33.511Z,3427.6,0.14569,0.14416,0.14722,159.669,256.422,35.1209,38.069,149.60,30.40
VG1,2023-04-24T17:52:33.511Z,3427.6,0.14569,0.14416,0.14722,159.669,256.422,35.1209,38.069,149.60,30.40
VG1,2023-05-01T17:28:33.194Z,3434.3,0.14626,0.14473,0.1478,159.737,256.424,35.1212,38.137,149.60,30.40
VG1,2023-05-08T17:04:32.877Z,3465.7,0.14894,0.1474,0.15049,159.805,256.426,35.1214,38.205,149.60,30.40
VG1,2023-05-15T16:40:32.560Z,3450.0,0.1476,0.14606,0.14914,159.874,256.428,35.1216,38.274,149.60,30.40
VG1,2023-05-29T15:52:31.927Z,3465.7,0.14894,0.1474,0.15049,160.01,256.432,35.1221,38.41,149.59,30.41
VG1,2023-06-05T15:28:31.610Z,3470.1,0.14933,0.14778,0.15088,160.078,256.434,35.1223,38.478,149.59,30.41
VG1,2023-06-12T15:04:31.293Z,3461.2,0.14856,0.14702,0.15011,160.146,256.437,35.1226,38.546,149.59,30.41
VG1,2023-06-19T14:40:30.976Z,3479.1,0.1501,0.14855,0.15166,160.214,256.439,35.1228,38.614,149.59,30.41
VG1,2023-06-26T14:16:30.660Z,3483.6,0.15049,0.14894,0.15205,160.282,256.441,35.123,38.682,149.59,30.41
VG1,2023-07-03T13:52:30.343Z,3472.4,0.14952,0.14797,0.15107,160.35,256.443,35.1233,38.75,149.58,30.42
VG1,2023-07-10T13:28:29.823Z,3481.3,0.15029,0.14874,0.15185,160.418,256.445,35.1235,38.818,149.58,30.42
VG1,2023-07-17T13:04:29.487Z,3479.1,0.1501,0.14855,0.15166,160.486,256.447,35.1237,38.886,149.58,30.42
VG1,2023-07-24T12:39:41.152Z,3472.4,0.14952,0.14797,0.15107,160.554,256.449,35.124,38.954,149.58,30.42
VG1,2023-07-31T12:16:28.816Z,3472.4,0.14952,0.14797,0.15107,160.622,256.451,35.1242,39.022,149.58,30.42
VG1,2023-08-07T11:52:28.480Z,3452.2,0.14779,0.14625,0.14934,160.691,256.453,35.1244,39.091,149.58,30.42
VG1,2023-08-14T11:28:28.144Z,3454.5,0.14798,0.14644,0.14953,160.758,256.455,35.1247,39.158,149.57,30.43
VG1,2023-08-21T11:03:39.808Z,3441.0,0.14683,0.1453,0.14837,160.827,256.457,35.1249,39.227,149.57,30.43
VG1,2023-08-28T10:40:27.472Z,3438.8,0.14664,0.14511,0.14818,160.895,256.459,35.1251,39.295,149.57,30.43
VG1,2023-09-04T10:15:39.136Z,3452.2,0.14779,0.14625,0.14934,160.963,256.461,35.1253,39.363,149.57,30.43
VG1,2023-09-12T06:16:26.759Z,3454.5,0.14798,0.14644,0.14953,161.039,256.464,35.1256,39.439,149.57,30.43
VG1,2023-09-19T05:52:26.423Z,3454.5,0.14798,0.14644,0.14953,161.107,256.466,35.1258,39.507,149.57,30.43
VG1,2023-09-26T05:28:26.087Z,3436.6,0.14645,0.14492,0.14799,161.175,256.468,35.1261,39.575,149.56,30.44
VG1,2023-10-03T05:04:25.751Z,3423.1,0.14531,0.14379,0.14684,161.243,256.47,35.1263,39.643,149.56,30.44
VG1,2023-10-10T04:40:25.416Z,3418.7,0.14493,0.14341,0.14646,161.312,256.472,35.1265,39.712,149.56,30.44
VG1,2023-10-17T04:16:25.066Z,3452.2,0.14779,0.14625,0.14934,161.38,256.474,35.1267,39.78,149.56,30.44
VG1,2023-10-24T03:52:24.724Z,3429.9,0.14588,0.14435,0.14742,161.448,256.476,35.127,39.848,149.56,30.44
VG1,2023-10-24T03:52:24.744Z,3429.9,0.14588,0.14435,0.14742,161.448,256.476,35.127,39.848,149.56,30.44
VG1,2023-10-31T03:28:24.408Z,3436.6,0.14645,0.14492,0.14799,161.516,256.478,35.1272,39.916,149.56,30.44
VG1,2023-11-07T03:04:24.072Z,3416.4,0.14474,0.14322,0.14627,161.584,256.48,35.1274,39.984,149.56,30.44
VG1,2024-06-22T22:59:12.221Z,3387.3,0.14228,0.14077,0.1438,163.815,256.546,35.1347,42.215,149.50,30.50
VG1,2024-06-22T23:59:12.218Z,3389.6,0.14247,0.14096,0.14399,163.815,256.546,35.1347,42.215,149.50,30.50
VG1,2024-06-25T12:32:00.095Z,3385.1,0.1421,0.14059,0.14362,163.84,256.547,35.1347,42.24,149.50,30.50
VG1,2024-07-13T09:29:38.118Z,3387.3,0.14228,0.14077,0.1438,164.014,256.552,35.1353,42.414,149.50,30.50
VG1,2024-07-17T09:29:37.737Z,3400.7,0.14342,0.14191,0.14494,164.053,256.553,35.1354,42.453,149.50,30.50
VG1,2024-07-20T07:28:49.460Z,3385.1,0.1421,0.14059,0.14362,164.081,256.554,35.1355,42.481,149.50,30.50
VG1,2024-07-29T11:52:48.586Z,3456.7,0.14817,0.14663,0.14972,164.171,256.556,35.1358,42.571,149.50,30.50
VG1,2024-08-05T11:28:47.921Z,3456.7,0.14817,0.14663,0.14972,164.239,256.558,35.136,42.639,149.50,30.50
VG1,2024-08-12T11:04:47.257Z,3467.9,0.14914,0.1476,0.15069,164.307,256.56,35.1362,42.707,149.49,30.51
VG1,2024-10-15T03:52:41.195Z,3479.1,0.1501,0.14855,0.15166,164.928,256.578,35.1381,43.328,149.48,30.52
VG1,2025-03-03T19:51:39.905Z,3463.4,0.14875,0.14721,0.1503,nan,nan,nan,nan,nan,nan
VG1,2025-03-10T19:27:39.240Z,3463.4,0.14875,0.14721,0.1503,nan,nan,nan,nan,nan,nan
VG1,2025-03-17T19:03:38.576Z,3461.2,0.14856,0.14702,0.15011,nan,nan,nan,nan,nan,nan
VG1,2025-03-31T18:15:37.246Z,3459.0,0.14837,0.14683,0.14992,nan,nan,nan,nan,nan,nan
VG1,2025-04-07T17:51:36.582Z,3459.0,0.14837,0.14683,0.14992,nan,nan,nan,nan,nan,nan
VG1,2025-04-14T17:27:35.917Z,3474.6,0.14971,0.14816,0.15127,nan,nan,nan,nan,nan,nan
VG2,2019-02-18T11:22:00.000Z,1780.0,0.039,0.0347,0.0454,119.934,218.355,-32.2837,0.934,129.67,50.33
VG2,2020-06-26T21:16:00.000Z,3110.0,0.087,0.081,0.094,124.227,218.531,-32.663,5.227,129.34,50.66
VG2,2021-05-23T23:26:00.000Z,3110.0,0.12,0.081,0.17,127.102,218.643,-32.9029,8.102,129.12,50.88
VG2,2022-11-10T04:45:00.000Z,3110.0,0.12,0.078,0.183,131.748,218.815,-33.2692,12.748,128.80,51.20
VG2,2025-09-01T13:29:00.000Z,3110.0,0.12,0.082,0.171,140.659,219.111,-33.9037,21.659,128.23,51.77