name,cc,arc_yr,lam,varpi_now,in_cap_now,p_incap_M1K,p_incap_M0K,decisive
2010 GB174,4,5.83,197.9,118.0,0,0.0794,0.0312,False
2013 RC156,4,5.13,345.3,309.0,0,0.8645,0.6919,True
2013 UH15,5,1.96,29.5,99.3,1,0.8721,0.7328,True
2015 DR370,4,11.17,152.8,185.7,0,0.2707,0.1141,True
2015 FX397,9,0.02,181.8,215.2,0,0.1489,0.0586,False
2015 FA400,9,0.02,181.8,208.7,0,0.1489,0.0586,False
2015 FQ561,9,0.03,181.8,141.5,0,0.148,0.0578,False
2015 GT50,4,2.26,197.6,174.9,0,0.0933,0.0384,False
2015 JB13,8,0.17,226.9,271.4,0,0.0341,0.0168,False
2015 KH163,4,2.97,241.4,298.5,0,0.0601,0.0307,False
2015 OC193,4,8.34,299.6,359.2,1,0.5915,0.3613,True
2015 OB203,7,1.0,299.6,21.4,1,0.5822,0.3557,True
2015 RY245,5,1.47,344.8,336.4,0,0.862,0.6847,True
2015 UN105,4,3.06,29.0,1.1,1,0.8724,0.7332,True
2016 GA277,6,1.92,198.4,291.4,0,0.0909,0.0375,False
2016 TP120,5,4.19,14.9,117.4,0,0.8917,0.7612,True
2017 DV177,7,0.19,153.3,200.8,0,0.2682,0.1127,True
2018 AD39,6,2.92,107.4,19.9,1,0.5145,0.2816,True
2018 VM35,5,2.11,45.3,135.7,0,0.8372,0.6774,True
2019 EU5,4,5.03,166.9,218.0,0,0.2064,0.0814,False
2019 EE6,9,0.17,166.9,245.8,0,0.2064,0.0814,False
2020 KW54,8,0.21,242.0,277.1,0,0.0629,0.0321,False
2020 MQ53,9,0.15,271.7,316.5,0,0.3029,0.1601,True
2021 DK18,4,4.03,153.3,196.6,0,0.2683,0.1127,True
2021 LP43,4,21.74,257.1,144.4,0,0.1586,0.081,True
2025 LJ2,5,0.3,257.1,345.1,0,0.1432,0.0722,True
2025 LS2,5,0.96,257.1,336.2,0,0.1507,0.0761,True
2025 MC349,8,0.05,271.4,272.2,0,0.3003,0.1591,True
2025 MB352,7,0.1,271.4,316.8,0,0.2999,0.1583,True
2025 MC395,9,0.06,271.4,270.1,0,0.3003,0.1591,True
2025 MB396,8,0.16,271.4,357.0,1,0.2774,0.1443,True
2025 NM191,7,0.19,285.7,331.3,0,0.456,0.2567,True
2025 NT192,8,0.12,285.7,274.7,0,0.4585,0.2603,True
2025 NJ497,9,0.05,285.7,346.9,0,0.4485,0.2503,True
2025 VF39,9,0.02,45.5,36.4,1,0.8229,0.6555,True
2026 EX122,9,0.07,167.0,187.5,0,0.2056,0.0811,False
2026 ES123,9,0.05,167.0,145.9,0,0.2053,0.0806,False
2026 EA124,7,0.09,167.0,114.0,0,0.1917,0.0725,False
2026 EO125,9,0.04,167.0,138.0,0,0.2044,0.0799,False
2026 EY127,9,0.04,167.0,207.8,0,0.2056,0.0811,False
2026 EZ127,9,0.05,167.0,209.1,0,0.2056,0.0811,False
2026 FD35,8,0.07,182.0,251.5,0,0.1483,0.0583,False
2026 HO17,6,0.19,212.5,228.6,0,0.0515,0.0228,False
2026 HW17,6,0.23,212.5,272.8,0,0.0515,0.0228,False
2026 HP19,8,0.08,212.5,245.8,0,0.0515,0.0228,False
2025 OY736,8,0.11,300.1,303.3,0,0.6095,0.3807,True
