desig,q,i,theta,denc,drot_8,drot_12,drot_16,drot_20,drot_25,drot_30,drot_35,drot_40,drot_50,drot_60,drot_80,drot_100,h_8,h_12,h_16,h_20,h_25,h_30,h_35,h_40,h_50,h_60,h_80,h_100
C/1890 F1,1.9027,120.564,59.0540698817944,1.80276096563806,0.20785962385722948,0.21274134323593144,0.21398671030096272,0.21491511512788733,0.2141752864309566,0.21467124232471166,0.21508316195260843,0.21556741689804695,0.2163900001708363,0.21683038005585697,0.21692234902076102,0.2168594313602015,12.270126784609356,12.269097115826483,12.268622670377013,12.268281759052257,12.268217587832666,12.268018873025843,12.267850583659616,12.267681610161452,12.267431934969586,12.267282647545155,12.267224189950813,12.267235745271622
C/1898 L1,1.6934,69.95,84.99079512136034,1.0860461514927044,0.14319921380865766,0.14469292363279596,0.1451626061997777,0.14591819560535813,0.14625329460881506,0.14686334490708658,0.1476588035674641,0.14805240040056816,0.14792931220917718,0.14790174166096118,0.1479329035003515,0.14791927263206284,11.593067284907857,11.592847276758315,11.59256346475615,11.592202206453731,11.592063749688336,11.591829170716101,11.591659899151347,11.591557696589454,11.591533404738513,11.591508475655434,11.591447518168259,11.59143749950428
C/1902 R1,0.3975,156.487,40.87592891569073,1.2337003038039864,0.14105456876385483,0.13452390665481534,0.13795054301495327,0.13914056524674404,0.13540176362068784,0.12430653832068267,0.14519068422340634,0.14887508597968988,0.15067553772070003,0.1508895050686214,0.1507945952021943,0.15068711581853148,5.622554364740474,5.62346085304365,5.623120879998983,5.622805880922329,5.623347870062985,5.625541069990495,5.622633429658528,5.621806743706619,5.621327574913,5.621255399919902,5.6212902737325,5.6213374307334085
C/1902 X1,2.7765,43.893,89.9830163249937,2.0236058631347906,0.06182399685493604,0.06245311869523016,0.06694267348961135,0.06975926306213384,0.0721932543738299,0.07351060373477651,0.07412376598393952,0.07450042956736433,0.07497557697388155,0.07525310334147067,0.07554479261284403,0.07574242511032618,14.823949388134409,14.823175318713481,14.823382396121161,14.823644093140452,14.823917381398498,14.824260648777813,14.824468614417526,14.824602636632093,14.824662388999544,14.824751969654837,14.824745314059939,14.824791592333547
C/1912 R1,0.7138,79.847,83.70497101177986,1.4243694417185682,0.13920999880006643,0.12721302431615017,0.1261504251811035,0.12516128085904582,0.12386398887824376,0.12332307370532748,0.12331635873846564,0.12328072117698481,0.12303814393315213,0.12292662652179441,0.12280054410733318,0.1227460771147879,7.5166668048544985,7.517070897722575,7.517564387913901,7.517743870073389,7.517872902027031,7.517947251091854,7.517961508046577,7.517978627416776,7.518035102834224,7.518045519857482,7.518077543098236,7.51809379688866
C/1913 Y1,1.1007,67.987,61.14240259461215,1.529667730996025,0.12549239573993126,0.14621079461267758,0.1506109329007935,0.1491680096744302,0.14851200893385857,0.14833950146490468,0.14883239138350965,0.14902085631639994,0.1491638927510375,0.14932709844226855,0.1493469146725309,0.14935696895002057,9.341243582434748,9.338873922168819,9.338200764502758,9.3382791899285,9.338229150739703,9.3381779533821,9.338031684388914,9.337967418894236,9.337888879199944,9.337820883639726,9.337780129648507,9.337755122397276
C/1914 M1,3.7423,71.079,60.329403075235376,3.0482705712046267,0.258559714492722,0.25805700977670115,0.25479031186921997,0.2528229599468953,0.2511896757081599,0.24926353359498743,0.24786462316121863,0.24706823254900426,0.24635218280242147,0.24600479735725142,0.24575161473524343,0.2456761845158479,17.20033256134005,17.199944599918425,17.19986951898789,17.199883768517463,17.200034460680413,17.20029287965813,17.200505706089565,17.200612545942434,17.200736843258635,17.20081807468241,17.20090282949004,17.200946839249248
C/1916 G1,1.6921,25.606,88.4924507980817,1.0744931274544411,0.0393654792500455,0.039781092678189675,0.03719766279156722,0.034546643669510595,0.03393696158408719,0.03403366510826574,0.03469800545155735,0.034907103257383075,0.03473202597044809,0.034631197271010765,0.034444943345837066,0.03436600512096955,11.554137043752265,11.553667468872948,11.552895565418776,11.552167086911934,11.552109792515099,11.552058032844826,11.552228314589314,11.55223561769186,11.552098756902918,11.552014508476336,11.55192413123875,11.551883859221935
C/1922 U1,2.2566,51.423,111.99622609873275,1.337050635019527,0.0386014218482869,0.044466859199825605,0.047003925398517464,0.04762634933109357,0.04952570490618245,0.04962941098707386,0.04983769113573503,0.04983716117191742,0.05029469132772867,0.050287380673134395,0.05031878343885781,0.05032891967974961,13.375580668595632,13.374407422552762,13.373928718525782,13.373544732923435,13.373353109783743,13.37321734688647,13.373225098250032,13.373188513870312,13.373016525035048,13.372905128164078,13.37281867602093,13.372770042163834
C/1925 F1,4.1782,146.742,62.90459428238504,3.232197482110101,0.10545950979118503,0.11436892606088589,0.11024713196536504,0.10880050962119041,0.11211636340989359,0.11435561002267243,0.11560083710871412,0.11605032243762065,0.11689912956560555,0.11715996731235274,0.11749866988197957,0.1173842158327858,18.17888038292854,18.17893909765443,18.179691639990047,18.180592128370215,18.180934384962782,18.180987384847683,18.180938914301812,18.180966389238595,18.180908177280365,18.180883875238152,18.18083236454323,18.180904011464943
C/1925 G1,1.1054,100.09,88.66705985802855,1.6108387872991836,0.195369585318649,0.1988818236745794,0.1955659652378637,0.19481164349951444,0.19548633466211493,0.19579542796919552,0.1960049597838364,0.19573402141477877,0.19569552228977327,0.1956033133370149,0.19548541096167607,0.19540832993487184,9.355430111598656,9.354755788676023,9.354738006306329,9.354739440408432,9.354612992893472,9.354561935052363,9.35451935570844,9.354563014742503,9.354579405730977,9.354580698082943,9.35459965044376,9.354615482647219
C/1925 W1,1.5653,49.271,102.1658243709238,1.4247627030923538,0.0454924109879359,0.0575569787407581,0.0614500613013785,0.062155401575904656,0.06372175910901443,0.0640853638295492,0.06428002731223091,0.06429686603233407,0.06423354973296456,0.06431787696327503,0.06443670031033438,0.06444431389965459,11.134253959871437,11.133203835154875,11.132777551990031,11.13243372339203,11.131990743597738,11.131768409945558,11.131664553375135,11.131615446365721,11.13155272986437,11.13153259176975,11.131503638878788,11.131513501563372
C/1932 M1,1.6445,78.369,66.882374676358,1.2538442000611514,0.11106465475401735,0.11762988357991469,0.11831516325452095,0.11811316249840202,0.12131915346012574,0.12263475733802737,0.12331069959631247,0.12353767219053369,0.12407314757271366,0.12419215223432087,0.12452532435074554,0.12460571440132877,11.40998423534758,11.409071660399078,11.408682471473291,11.408408387829247,11.407735021437265,11.407394067066695,11.407203642511787,11.407108856630298,11.406935212672957,11.406873453558017,11.406745659411925,11.406704184569886
C/1932 M2,2.3125,125.023,42.38977954777537,1.8378335962645274,0.23358735642112485,0.2141667843516115,0.2154316487665063,0.21530791559164716,0.21378772835943796,0.21373148809267004,0.21328922349433244,0.21267535097125764,0.21237108229664778,0.2119489829708526,0.21184065600612328,0.21206098988378774,13.51296295747359,13.514632453326687,13.514720347635455,13.514629228923031,13.514910084549724,13.514941077405876,13.515032187787547,13.515140347575963,13.515238602823265,13.515336604389397,13.51540581775005,13.515355106842527
C/1935 Q1,4.0342,66.129,95.28520285394622,3.034917201768425,0.18365365494395022,0.18778271414904588,0.19156762578427355,0.19169958868578438,0.19165268825425547,0.1919195578582329,0.19201617759867878,0.19236629894217752,0.1925417653822953,0.19252709369197682,0.19269749992138124,0.19271879793462388,17.869898987741312,17.869252362391194,17.86843091109081,17.868316392650947,17.868211834586862,17.868111263913008,17.868027787764657,17.867948190312198,17.86788688316333,17.867860315487547,17.867794394899505,17.867790391351022
C/1937 C1,1.7354,41.523,35.80665597872519,1.0345299667078658,0.471452050390463,0.46421459702717577,0.46562839333988537,0.4686951753159687,0.4690306413981032,0.46963618309367056,0.46998609349718173,0.47078415721925276,0.47166355575817737,0.4722920554703414,0.47221740580626187,0.4721555897867877,11.679163319721912,11.679744523414621,11.679289599982358,11.678843207038511,11.678757518507407,11.67861972773413,11.678541114925576,11.678361980734648,11.678147583150382,11.677989929684426,11.678016207185111,11.678025107410026
C/1941 K1,0.8786,94.468,70.51140844339899,0.7734344540894913,0.19836862480237402,0.20032248336113875,0.20253364517840816,0.20394241703890875,0.20407378839664134,0.20502247279594432,0.20545798891388245,0.20580762917442189,0.2061062627987118,0.20643421111949184,0.2067056622644023,0.20675151804868816,8.306066350537513,8.30533729523761,8.304829414274824,8.304490531537464,8.304324507840644,8.30408705343541,8.303951995453517,8.303829453149753,8.303688509535831,8.30356511685784,8.303434773488888,8.303395824849806
C/1942 C1,1.4409,79.489,68.21436022312781,1.22542037865929,0.12790102689493177,0.13117442425459463,0.13137801413896347,0.1309600085037201,0.13103004159279966,0.13063548866935715,0.130314139500867,0.1300381826069992,0.12992743444873536,0.12974523197361124,0.12967033577422163,0.12976690034625318,10.686106363728593,10.685828798861067,10.685745354249526,10.685735545960966,10.685773574960981,10.685817891812103,10.685875747606632,10.685917102777008,10.68595322092256,10.685985754216137,10.685981733701261,10.68594187461526
C/1944 K2,2.2256,95.125,36.72036150256955,1.1656891624831727,0.25320037559196584,0.2150273039602388,0.19682531543236725,0.18964686851929746,0.18250112853641928,0.18021472895383026,0.17967805208701274,0.17938272784928214,0.17892776242660247,0.17870932813837337,0.17850075150887096,0.17844862195291442,13.252276940675452,13.255246255707322,13.257658821197056,13.258717466557709,13.259976761759994,13.260542656526756,13.260730952594912,13.260824408931217,13.260971567220949,13.26103085379724,13.261083609650068,13.261105075417253
C/1946 P1,1.1295,57.042,45.20045853187486,1.3547510186988625,0.2078561288714301,0.21700688872388355,0.23164686410325439,0.24213175393285855,0.24677578191379926,0.2463083144577846,0.24589462373606874,0.24567314999447878,0.24506730428066906,0.2448984334662044,0.24492894237872206,0.24506834324282234,9.460825548080749,9.459080101673855,9.457524648062048,9.456051045846527,9.455501607371287,9.455671260777752,9.455747486557774,9.455806301891815,9.45595795079698,9.455989888679298,9.455963642392621,9.455915455620275
C/1946 U1,2.4109,108.115,174.50853041718474,1.6220541495016687,0.026767293799303166,0.027612961174869645,0.03333017614470563,0.03457640064140585,0.035182153679640775,0.035766841203677395,0.036568200725603524,0.03740360993163117,0.038008663016232,0.038254997969063426,0.038429296391213084,0.03855620666065913,13.805433992193171,13.805256485492357,13.805835118349846,13.806336437468353,13.806670440220541,13.807008408427569,13.807203130731633,13.807451988756233,13.80778354357491,13.807917259818097,13.808004520313379,13.808057015730872
C/1947 S1,0.7492,140.602,67.31940572912822,1.1512459541899378,0.1687074567653747,0.15762192428698774,0.14937000042670426,0.15132751483770387,0.15446750577585203,0.15468670461414485,0.15494529057258,0.15486751293292345,0.1542985873524541,0.15362603570665848,0.15353445803399388,0.15377422445099223,7.681647870702557,7.682731393440728,7.684290613160142,7.684714709481364,7.684622465282214,7.684697186934129,7.684687979473985,7.68473266950107,7.684871516119983,7.685058239393132,7.685137319599292,7.685083072125231
C/1947 Y1,1.4914,77.587,46.97442572142732,1.960159069547959,0.23326813615559763,0.2399082715857884,0.2460430810615073,0.24671279454355158,0.24805227320536877,0.2482983466588406,0.2484426042097739,0.24866457948916773,0.24896003623817833,0.24911090736308597,0.2490499349003944,0.2490518242874114,10.873129895661936,10.872014610953602,10.871372846429487,10.871213599767447,10.870958122947645,10.870891565096994,10.870812814647593,10.870735767207346,10.870658134185494,10.870603500493315,10.870596721153944,10.870574205132371
C/1948 E1,2.095,92.926,56.83809362313789,2.160842555961779,0.3192770050989377,0.3191925275885249,0.32815599570135656,0.331991278728424,0.33335958089196377,0.3343070529020073,0.3344855050154217,0.3347078014353248,0.3352522983332996,0.3355690987162725,0.335795436342171,0.33581181182618436,12.889040915576746,12.888550737657244,12.887558941999352,12.886992700141601,12.88671073300297,12.886504180148087,12.886417249543527,12.886333615912555,12.886175083360296,12.886069995244476,12.885974147320779,12.885946376689688
C/1948 T1,3.2605,155.124,139.9665439185552,2.3679787520476925,0.04930200546384703,0.03673312250035347,0.03837431975748536,0.040187342543637684,0.0404200300124703,0.04023214336999337,0.040152411298493985,0.040032736021477194,0.03911218981118699,0.0384295141345288,0.038242569163957345,0.038298794063779965,16.069549982560552,16.066512856278372,16.0664727107162,16.06666409808964,16.066516280429227,16.06617467389009,16.065917792618674,16.065969617236384,16.066090728855606,16.06604463993666,16.065920809162535,16.06592773346551
C/1950 K1,2.5713,144.145,20.888953764693543,1.9926643960139876,0.09731150323657771,0.09572370455402826,0.09670195982442066,0.09784122158786443,0.0985113930308125,0.0986702854947846,0.09890065899133135,0.09911648767294634,0.09984438966703747,0.10041528778409818,0.1006731858236928,0.1005261232433151,14.25698159366624,14.258685550053148,14.259161660315252,14.259318251168338,14.259437317854545,14.259703243713206,14.25985073055618,14.259955204962495,14.259978034817017,14.25990495789086,14.25986883611991,14.25995722418006
C/1954 O2,3.8671,100.343,106.88034583696285,3.159427898040333,0.14575975948569117,0.15654856624430966,0.15747205845603637,0.15519270339522784,0.15429117075759388,0.15420997289466667,0.15395745551179044,0.15372252168507233,0.15343507975921253,0.1530725341173522,0.1529468951678511,0.15292562811590915,17.48219655925584,17.48114824542641,17.480743340804167,17.480982628436934,17.481012660647732,17.481005926484286,17.480996532535144,17.481010637246257,17.48104225628475,17.48110876828537,17.481145810211842,17.481152423736535
C/1954 Y1,4.071,79.681,97.45275691715825,3.275319517107977,0.2515169848384185,0.2287853985812743,0.22122318798664467,0.22010762206490164,0.22016984676941967,0.22204023263981587,0.22572330914120742,0.2285390732100449,0.2307337618137275,0.23133948738433943,0.23125771018452124,0.23125450862264305,17.944560051591772,17.94655947311567,17.947192283960916,17.947026173983666,17.946763659917455,17.946213104640044,17.945473932048536,17.94489807424381,17.94441700927034,17.944270071044468,17.944255852517003,17.944236498193384
C/1955 G1,4.4969,123.952,53.323502483150655,3.2344524157568038,0.008091176456203495,0.03516532913645913,0.031395914040140985,0.03603517877093509,0.03827101701214136,0.03952845524831906,0.039895367005098624,0.04020066002385855,0.04051882612183664,0.04067292574735264,0.040881150903522546,0.041035304478535276,18.85740829067658,18.85682096015673,18.856215614116934,18.85512938665788,18.854630614906455,18.854447827657623,18.854353880374372,18.854236934315335,18.854099368369006,18.853983238689096,18.853885783575706,18.853841726125914
C/1958 R1,1.6287,61.167,100.3062612486421,1.0336516581762298,0.06120655835720078,0.08123747257167623,0.08745471168774663,0.08863433003957907,0.0915112793620779,0.09224128057597177,0.09270157278159369,0.09266622957592145,0.09312141410251376,0.09327763025268994,0.09367237297056553,0.09376779751318784,11.350274844503955,11.34813849018907,11.347288088991313,11.34696434059967,11.346388667035399,11.346189847085878,11.346050448829136,11.346013585363593,11.34584985889315,11.345772047247142,11.345624085661331,11.345579508415632
C/1959 X1,1.2586,19.621,28.665860380595607,0.6823457787585492,0.5476317326764415,0.5958292579931372,0.6034567803993787,0.603888279286451,0.6009218828997873,0.600135818797763,0.6001284585420286,0.6005746417226474,0.6000634461834926,0.6001928050075469,0.6004435834526217,0.6005449284341334,9.915633051023235,9.911838471613986,9.911728436733252,9.912000790557439,9.912634241986762,9.912764982939176,9.912784360238874,9.912701949794144,9.912846709186999,9.912805306819536,9.912741171963436,9.912721916974531
C/1960 M1,4.2588,125.469,59.684210186405636,3.671709371707297,0.21202380129031448,0.2056764585051211,0.205318295477057,0.20651735106690017,0.20800245570245177,0.20746016127517508,0.20740768179483848,0.20791340112517276,0.2078968465906697,0.20819984908289513,0.20823328098618668,0.2082585539252123,18.350995096644226,18.351688296826325,18.35173043163619,18.351742380973903,18.351481387564284,18.3515631208264,18.351593868939894,18.351520661661084,18.351516747433983,18.351461984775124,18.351455791969137,18.35145629013263
C/1973 A1,2.509,138.589,35.31892592262207,2.2828379888587067,0.1493004292912519,0.12956209101096033,0.12269941406745412,0.1186766027526095,0.1190925116332769,0.1204704710223123,0.12077382366787807,0.12072881584552991,0.12086299298208986,0.12059319716212773,0.1204098935227053,0.12051817947361085,14.081419672602241,14.083146359152993,14.084234818368557,14.085066873765317,14.085404698467094,14.085288048628685,14.085296577413118,14.085314774064685,14.085347583387827,14.085425464944436,14.085556990647406,14.08556251451953
C/1977 D1,5.7118,64.552,67.84928890129315,3.5450847735122153,0.22072373914682727,0.268855169323842,0.2736790233570298,0.2717578286809099,0.26964520913155876,0.2677677585834742,0.2672084749115599,0.26697312438053084,0.26664718441063534,0.2664301993578979,0.2663690533243418,0.26626917139699546,21.245336310026453,21.24193480872961,21.24126560429721,21.241407269180513,21.24165841297268,21.241934743032008,21.241955640827584,21.241973475729502,21.24203270827187,21.242069920337013,21.242097398851538,21.24212822014607
C/1978 R3,1.7638,130.653,135.71742713277138,1.4129781430894048,0.25304534345094953,0.2589921541328057,0.25300024861551196,0.24876482620607632,0.24608899963807307,0.2547663057023824,0.26115987460154816,0.2630508208299373,0.2642644543436417,0.264407145134782,0.2643625545713871,0.26425995838550237,11.821157671686102,11.82012463744359,11.820248626318888,11.820588359986074,11.820580704408638,11.818627589005317,11.817322746846987,11.816935850674252,11.816677784457807,11.816631884892761,11.816638436397504,11.816672467654818
C/1986 P1-A,1.1937,147.182,46.57189765947699,0.9777262066520321,0.13752894293687862,0.1430665827839118,0.14826256640647312,0.15077197006966067,0.15235668788138026,0.15260381436467307,0.152937282679691,0.15370222238218692,0.15409604030534815,0.15425512875488484,0.15429853848107114,0.15429143962426087,9.731296949044502,9.731546755977838,9.731403265585024,9.731261351119032,9.731088474391978,9.731101293974877,9.731087009927464,9.730979790922618,9.730912398737713,9.730894974211807,9.730887907880259,9.730871366877864
C/1990 M1,2.6799,132.766,6.406486404929673,2.1823618109343204,0.17183902686952277,0.1545835193867986,0.15101134506728212,0.14739034926571917,0.14470675412424316,0.1455961064589984,0.14548858666738504,0.14486283687118748,0.144649300994199,0.14435662905207525,0.14410392168188976,0.14427072997148443,14.553959749796343,14.555441559773982,14.556009087736356,14.556470501066276,14.557137955847779,14.557090169214312,14.5571449780248,14.55727468762542,14.557396299472,14.55749050439421,14.557621773563396,14.55760406797372
C/1992 A1,3.0079,39.309,67.594209372152,2.6084690386317115,0.46311903055904663,0.5178519184200091,0.5166739776830026,0.5154945625062934,0.5164260009297171,0.5153941557630118,0.5153751760198589,0.5150275133785878,0.5150523366036796,0.5149151171071051,0.5149932025865507,0.5149853296654961,15.423773159551502,15.41919425606448,15.419288993008351,15.419121074944352,15.418869270747486,15.41894294620947,15.418961883562336,15.419026186525263,15.419038741239934,15.419071134366487,15.419046960413393,15.419052851281224
C/2003 A2,11.4227,8.066,73.61034296516097,6.19083283944109,0.008688602557388927,0.054288989591152664,0.04589077469387489,0.034124724209111834,0.032549533467433014,0.030555718937858353,0.028901446983764113,0.028247559583248396,0.02710289288548328,0.026745478524259993,0.02635739302907569,0.026345477769986983,30.045914935702797,30.047636482559597,30.046419750001192,30.04459567399601,30.04434251165536,30.04409797608451,30.043841993985136,30.043753117157628,30.043579329759158,30.043538743755782,30.04348620370575,30.043526620947418
C/2003 WT42,5.1822,31.434,68.4623011085555,3.886970075307058,0.16163729340526098,0.21542414130959697,0.25531033206795734,0.26728510273700373,0.2713675260236342,0.27205491286269445,0.27268708197857067,0.2733797765180954,0.2745170956047051,0.2750085667923659,0.2754263069798165,0.2755942669364115,20.24934168175357,20.244809771535074,20.240901715886288,20.23975205286925,20.239244307796113,20.23917334331417,20.238992522250317,20.23883950724729,20.23861432614416,20.23849857879688,20.23840350835782,20.23837004444056
C/2004 YJ35,1.7829,52.399,87.53746056906654,1.624517855750121,0.16035825740002513,0.1455998750201831,0.13937982437242877,0.13864157407548505,0.13801490259444774,0.1382669314740667,0.13739338476226481,0.1371193881592323,0.13706099373203168,0.1369861858189062,0.13710416924336274,0.13710853942357973,11.855292156736798,11.856025204069287,11.855959981351619,11.855786503931194,11.85579945298155,11.855737151127986,11.855907342429543,11.855926501859196,11.855896934149843,11.8558976501037,11.855851987696223,11.855853896588481
C/2008 FK75,4.5055,61.19,71.32048449994934,4.066224730845715,0.0785331191002458,0.08528700944634764,0.0936444319024566,0.09585694346464405,0.09850752212292631,0.10003981396550106,0.10079307165347488,0.10106202068278919,0.10130261012727904,0.10177646427982523,0.1022315825310534,0.10233802722317004,18.879600240591785,18.87892940078781,18.878054111783896,18.87771487788967,18.877250967247075,18.87695971015583,18.876772224670454,18.876691435087704,18.876553307289782,18.87640319664483,18.87623883914475,18.876183316790417
C/2008 S3,8.0157,162.706,150.2645387267258,3.4491155010801093,0.027137670899201896,0.007067174523792139,0.03202854706200992,0.034249013452656685,0.03313991892476818,0.033952076804327186,0.03440815767326637,0.03366786753694674,0.03348774669902072,0.033217243041816884,0.03329013865126827,0.033329044891107426,25.184478675949407,25.18195615742963,25.184576508640227,25.18472435483528,25.184521975809602,25.18469533637186,25.184844004584047,25.184720310818427,25.18470272055722,25.184637058504418,25.184675718804556,25.184681706618637
C/2009 F4,5.4516,79.343,97.1887891467403,5.204287756309485,0.0696164843628324,0.07365212896802749,0.08369914798101685,0.08576604863334127,0.089386670871919,0.09130075011683139,0.0925142236688485,0.09270936603166875,0.09342905156988097,0.09398000378746584,0.09454918598752643,0.09465623045153632,20.76218999772413,20.762061489414357,20.76111523195265,20.760771717743694,20.760155965757946,20.75979045145789,20.759516543472927,20.75940707175038,20.759151864474337,20.758966337137174,20.75875325693674,20.758688580809952
C/2010 S1,5.9005,125.32,91.59253635068222,3.0489878866044307,0.05447898502713868,0.10051886216714416,0.11020408208928689,0.1073221184898308,0.10761727673773125,0.10865230718786745,0.10951293210661486,0.10983119597318987,0.1109088273228454,0.11128448866239952,0.11173400676477828,0.11170067045732997,21.595535562156385,21.59301392830055,21.592144525829767,21.592491746834938,21.592698959909146,21.59263093081765,21.592536646918635,21.592496935455543,21.59233316098952,21.592253481629747,21.59212770171719,21.592124156271648
C/2010 U3,8.4482,55.48,76.13640709447654,7.64225623693484,0.0009764293081164877,0.017869289134000786,0.01599650689247419,0.01658895615594455,0.014361313116114825,0.013995447649517677,0.012776661568997661,0.011999067735169584,0.011046244410613732,0.010405541731024847,0.00977158746901947,0.009674215739335138,25.840264055039487,25.84066250956723,25.84036661719505,25.84034313044356,25.84007460836332,25.840000359023204,25.83980233164934,25.839615925745527,25.83943910065436,25.839274196798257,25.839122819247624,25.83907803709284
C/2011 F1,1.8219,56.6,62.272014210947354,1.3400047580115841,0.054096010630292055,0.06133190361265283,0.06601727437619585,0.06701028969704421,0.06865957822538923,0.06977915149075897,0.07099965168329404,0.07139751544416488,0.07166092663341882,0.07209602044147956,0.07236590593518413,0.07223883168230023,11.995742842197625,11.996032502033781,11.996661981831178,11.997254311578981,11.9976474433963,11.997921856710487,11.997967410184065,11.99809159616228,11.998247811225081,11.998267197133503,11.998327372763644,11.998397118818051
C/2011 L2,1.9381,104.342,90.37455043861482,1.506364623920099,0.18847024396368756,0.23220835199899373,0.23407031555481392,0.2354116566375963,0.23732898907429917,0.23734683860173597,0.2374734485916964,0.2373895193638841,0.237491848402481,0.23747290413037936,0.23754690608280424,0.23770443670757227,12.38659549665977,12.38265235123944,12.382203403041405,12.381904073478559,12.381519806896822,12.381413318255728,12.381306599882542,12.381267988055349,12.38117906189561,12.381144895373774,12.3810805706318,12.38100613691411
C/2011 L4,0.3014,84.087,149.99828607135487,1.7413568838997282,0.12252691817173163,0.12135653012999377,0.11476302454397636,0.11339488056102677,0.11339453048155422,0.11242762428440183,0.11214983903357999,0.11162471433002055,0.11088065449621477,0.11065337892534421,0.11087588526911533,0.11102687390376474,4.877819368306076,4.8786577994512115,4.87946037293824,4.879838232086582,4.8799121752387595,4.879974047361053,4.8800163637219,4.880073890030593,4.880011287678321,4.879931451553027,4.879870669337828,4.879884937847521
C/2011 R1,2.0833,116.135,66.14664001682877,1.7912913791554432,0.0877327532240264,0.0994531457705811,0.10138279288450598,0.10284848098510734,0.1029450848644654,0.10172792630211491,0.10152300473692635,0.10159123137129296,0.10138291761082201,0.10133112827252445,0.1013708526031861,0.10141697502718522,12.829393661003763,12.829172459956437,12.829221686462162,12.8292443647533,12.829122821854668,12.828925789654381,12.82881056249116,12.828809663494553,12.828774150746245,12.828754225071247,12.828736081924639,12.828704785535756
C/2012 A1,7.5994,120.933,123.39940331118505,2.532848627920247,0.08763772298841802,0.055560057746018944,0.04444447171648569,0.04730443068402093,0.04905304460335988,0.04974280403672701,0.05072145717876084,0.05140341184365875,0.05287720651085076,0.05374785872490084,0.05437452151760248,0.054502773136793956,24.50683597752969,24.505031261380413,24.503954519664,24.50413613148018,24.504217474656734,24.50420990334198,24.504313957234558,24.504385108040424,24.504640086937655,24.50482867178969,24.50498891401317,24.505024705205017
C/2012 B3,3.5359,106.92,38.35984223568562,2.9442987982657636,0.03779272832041903,0.04011993356613505,0.0387140105379043,0.03893303461499466,0.03871175994047103,0.03811753144971715,0.03792728069851592,0.03824626322231449,0.0377204574940019,0.03769781052057069,0.03804333680595407,0.038142431047284514,16.72194481789179,16.721637293708035,16.721616025666524,16.72158647337375,16.72144042819491,16.721392410868518,16.721347766974127,16.721273166080408,16.721308240018836,16.72128191678202,16.721191001150878,16.721168061396718
C/2012 CH17,1.2965,27.725,51.58139647746718,0.5981290050339081,0.06010465309004921,0.07102648350564271,0.07910184987579998,0.08184475001744289,0.08284380988256629,0.08296636559771425,0.08382524376941156,0.08417854327996126,0.0844963596522699,0.08491899401979332,0.08502645129062697,0.08487102034749096,10.125329524849962,10.124332646803019,10.123623609418576,10.123474937889098,10.12343948547786,10.12353455447461,10.123425791212622,10.123430037852877,10.123403480239652,10.123342210802587,10.123396514148865,10.123464163910572
C/2012 F3,3.4509,11.354,53.808060044920715,2.5657632955142473,0.08304189042744353,0.08479316623030445,0.0891791218725954,0.0876544175290846,0.08495210388967639,0.08549786270513772,0.08603266145906785,0.08688501045950625,0.08869577505932061,0.08927063845978964,0.08917798633646984,0.08903744603502402,16.535337798823942,16.53502414994456,16.534452263115725,16.53487053855691,16.53563389479546,16.535681784159685,16.53564758704251,16.535497388255873,16.53518144939258,16.53512849414735,16.535240513202385,16.5352917213092
C/2012 K1,1.0512,142.417,97.89311822545409,1.2866353177691165,0.2039215600653031,0.21304003517135117,0.20396232819938956,0.19721989126051356,0.1989428462694505,0.1983191549078793,0.19737040899199523,0.1959611005548507,0.19544175107462614,0.1956740617245433,0.19583684147719838,0.19581290161515907,9.119775114194063,9.118294334005409,9.118841106836607,9.119893305221495,9.119669497240132,9.119784822836754,9.119989208726558,9.120376813675394,9.12070183448607,9.120710966721097,9.120692695116137,9.120708108953707
C/2012 K8,6.4594,106.102,64.36647912828865,6.221277240515986,0.054053355654181755,0.05162392245536769,0.05549328424221155,0.05919601568933665,0.06323982422768122,0.06477599557690944,0.06563752315802486,0.06658655825153398,0.06709549734180448,0.06725782613935885,0.06746497512074409,0.06779408399778045,22.602013162620878,22.60327514898085,22.602909061575872,22.60246872150504,22.601889741354135,22.60154765993883,22.60133721611514,22.601127911159992,22.60095469493164,22.600882369263047,22.600779960467307,22.600662459862548
C/2012 LP26,6.5436,25.375,84.75016857184762,4.755661138099123,0.03294882643959591,0.03941524002182482,0.06635229513387314,0.07290241467985156,0.0761167815753744,0.0768635576069882,0.07798927274523385,0.07838672159435227,0.07852844565225515,0.07844074719801236,0.07855741629561075,0.07861335220739638,22.730165668285053,22.73668212712287,22.73960039726846,22.74016725999881,22.740432880903306,22.74045333843403,22.740647213411954,22.740707736665883,22.740687804954085,22.740611992682464,22.740604336827026,22.740613735199567
C/2012 S3,2.3105,112.894,86.73090397617665,2.363734911835932,0.033318276534887024,0.016927386918648986,0.01338131978706171,0.012385707640378682,0.011705620435264665,0.011148972243887256,0.01117931683639727,0.011562765477859309,0.011510050090979426,0.011471661174816135,0.011609687615984982,0.01172027893143308,13.510609146046075,13.511945082206694,13.512924611263347,13.513767906463348,13.514283847581726,13.51456245931026,13.514670870980657,13.51483080195976,13.515021195748226,13.515089407676232,13.515181193434078,13.515257591514242
C/2013 B2,3.7329,43.477,76.55486177517058,2.451063779050008,0.22711310311361205,0.22140065835408598,0.22033931845630314,0.21526611350707334,0.21126878023940415,0.2096172532784244,0.20933296739755825,0.20896498706233516,0.2084196026647184,0.20859231047487983,0.2087702358315052,0.20882049964024982,17.167864393602827,17.168143904857224,17.168141645668776,17.168738491476446,17.16924847881674,17.16945498105099,17.169520494836235,17.16962819541962,17.16972260632707,17.16970745316768,17.16969049669139,17.169710607246813
C/2013 E1,7.7795,158.699,43.93907717234663,3.0439211424584514,0.021526748019132038,0.007637823924362038,0.010035608387163558,0.011491945276125196,0.011631289585607477,0.03747494785202157,0.04476402045074216,0.04611932391769437,0.0476658474735844,0.048349809637530515,0.04858921713091531,0.048591192500603037,24.80376384429931,24.80188983453246,24.80194239968451,24.801579233554143,24.802382532967897,24.804312458080208,24.802261300720275,24.801843494288136,24.801749910586643,24.801689871246154,24.80163580030667,24.801667687492714
C/2013 G3,3.8446,64.635,62.410742786980016,3.1549281855186626,0.08222706436840758,0.12366134051628269,0.12680478678866122,0.12976225106440228,0.13314616379970237,0.13479149769954674,0.13604309861660968,0.1365547401487267,0.1373927672068904,0.1377605654978783,0.13798982832645723,0.13799905703031157,17.45253021538931,17.448896043576376,17.448301788010816,17.447619383461017,17.44700782827733,17.446657635213153,17.446402841643124,17.446249390562407,17.44601019273191,17.445889353537233,17.44579415875861,17.445765444255905
C/2013 G8,5.1447,27.588,97.74924610872351,4.331357255229997,0.008101473116869248,0.027032160513296443,0.03420783820193497,0.03513360429601488,0.03555208897811429,0.03460897345126386,0.033819165203790955,0.03401484899762017,0.034349660020754534,0.034154296036406205,0.03346012656930381,0.033268922583543005,20.158795162584326,20.161114051864523,20.16191680902375,20.16202149791006,20.16200974998612,20.16184015413633,20.16173467004527,20.161828112908054,20.161879962863743,20.1618075931543,20.16159503275116,20.161560113088285
C/2013 G9,5.3312,146.231,32.962391846265355,2.8349335313288337,0.1596852859412232,0.16782231863314326,0.17134224955854377,0.17023503095557235,0.16657504577876325,0.16679409106208726,0.16744192224500204,0.16666167216946834,0.165625204396169,0.1659722476348686,0.16628439754091945,0.1662121877771198,20.531276092851005,20.530644564384964,20.53033324956216,20.530356713697984,20.531012183806403,20.531115281858632,20.531076223814384,20.531257316676253,20.53160717623259,20.53162294184135,20.53159469692756,20.531633507402674
C/2013 P3,8.6482,93.875,140.41654112119852,7.397109979051398,0.002571432569094938,0.04884345482225405,0.046943835105285804,0.041789941403341815,0.03677762311991343,0.03398138673078339,0.03240649596875064,0.0312771875982063,0.03014544028100887,0.02939744893336916,0.028700063034480545,0.028255166620864535,26.144674512642702,26.143880379989,26.1445834303988,26.145159156672726,26.145726320629414,26.14609070709029,26.146320912254353,26.146501829941027,26.146680045109193,26.146828732978683,26.146983989096423,26.147129900148943
C/2013 US10,0.82,148.836,25.433753689176267,1.0903704915518586,0.192863506410316,0.19477309361545664,0.19227018746269198,0.2021736417436345,0.2079194102824346,0.20862223753359493,0.20819618258607528,0.2074464782464254,0.20676740455045875,0.2068644308676939,0.20705012103040046,0.20702831934271262,8.054621848596854,8.054300274098011,8.054455614220153,8.053006374155277,8.052300602981841,8.052253046604694,8.052399751756582,8.052628877257884,8.0529494739768,8.053002008084942,8.052987274268135,8.053000586972246
C/2013 V1,1.6553,65.342,99.45081757374095,1.3453773401490445,0.23575175600746875,0.22208467390233022,0.23259193852594898,0.23424811466553475,0.23320570406181787,0.23254838999470467,0.23221188735543755,0.23207505032293627,0.2316189472626176,0.23162998314779268,0.23162544153413767,0.2316878996321096,11.444759435824725,11.451411545581227,11.451019543265144,11.451071150493497,11.450936599662779,11.450921921237857,11.45082322735134,11.450798263486924,11.450827276056774,11.450783007123263,11.45074448691813,11.450722747561072
C/2013 V4,5.1824,67.871,117.76536335216142,4.068501760732753,0.10050273027172123,0.11768343573220372,0.12041134843001224,0.12069326927314962,0.12070630113306326,0.1205103625165008,0.1202035122653959,0.12004524138388907,0.11999722990831599,0.119914132679505,0.11992534151288554,0.11985204188571169,20.242733392510644,20.241346992612694,20.240954077040065,20.240879484050474,20.240848561037144,20.240904188654905,20.240927478249528,20.240932168625676,20.24093765915253,20.240944772790186,20.240944722689942,20.240955216201172
C/2013 V5,0.6055,154.917,109.47505265726919,0.5737219845328434,0.5169079360754242,0.5326495586217925,0.5274503870360613,0.524824146805633,0.5259448532892314,0.5268806441798742,0.5278341996203804,0.5278115091000503,0.5283052025101587,0.5285383896032837,0.5287345395584182,0.5285804124960857,6.980692434422771,6.979340837029076,6.980073720424613,6.980661966519106,6.980619413495013,6.9805296153544205,6.980352207172842,6.980377861825965,6.980296900659045,6.980244719589035,6.980189784302993,6.9802589840771265
C/2014 AA52,1.9991,105.209,125.2742724915365,1.9682943560280606,0.07548487959119896,0.0648271578327764,0.06965425792554698,0.07418625851605927,0.07493222291256203,0.07546821284392509,0.0754720517523919,0.07575893478570828,0.07603018019102323,0.07607692113794741,0.07612971899761888,0.07623500834663839,12.58102427619396,12.581369806060447,12.580829927755982,12.580178457798489,12.579962317182948,12.579800037207907,12.579755547276532,12.579663167374473,12.579537799513915,12.579482277862386,12.579422218682854,12.579370112529576
C/2014 B1,9.5569,28.38,67.66311001755666,7.235834904150444,0.0006101226810480568,0.021258943220733593,0.024830573526796414,0.028197822703728538,0.03244938989577004,0.03398050664481674,0.03481391501955691,0.03502328763013068,0.035968299035842595,0.03636675572675627,0.036859877092212036,0.03684108254777046,27.49164868543269,27.486774851496314,27.485851845591615,27.485487372597785,27.484977461791132,27.48480085633294,27.48474514651795,27.484715459720668,27.484580176970084,27.48452699695397,27.484485374922315,27.48453460551248
C/2014 M1,5.5744,160.18,47.04669642525742,2.03776002166162,0.05512690737561672,0.05996060329661318,0.06564210623252634,0.06949994435629012,0.07168416773423866,0.07142356503918906,0.07158161558664977,0.07192836850130123,0.07198161107699677,0.07199561258764199,0.07206417207397472,0.07236508603724728,20.993234142224804,20.99339078832633,20.99345538791888,20.99294133906728,20.992681635720142,20.992723639646606,20.99286445855777,20.99289290877858,20.992955218660406,20.993014342531815,20.99314999381304,20.993087926542763
C/2014 N3,3.8861,61.609,161.55994161307808,2.9838128129544494,0.028469077457480296,0.027486349569723924,0.028088726300989023,0.030324884623775167,0.03127937559043889,0.032107172671713445,0.032182387064565894,0.032485260794223036,0.03309879050044496,0.03366013960557088,0.03415142401729081,0.03434316553576446,17.51952232265169,17.520314807501258,17.521056584984816,17.5216850840131,17.522296389527817,17.522640904517203,17.522853711614893,17.52298751698441,17.52315100595959,17.523248793321894,17.523398090919315,17.523471361805285
C/2014 OE4,6.236,81.288,59.98848722957193,0.9994266179991413,0.07644804825348835,0.10998025759422178,0.11226822211536394,0.07783466811949301,0.06960654076314811,0.06963737530972113,0.07003967332470015,0.07066798935066629,0.07207999968007238,0.07253707894698071,0.07258581564574759,0.0725388617945529,22.209244029856986,22.208145237345818,22.208061318132252,22.217459420203994,22.218529032021813,22.218283878531373,22.21815167411668,22.21804614357004,22.217766594850367,22.217560142886974,22.217400326887734,22.21736842102188
C/2014 Q6,4.2279,49.773,113.14978841776136,3.0897175410973827,0.02474464179895012,0.04828258426689623,0.061602935365910105,0.06686383784183597,0.07099636548397069,0.07280533023033348,0.07376286736437947,0.07457330325514973,0.07559010257564948,0.07600317044496761,0.07633197114922602,0.07655585001511434,18.275708613582346,18.277882317228134,18.279639083101628,18.28040125892635,18.28099950518107,18.28130581742366,18.281444720897333,18.281621064770214,18.281896286579524,18.281989082809233,18.282003042139543,18.28205000454728
C/2014 UN271,10.9491,95.466,50.429963760151324,9.077142233063928,0.0006896261168689844,0.00972911004576626,0.026744554246624763,0.036391819530293995,0.03954307295683274,0.0383274603818409,0.03692198632295558,0.03633553548762032,0.035734074938169845,0.03533665575560917,0.03500003825745217,0.034834060829806446,29.42273927304943,29.42122354502244,29.41966140679908,29.418727764918785,29.418307922289614,29.418424894394924,29.418605016388206,29.418667819420328,29.4187192159128,29.418758141919103,29.418812974657925,29.418861191509944
C/2014 W10,7.6561,83.327,123.23018435493685,6.613423502823796,0.01577643599051285,0.05814027359951678,0.06035217887960557,0.05837116780075969,0.05757748380516576,0.056492053276621636,0.0562723931338336,0.05617847392623461,0.05620794484710891,0.05625220912777951,0.05625642691524292,0.05617166244302255,24.609942826259818,24.60762010419934,24.607474234274697,24.607700275989224,24.607791918784024,24.607953884766083,24.607955426320075,24.607937815519286,24.607932833437587,24.60790502068611,24.607891900466925,24.607894309904626
C/2014 W3,6.0608,90.211,101.10904302628612,1.8041331940066956,0.03697433961589857,0.024004226616368324,0.025545242394776665,0.026611038147164673,0.02814216562808784,0.028859643087087265,0.03045971267025652,0.03176540885800815,0.031800840521525986,0.031687651135247456,0.031779284933984894,0.031870641787631354,21.900661277389936,21.899023650352646,21.89848785317453,21.898385814330283,21.89863419134457,21.898949772994897,21.899464684185922,21.900048122057168,21.90065856922663,21.900834289324887,21.900960535317864,21.90103356200685
C/2014 W6,3.0797,53.529,51.437364779018836,2.608926225999799,0.294767586384298,0.2908412597234392,0.2956708580898102,0.2957477877193028,0.293063145813752,0.29129423286878764,0.2905064905052949,0.29024365987689893,0.2901241574893612,0.2902581893538295,0.29030105401275674,0.29038669405648004,15.605470445632871,15.605159130143036,15.604633347397971,15.60489320489051,15.605238289516777,15.605410357649749,15.605499217845907,15.605536533961565,15.605543364490945,15.60552450444198,15.605536632563126,15.605535149637685
C/2015 D3,8.1447,128.548,59.10904884858967,2.8690697666433413,0.03552456196854181,0.05045006400635811,0.030002565962435016,0.029809892289393448,0.032221200600709266,0.034249704107649284,0.03678939883471791,0.038905907243698586,0.04047654541690617,0.04101665239479141,0.04144037507374097,0.041688997066208135,25.38403502486645,25.376711708432815,25.374566993105837,25.374366305199672,25.374494583979114,25.37458772624086,25.37487084523164,25.375147538709353,25.375263129078405,25.375315229855957,25.375392546305516,25.375493808730994
C/2015 H2,4.9596,33.743,79.08243666097901,3.9073105347532833,0.15559098171708674,0.1684942193464459,0.18994080143654915,0.1942251664790679,0.19543382260491662,0.1961188459815746,0.1964108640687373,0.19698679783689155,0.19794866288063465,0.19818536479278737,0.19818866368417423,0.1981769341240118,19.81326833241061,19.812350468285942,19.810331662468904,19.810123453223902,19.809980280855868,19.80996989999891,19.809898764635093,19.809798894354365,19.80963981047087,19.80961166726979,19.80964480421666,19.809640581952316
C/2015 K7,9.9414,159.876,40.3000996478495,1.334556217637497,0.0010292980496281218,0.02799639257141543,0.0343418758030884,0.03928731635584587,0.04160138347461581,0.042989708073878884,0.043415963301182164,0.04369201344357788,0.044130347363836794,0.044286088343801905,0.04452114586747841,0.04475045119080434,28.032571836411712,28.030354487618144,28.02999110123512,28.030171521142247,28.029577540334316,28.029441751864166,28.02949400387683,28.02956599949522,28.029641535754795,28.029702263529025,28.02984534028235,28.029789502968715
C/2015 O1,3.721,127.177,39.9271127611764,3.454235568156378,0.14500829766981324,0.15936846736755697,0.16218272464321354,0.16378801403736584,0.16571867097043133,0.1678896839644903,0.16961071017847645,0.17012167017791813,0.17028160221317326,0.1702328205118189,0.1704960311175126,0.17057715013500088,17.162035473348904,17.160837695123398,17.16025369595841,17.15989290846761,17.159415848559785,17.15897133310445,17.158562238586597,17.158398499257856,17.15828257535956,17.15825763655584,17.15815968647304,17.15812244588703
C/2015 R3,4.9033,83.532,105.17804494226048,4.0534752374625125,0.016427132974572673,0.028580803667901337,0.028312991307432034,0.02768042267854029,0.028817337473434936,0.029588111110836698,0.03002029957392172,0.030397128814832662,0.030548799642142497,0.03059554156654616,0.030650220820119756,0.03071657460034686,19.68536418783147,19.68665734509474,19.686366477649067,19.6857325613935,19.68523946692016,19.684896806939264,19.684685484938683,19.684565414765196,19.684376876478247,19.684218894150753,19.684033714476676,19.683959787470805
C/2015 V2,1.6308,49.94,25.591652684303995,1.5729107368086213,0.2782179917240643,0.2673184601634763,0.2607283099878658,0.2570347299172609,0.2562293701016114,0.2556069581793113,0.2553036076196573,0.25499988415624664,0.254888383937167,0.2544459745871536,0.25401911762339047,0.2539240327632197,11.356414828644176,11.357086060934051,11.357761594063927,11.35808137387014,11.358075295172121,11.358190547888583,11.358264226500076,11.358335755537567,11.358416648678425,11.358588429115631,11.358750349465872,11.358787599655155
C/2015 VL62,2.7226,165.631,107.57758183038138,0.9321185784716299,0.41358809521201745,0.3913402433697604,0.3956593058895311,0.39574804343762576,0.39488677081085494,0.3959884966110707,0.39654528576639897,0.39656413147947184,0.3971624524895232,0.3975814658475916,0.39783502570724394,0.39775799490320085,14.647850981555735,14.650733557846877,14.65085928499829,14.651001500322108,14.651390971890246,14.651312894800332,14.651257677805912,14.651304017597006,14.651252182433133,14.65117376830767,14.65110110818603,14.651157529554599
C/2015 X5,6.8046,124.312,101.24369850956455,4.680765551187495,0.010055667041547285,0.04365715891697922,0.0431799569786541,0.045371335484877436,0.04620812990062693,0.04540600744834158,0.04535283017050613,0.04541013959134181,0.0446391817516856,0.04449298144681721,0.04433797334319867,0.04444031488519539,23.196726515152463,23.192389127991824,23.19270507664666,23.192542312634963,23.192390689434596,23.192468596818358,23.192497352138158,23.192494630567772,23.192648352361548,23.19275295456429,23.192856330025812,23.192866424605505
C/2015 X7,3.6838,57.582,82.93405261545539,3.2029428122651353,0.19507653578276998,0.20002682061053625,0.20069922149311664,0.1980560236411545,0.1952122958047566,0.19246034344641574,0.19063548851886986,0.18971391214826522,0.18867384332525572,0.1884710871951694,0.18846955780847452,0.18841429366270404,17.05729725605079,17.05644981096144,17.056141843492238,17.05637508215377,17.05674833780467,17.057209406335925,17.05755163121832,17.0577573770505,17.05798114133787,17.05803912368326,17.058065693110084,17.05811308730194
C/2015 XY1,7.9355,148.842,127.23843383189019,5.4596424615971175,0.01606620999115296,0.009495641065284723,0.021489744631221122,0.02720560695784843,0.028632933575920484,0.02949010223466092,0.029974759307882546,0.030266894543208526,0.030633223991942453,0.031111255028133496,0.031658706621495364,0.03184945622626578,25.04779726748265,25.044525799089335,25.045469228608834,25.04520103569633,25.04481496750663,25.04483449092129,25.044852404953577,25.044779892935956,25.044944042584515,25.045081935657322,25.045238596635272,25.045189529881966
C/2016 A1,5.328,121.194,89.24785465523676,3.7384001437520302,0.06385979805671264,0.08648943119336633,0.08599218034148917,0.08425011593502027,0.08280665558023716,0.08113616603788824,0.080225264278185,0.07929499315816692,0.07802656698108343,0.07767972977120387,0.0774263559892501,0.07733712508943065,20.52435179328093,20.522575137209465,20.522505975466736,20.522555004547556,20.522672008296013,20.522823200271223,20.522977881103788,20.52315991271071,20.523480638274563,20.523632963643994,20.5237384226856,20.523797329185957
C/2016 C1,8.4553,56.199,62.91976698886722,3.988962008553797,0.010987546839192572,0.062429681221931585,0.052482502471668774,0.04827276227593863,0.04751767018599689,0.04695455725213069,0.047542538981306275,0.047958886844434216,0.048088568405953575,0.04827043621158667,0.04837944088624348,0.048525978150068455,25.856802438457066,25.85998189755029,25.85905527787193,25.858459697921667,25.858228289175187,25.857967286696045,25.857999893026346,25.85803137196261,25.85792744774414,25.857923393889763,25.857908474969726,25.85795145718362
C/2016 E1,8.1599,132.068,25.497018976515683,0.64440526043162,0.0019138777434598128,0.24420119433738804,0.25947339497134575,0.25947289966913223,0.256350355026795,0.2578328312461432,0.25770943882301095,0.2565947679633193,0.25611200983176674,0.2566905480532705,0.2571340507265929,0.25705350826175577,25.43239159240156,25.415695956361326,25.414003937120878,25.414174837867378,25.41479806207905,25.414806900419105,25.41484428974519,25.41506278250301,25.41530813705517,25.415258860386878,25.41519981681587,25.41523746590702
C/2017 AB5,9.2197,32.416,87.4071357935318,8.020188588873925,0.00149384626306713,0.0029087909003311157,0.0018792622717340801,0.004834590956868178,0.004556424616586971,0.005046664979779202,0.004656076322663379,0.004674977523484242,0.004421222787384072,0.004306992896253088,0.004147632462268815,0.004157178627008253,26.995831457856568,26.99411261462382,26.993382565571174,26.99368740594521,26.99352972434622,26.993648904409415,26.993530679331748,26.993409540968877,26.99337557102272,26.993249600646042,26.99317490906562,26.99316002019234
C/2017 E3,5.9093,70.679,37.75349087044191,0.8512947986477268,0.5363601522525066,0.5246010377177894,0.5251251415718257,0.5233755713327956,0.523824247677906,0.524042412826273,0.5245495995518688,0.5249073092988694,0.5254487000963195,0.5256593661055617,0.5258486344584017,0.525917098352396,21.63798213673404,21.637576388454423,21.637514300536218,21.63713669885936,21.637040822495518,21.636939807544323,21.63699529679261,21.637019073440044,21.63708392618615,21.637126075906732,21.637179929296778,21.637204316542483
C/2017 F1,4.5089,146.595,104.76118052757455,1.4348413044831179,0.10329702147608497,0.11064900250108259,0.12136882152793367,0.11558923717579579,0.1147933851376025,0.11473959358906607,0.1146879437473274,0.11454157530974832,0.11510437495119973,0.11550060352153999,0.11573853579363008,0.1156275041060234,18.8781753615711,18.87933548560249,18.88048373874222,18.8792781051216,18.878834254315244,18.878720517202083,18.878685925065355,18.87862894598409,18.878705779347904,18.878763011856172,18.87876962604989,18.878713701906843
C/2017 F2,6.9245,42.522,33.385980803820686,4.4562178842641975,0.033702457329951856,0.06412484731236584,0.06599454685144751,0.06924118879179372,0.0716912002055547,0.07413562592337755,0.07520233280585013,0.07533384382359425,0.07610543173297604,0.07647656159479582,0.07686588505041184,0.07697362164472639,23.40504595967575,23.40354946726018,23.403394609057074,23.40297343110257,23.402596615006683,23.402237899070894,23.402126261866506,23.402120317552136,23.401963803005167,23.401920978291518,23.401854511754287,23.401859408426347
C/2017 K1,7.2757,154.033,13.687152547309502,2.2395044966728834,0.07264125387323517,0.04318570988577844,0.037184848334072665,0.040230514901438086,0.04389792350388121,0.045892690908757715,0.04633279708765705,0.04663150504177815,0.04754173431239766,0.04834193410652677,0.048603670431254,0.048647580745900317,23.98784704974365,23.986205794527073,23.985451758988198,23.98557375435741,23.98568830857883,23.98566199776563,23.98551320583165,23.98545713962286,23.985619256272344,23.985847884957778,23.98589189355644,23.985888292284027
C/2017 K5,7.6691,82.297,66.14942525468733,2.7069587877572108,0.03048786334782768,0.06068270020366724,0.06286578388796227,0.0619012243859653,0.05888788054287608,0.05676315124408121,0.05526626272576732,0.054625640430269476,0.053471513696162855,0.052827621657543386,0.05198512242983341,0.05168144514602283,24.62701609226592,24.624813697682736,24.624683179376607,24.624721620131723,24.625062603447915,24.625318017295356,24.62553340182828,24.62564262788376,24.625899572172273,24.626055562831162,24.626301554823645,24.626381428925157
C/2017 M4,3.2447,105.658,34.342399811543046,2.233924446433775,0.4291974937174766,0.4241669531863583,0.4183523662197884,0.4153325958055697,0.41286739829442154,0.4108989682571109,0.4095601709471409,0.40890301759016756,0.40779871883024277,0.40711529587272216,0.4065882549926788,0.40651440524462146,16.010139951865117,16.010387776188644,16.01078907328155,16.011073728070002,16.011244173028288,16.01153235274717,16.011735653714673,16.011860148250637,16.01208750205005,16.012290858250882,16.012491469977547,16.012529842523612
C/2017 S6,1.5473,152.896,128.39118515921504,1.0729706689827667,0.1602303063514764,0.145469406019955,0.1488898300178815,0.14767609599740555,0.14696271058109356,0.14869032724423,0.1495117824318631,0.14968117169885845,0.15040300782659144,0.15074815799546717,0.1510113537389698,0.15086436405292206,11.039843267088676,11.042207704550616,11.04228731979936,11.042695153604996,11.043022822755038,11.04286163107173,11.042728058858142,11.04272670224739,11.042644333999629,11.042588736768208,11.042525466256855,11.042578273856844
C/2017 T2,1.6193,57.141,60.065523884458734,1.6003694139681135,0.05446369034106997,0.06911683260084714,0.0744877813780107,0.07657513608055452,0.07893989975903198,0.07981938435341707,0.08013739633175576,0.0802097335346633,0.08060699935527163,0.0807901952994821,0.08116624000914142,0.08126130433326148,11.303443502171262,11.301719474648554,11.300887468838784,11.300382929899218,11.299922817490298,11.299676026949566,11.299562435408234,11.299482823333623,11.299332456865717,11.299229240153158,11.299083779839048,11.299035665128093
C/2018 C2,1.9516,34.479,19.373741177892295,1.6265193619440879,0.3975396896709347,0.4189555497389236,0.42396098714179303,0.42287547888755006,0.42358963373378294,0.42325220434530736,0.42400320044024514,0.4238593480245314,0.4237823128719302,0.42365729005546787,0.42345432482197926,0.4234907385020575,12.409394654595605,12.406530756125772,12.406064493636006,12.406049996148585,12.405833967040689,12.405849013589025,12.405682249419705,12.405729001533455,12.405784623229241,12.405848669878889,12.405926466871954,12.40591554367617
C/2018 S3,8.0047,78.419,94.8460123820467,3.7414855499782873,0.009536968570132377,0.023326971559502876,0.016506482477499043,0.01624039790486853,0.010860074998113613,0.007559431294547935,0.004870500888376273,0.003606029810136716,0.0025632039560505794,0.0022292293131280874,0.001994945303723932,0.0020694703578134823,25.171207640627017,25.177255249749592,25.180234441987615,25.180196243649068,25.17948707736707,25.178916902694088,25.17836128310128,25.1780041973381,25.177656704537505,25.177485731956978,25.17732152975978,25.177228649190827
C/2018 U1,4.9883,108.296,43.03565777586616,3.5930804058193306,0.1643520614158135,0.1646661095668924,0.16225496232839237,0.1585752930879273,0.15448089986827077,0.1525730160923134,0.1514700187834427,0.15023094096097916,0.14890698918764686,0.14788133135042192,0.1473617288617394,0.1472567556842769,19.863452551098078,19.863555334185918,19.86364187651428,19.863877756032807,19.864368546725764,19.864586995266407,19.864721649248004,19.864932746904195,19.865199440593663,19.86547595692094,19.865705406047148,19.86575573516972
C/2019 F1,3.5872,54.227,84.58643566872902,2.441773919142758,0.18833778637238796,0.1861434206088289,0.19637214645221557,0.20219883604919983,0.20447863499486696,0.2051811774404946,0.2060099384286302,0.2069552838700163,0.20816152252928033,0.20846300975045468,0.2084676739521658,0.20843233985396864,16.850418317224594,16.850056030792956,16.848890786201956,16.848012201641104,16.84757261655001,16.84742286232855,16.847240202205953,16.847038607490507,16.84675434377886,16.84665773147145,16.84660896936775,16.846600693435622
C/2019 G4,5.8489,138.344,54.56169911941094,4.205396684468217,0.06838918171371237,0.08165445588181544,0.0870373419649613,0.08718878620515978,0.08661149518595884,0.09573007766163437,0.10066446606835198,0.10200766951924672,0.10290834056752574,0.10293571882540241,0.103224302335588,0.10322235838650964,21.512524112080676,21.51124560808043,21.510602545349574,21.510420096355453,21.510176095412284,21.50863876278558,21.507754884662383,21.507464643797746,21.507248586229682,21.50721992742731,21.50713335984244,21.507126630295833
C/2019 K7,4.4629,103.523,81.58326088173315,2.291035368225406,0.3058535682125284,0.28944191537627884,0.2818401046385077,0.27830954636706745,0.27581243049721,0.2737673097279668,0.2723986629883257,0.27177689479143596,0.27096617067305456,0.27065484280280155,0.27031526635507747,0.2703567475991014,18.7870189683016,18.788382569704797,18.789118918527016,18.789498255417726,18.789713791500773,18.790042503991558,18.790309640138762,18.79044506941002,18.790634903958882,18.790712641992386,18.790814390688716,18.790827281030218
C/2019 N1,1.7094,82.338,32.120790058958235,1.7552130924363036,0.06319416043929725,0.06571885806037724,0.07482252875095187,0.07702674029022184,0.07860892890825583,0.08062754492714078,0.08029953775165201,0.07978109680283658,0.07936469041358235,0.07949921064538251,0.07971317223361345,0.07987933742765081,11.612584723369409,11.614165963783122,11.615539409970944,11.616276513740361,11.617210144618507,11.618699027630646,11.619730073758504,11.62004020758902,11.620257443876241,11.62030016699257,11.620376702928453,11.620413464341308
C/2019 NJ3,4.3507,99.435,100.71002488103902,3.7418444151613612,0.15033866074735053,0.14490234564131932,0.14633487474902276,0.14774689173962283,0.1476220712055127,0.1483339833431813,0.14928377699458473,0.1495885352492124,0.14976351067533983,0.14975937340071513,0.14987075661985166,0.15014003140948637,18.557409276336568,18.557870405229057,18.557775114075152,18.557581774870492,18.557447009787122,18.557257073520816,18.557046530799425,18.556946845573073,18.556850028095912,18.556817479505767,18.556732258896915,18.556629456533198
C/2019 O3,8.8111,89.838,77.11822170749937,4.760392881566763,0.011206061826129238,0.05660589752739808,0.05223176128182751,0.051796464520227424,0.05075726861907684,0.05059044020767834,0.051138304587641646,0.05124814092456273,0.05143900075240007,0.051450385312543,0.05203640334931836,0.05220675624275593,26.379617775360092,26.385364801912438,26.386219213116377,26.38625029852186,26.386357749273152,26.386401043180182,26.386301953874735,26.386239934693435,26.386128503561036,26.38608481186165,26.385934453530286,26.38586069410286
C/2019 Q1,4.9926,155.704,124.62384641830019,2.3028219371275767,0.1731219436118892,0.15339362146149865,0.14832674120316477,0.14829652614090205,0.14869455729885803,0.14894674477077943,0.14946630237755665,0.14978750255469622,0.15053690522141397,0.15104429672684994,0.15145851448587155,0.1513145082253866,19.861789088563825,19.863521428972234,19.864270032951076,19.864452730940158,19.864586687127776,19.864676170482806,19.864683837728975,19.8646879686614,19.86461051532941,19.86452121191733,19.864416741135805,19.864467155144318
C/2020 F2,8.8267,163.616,10.562539558268618,2.9091291889476727,0.008305350480502953,0.06677952501320177,0.055129844633062544,0.05838611192295574,0.06740914882416889,0.07116502232938891,0.07209935561885412,0.07159305887360755,0.07174821797408758,0.07135738978059088,0.07110799703912622,0.07121794034675939,26.416568607849236,26.417584879970867,26.414214567378778,26.414619708573007,26.415690937089533,26.415836332561696,26.415522267776122,26.415301717460807,26.41540910514463,26.415350178710533,26.415259069925966,26.415304882119443
C/2020 H6,4.7058,79.935,7.669910170047671,3.6310596834951263,0.05539090876144656,0.06793904561439312,0.06395080707726762,0.05882826152521772,0.05520789490049831,0.05287617839811731,0.05045860251990182,0.048520473137585014,0.04675722673519889,0.04630139301705171,0.04584863665604193,0.04578029275295273,19.279709898224624,19.278606868720267,19.278850886468057,19.27936570632248,19.27967074008086,19.280044924114904,19.280559662830953,19.281050911382454,19.281460047063458,19.28161277982384,19.281747735856975,19.2818023581289
C/2020 K6,5.864,103.684,62.61436145560655,1.5651849547448942,0.0422516896112147,0.016346821803985605,0.02186921036132559,0.02376568270834195,0.027490707814795193,0.028992742350237605,0.02930510614479509,0.029799522728731993,0.030379869723751646,0.0308095838116651,0.03059052791559565,0.030531675661092817,21.53029446858833,21.52895787379892,21.529436377556515,21.529466608507867,21.52993160737676,21.53019137173459,21.530235724892187,21.530285641164546,21.530358866716554,21.530447421465983,21.530428165753037,21.53039697925545
C/2020 K8,0.4726,31.347,134.13966958846717,0.9982391429923299,0.06562251894728838,0.07099969037320984,0.07176919330759728,0.07176493831542916,0.07188341031397255,0.07183776275165181,0.07216273166705597,0.07266275497847775,0.07361449082919506,0.07429024828434726,0.074358013593168,0.07426638050775686,6.129655970782022,6.129719792483295,6.129888846155611,6.129941245011965,6.129804733696295,6.129687839577895,6.129602125035739,6.129488540715965,6.129251476144549,6.129173984391694,6.129245191307243,6.12929228529044
C/2020 N1,1.32,29.775,108.314950920193,0.861797094985583,0.04442563649446605,0.050780471872749956,0.053557835667641655,0.05510049221165151,0.05835631179179555,0.06230129003297869,0.06685405692110047,0.06993464989223992,0.07184610844129297,0.07184559787702015,0.07185615397838947,0.0718491814445498,10.231456630903823,10.230423080152029,10.230157181019438,10.230032981642378,10.229586599222745,10.229300141772896,10.22906536540976,10.229114131442476,10.229375667596873,10.229624382887312,10.229716071870385,10.229752539556777
C/2020 O2,4.8571,71.761,45.09694154966411,3.9171080624153016,0.2161399213038437,0.21654505640262572,0.21231789573072501,0.20640298873215093,0.20188780719046973,0.1997402079214573,0.19834746480038382,0.19730297643086775,0.19599429762127704,0.19508880426309957,0.19433243043865892,0.19411183193850914,19.588496249045146,19.588458333189365,19.588575013658243,19.589107121758627,19.58959614719661,19.58983540826808,19.590010357139597,19.590203170784587,19.590508402872494,19.59079000162723,19.591044840008763,19.59111248451395
C/2020 R7,2.9531,114.816,63.65994859999919,2.404009439373524,0.15370658085041333,0.13894485257154454,0.1373102737325452,0.13513435647154073,0.13238889030950818,0.1311044496128624,0.13032748422439946,0.12958829706920877,0.12904656145247564,0.1285650133168091,0.12814961129459995,0.1281667874364468,15.275986761273627,15.277243395021001,15.277421128007472,15.277555639074208,15.278003520052138,15.278198277166434,15.278355029701295,15.278499401386451,15.278652347375349,15.278786048322164,15.278976211454042,15.278999732928423
C/2020 S4,3.3694,20.581,75.20302202298097,1.9153915332726523,0.059883113874966476,0.03878873146311388,0.032013557229138075,0.03004315667852307,0.0327779663148509,0.03510748742002233,0.03676892242493496,0.03748441515706731,0.03792010040380442,0.03810778319955808,0.037997584371279425,0.03802810232403751,16.342204970470917,16.34010824491559,16.338948654624566,16.338176073439207,16.3380361089995,16.33823891102844,16.33857540241354,16.338714833628746,16.338804683944424,16.33884600118704,16.338757355477895,16.338782902086837
C/2020 U4,5.3531,167.024,149.81409286048353,1.6864106445126128,0.07005819014681669,0.0931231132573797,0.09168328492965354,0.09048926303634411,0.08988864395762222,0.09115264602312154,0.09187383926549336,0.0916879070901786,0.0921447870952727,0.09199137897214263,0.09208831276971441,0.09226126440930202,20.56743854412924,20.565273150176616,20.56584555931986,20.566090261102005,20.566584818858708,20.566448150210533,20.566324956857013,20.56638211270399,20.566270817200824,20.566316236458917,20.56636112502919,20.566344617926983
C/2021 A6,7.9369,75.543,55.793354390825854,6.293685188860771,0.027691355005751667,0.05367568903546837,0.04553649800301988,0.04430464708562118,0.046480723241865515,0.0480930787184593,0.04945909500922543,0.05029611225431758,0.05145335843640804,0.051929663674238034,0.05248035420199313,0.052749860543478994,25.05068782471224,25.047238950525085,25.046329645791676,25.04595374283745,25.046036160138446,25.046138051853717,25.046302762434692,25.046380218092047,25.046541839373674,25.04658737093365,25.046694008396585,25.046784726912783
C/2021 A9,7.7612,158.006,110.68916055731516,3.350718697723744,0.009456276704583422,0.031205319026901268,0.0321021359770334,0.033925156990154665,0.03627428003712829,0.03618126218770371,0.03633440744653526,0.036525975292495266,0.036826965202940314,0.037373761705532166,0.03780036827627105,0.037852043586460486,24.770052406883597,24.76924524660886,24.768251076421375,24.768182592982097,24.768149528340217,24.7678639769032,24.76768915572568,24.767701548162506,24.76778080265133,24.767982927956957,24.768060943738533,24.768008771170848
C/2021 C5,3.2497,50.715,66.30147198051381,2.8935441010478993,0.025095858644647136,0.016633626316128608,0.01517766692348966,0.013677489605811546,0.013104175536543885,0.011692912155260408,0.010546536241655627,0.009988679533105872,0.009663822201401637,0.00945500461423798,0.00958036152400857,0.00955270504740456,16.01384071504456,16.013292792322492,16.013106930464485,16.012788975934125,16.012399950730348,16.012113744123113,16.011830730340648,16.011705483001027,16.011583282718846,16.01149433368905,16.01146126217915,16.011406077751843
C/2021 D2,2.9455,83.845,83.44217157693464,2.9672340346050783,0.04439268206051773,0.05784558693110747,0.05940691668231538,0.06094449130638842,0.06183956253716682,0.060672459007345435,0.058608826100727304,0.05657090442269827,0.05456158728583553,0.05397686273970848,0.05407234406342121,0.05412057481557115,15.271307394344536,15.272040380089262,15.271798926922763,15.271720968920953,15.271582919064059,15.271209059117892,15.27069725463814,15.270246093095,15.269775134937554,15.26962942912352,15.269625439749467,15.269625315929833
C/2021 E3,1.7714,112.589,71.0300574218861,0.7423081631197314,0.1972620048215707,0.18360026898216728,0.18385813749236082,0.18074746464554803,0.18054176916888665,0.18236917113077783,0.18291397244446012,0.1826134472177725,0.18220797894553706,0.1819447100895021,0.18223985176821034,0.18236511832151894,11.842597529902001,11.843834156689965,11.84379392871234,11.843921311983749,11.843774486556809,11.84342588612344,11.843298575067813,11.843310443400956,11.843357671855385,11.84339208743657,11.843302602600254,11.843267156864226
C/2021 G3,5.1892,102.827,67.38171048389809,3.6093828026417243,0.06050361585416313,0.044091277205379385,0.04725995245801214,0.04814920586081308,0.050597703357632286,0.05242717810745439,0.05374868341824149,0.05430708467285396,0.05550355875051533,0.05575988711145775,0.05622654002997879,0.05637660217557982,20.253996139316488,20.252135813456363,20.25215173740247,20.25211766150645,20.252220838607215,20.252472664770416,20.252716242116506,20.252845930594766,20.25313174388085,20.253231468326387,20.253347753997225,20.253426940359304
C/2021 K3,5.2202,134.858,79.56335486685155,1.9914831763856091,0.22108877889774012,0.2068750663549251,0.20321316456858124,0.20366778139795685,0.20277634015029405,0.20131831463601224,0.20053052376195954,0.20011717332861886,0.19975777202672718,0.1996773203872454,0.19931813960899405,0.19940886750302722,20.318245002324197,20.319766355944026,20.320349204161595,20.32037144333542,20.320523224824388,20.320784256104886,20.32100385919974,20.321141884651542,20.32128565856778,20.32134812091437,20.321505689188093,20.321533957644135
C/2021 Q6,8.7016,161.842,131.02737057563874,2.0772281850377774,0.024664971457107387,0.09950425720340159,0.08391858453316887,0.0829959852116687,0.08270714095578362,0.08120384262028874,0.08076807920322042,0.08155668413762099,0.08162791464621612,0.08236244308002647,0.08268975238156713,0.08256247875439747,26.226495214397083,26.22604496614379,26.227691521356565,26.22781198515294,26.22791069519632,26.22816080272161,26.228346438981447,26.228278268373042,26.22833277878915,26.228224013481938,26.228147877637753,26.228198955677307
C/2021 Y1,2.0254,77.182,116.08862179194386,1.4825897133181647,0.11937679769539819,0.1315166032036475,0.13603317440298324,0.1400425690783239,0.14199120716431476,0.14267174347975786,0.14288632395421375,0.14322180192960984,0.1437004165653274,0.14386079062832505,0.14419257866076537,0.14421837803644444,12.673964710289878,12.672878006816942,12.672140801104916,12.671477398832593,12.671153546536162,12.670967663190257,12.67088104347194,12.670759329402294,12.67061560861292,12.670535359169024,12.670415861290945,12.670392662331775
C/2022 K1,3.983,41.991,69.15694903110875,2.8565098417671577,0.2299775859215591,0.23088420575385524,0.23871841119569262,0.23714766089765804,0.23606739493131554,0.2368039269753243,0.23692442557324123,0.2372001587409899,0.23755111942580456,0.2375397572286986,0.23721834086767873,0.2371123040921128,17.733495298005465,17.73302566051264,17.732230328599307,17.73254195255293,17.73266812491198,17.732603026554184,17.73259803611245,17.732570587004275,17.73254848770231,17.732594679960314,17.73272328903849,17.73275357490168
C/2022 T1,3.4517,22.52,27.99682039718107,2.598282270415469,0.11009453073173928,0.08837344324013381,0.08611775243583905,0.08508843348341628,0.08359523906073141,0.0840978662936857,0.08439012113728733,0.08453754244924594,0.08431274936581676,0.08422468299248548,0.08398049591500933,0.08390199082382771,16.525835380301835,16.5238314471352,16.523469461165433,16.523166957640257,16.522824350703303,16.522866146835305,16.522870968775404,16.52284960360584,16.522769478672103,16.522729060321762,16.52266246142885,16.5226437754658
C/2025 D1,14.1088,84.505,82.17305564703652,9.082206811337937,0.00022450026325858616,0.00022450026325858616,0.002362670288721666,0.013251949570943144,0.017233717405511207,0.01815419110368883,0.01802703811337169,0.0173692030625972,0.01652440342140841,0.015792861027739167,0.014967835414003617,0.014635720658527591,33.40473521367846,33.40473521367846,33.403622415419875,33.40236239878753,33.40201566361016,33.40190034491335,33.401888974186306,33.401957796606666,33.40205173691672,33.40216648484947,33.40234801403239,33.402434538676516
