desig,com,q,i,theta,drot_cat,drot_sim,ddir_cat,ddir_sim,ddir_f_cat,ddir_f_sim,d_back,d_fwd,daa_cat,daa_sim,denc,aa_back,aa_fwd,aa_osc,t_back,t_fwd
C/1885 X1,a,0.63999379,82.756505,39.97957144419162,0.13155395375132534,0.12308244014540165,0.08353798743184142,0.08110132953644329,0.09808640454983182,0.0950710606066536,0.0026998289152773214,0.0064701397619885935,-164.46,-253.8340355477352,4.085121932379353,264.8154711691428,10.981435621407618,-425.22,-301.0,298.0
C/1892 Q1,a,0.97466329,24.770458,66.54757675675941,0.03949660121009354,0.0321223639706488,0.07530744678125585,0.06975855552554278,0.03613296323972621,0.03766860061910004,0.007944645776440374,0.002294594147558563,-544.9300000000001,-511.3000087161073,3.703826323046763,106.37226280478397,-404.9277459113233,-311.72,-300.0,294.0
C/1956 R1,a,0.31732219,119.98614,63.51573054381855,0.13373197269387535,0.1289542433293696,0.014776224909725556,0.01871121121159688,0.11954513550329889,0.11077151643836922,0.004194722366436709,0.010166724923234172,-590.0600000000001,-505.46495643859595,5.061379248687244,-3.409298845125583,-508.87425528372154,-682.34,-297.0,292.0
C/1959 Y1,a,0.504209,159.618575,93.70710784409417,0.23942921866339514,0.2012789642724694,0.08593004531565848,0.08538940512844584,0.1538102069808584,0.11657296038776328,0.0006214563677717407,0.03820784797599361,-288.72999999999996,-451.4202741100767,3.816440119323327,18.563354775327166,-432.85691933474953,-444.19,-298.0,293.0
C/1974 F1,a,3.01230367,50.610951,79.05895209801719,0.03935823637919455,0.03829587840475985,0.04360002757440216,0.04399365066317371,0.06110235158716889,0.06064933815402978,0.0007486167072523591,0.0004663993565749655,481.57,481.27888416944677,3.1504299310961614,37.69983070410651,518.9787148735533,138.34,-303.0,308.0
C/1978 H1,a,1.12973415,43.760229,45.7927710448596,0.10550168619617918,0.10121490742847906,0.2082487955526669,0.2047615194811342,0.10723311669296764,0.1076662307976576,0.003860172861978139,0.0005542452334390728,-1105.74,-1052.4920127694277,3.729512009057407,70.24721627457993,-982.2447964948477,-698.85,-300.0,289.0
C/1986 P1,a,1.19367382,147.182259,46.57142915913129,0.15935662814402246,0.15435451742300196,0.15590281624484498,0.15377799427577965,0.06622247040642375,0.0647012042697598,0.003595409377586369,0.0021756967548819776,725.22,725.6128342223271,2.7044609331397638,66.3970989377597,792.0099331600868,-261.07,-300.0,308.0
C/1989 Q1,a,0.64067579,89.973369,107.16603130840973,0.1905742843350526,0.18307797842122012,0.12000074808974302,0.1166658185129118,0.07605719536020035,0.07216722454731822,0.008262134404702698,0.00493357499077768,37.589999999999996,194.80949610449608,2.6596422037267007,206.51916545572436,401.32866156022044,-38.91,-300.0,303.0
C/1989 X1,a,0.34831385,58.983562,83.07435291502141,0.10287923776453997,0.10221576854286976,0.07881506893239001,0.07778769850258191,0.04537932007273067,0.04536537474925484,0.0011167240647299397,0.00013444492805901446,-409.79999999999995,-388.0065573664574,5.001959592953556,60.17970389614961,-327.8268534703078,-617.28,-298.0,294.0
C/1991 F2,a,1.51348314,95.452472,106.17217607597439,0.13687622342566957,0.13527386333893165,0.09330319818994645,0.0929145704308008,0.049265494822798524,0.04823915970554161,0.0003925526796648144,0.0012320499122507264,-107.38,-129.3120684800944,4.195587853237414,31.217892982621727,-98.09417549747269,-268.47,-300.0,298.0
C/1992 J1,a,3.00047429,124.287539,78.91347726837249,0.23095434218405367,0.230952465836901,0.08540008597977414,0.08557398607076455,0.14717540945822183,0.1470178674161038,0.00018165146864192134,0.0001844516104832969,519.4499999999999,519.4461291287856,2.2326151443022897,26.952032423249758,546.3981615520354,12.38,-302.0,309.0
C/1993 A1,a,1.94259216,124.97043,118.75491142908034,0.056579068526675165,0.0409414676201559,0.07185253074523111,0.0711022271365553,0.10477402369414446,0.0964482648013045,0.0021135100184345936,0.019320720812440434,-479.25,-520.2379956590148,3.0452602656859025,209.172735835136,-311.0652598238789,-837.91,-303.0,297.0
C/1993 Q1,a,0.96693428,104.9741,105.69312536908494,0.1869605215187367,0.17301558708057527,0.09305954171737336,0.08656821129397263,0.12499807968866698,0.12144080014966621,0.010226031002930977,0.003944156731296281,-216.8,-69.10557245377298,3.5917690839220735,58.46162638921321,-10.643946064559765,-231.9,-299.0,298.0
C/1996 E1,a,1.36236744,114.474859,95.2393353720138,0.42303247096741725,0.4059811409922807,0.014360206356641605,0.013267250054011068,0.4246194437343523,0.4053912478396267,0.002695655353002789,0.02147793772147477,338.68,397.5841980952872,1.3528190728585048,24.553481076347705,422.1376791716349,-580.86,-300.0,304.0
C/1997 J2,a,3.05072071,91.242267,92.73991911477614,0.21272878688533986,0.2070143298262961,0.0704601430203933,0.06868303114108143,0.16996362989563668,0.1670379537087867,0.002719866739166025,0.0030069320192095367,-29.92,-41.52111216419504,3.448756068614326,56.51730810977035,14.99619594557531,-185.7,-303.0,302.0
C/1999 Y1,a,3.08406653,134.797953,150.33467254110028,0.23662464850953616,0.23211860334778353,0.12137716535812586,0.11988470788747371,0.15081193016228764,0.14850732850677206,0.0024296288705293,0.002325651384130736,298.32,307.4573046705632,3.7156432261461143,46.781392852527645,354.2386975230908,-193.42,-303.0,306.0
C/2001 B1,a,2.92741701,104.117932,112.89053295725837,0.18471869360326562,0.18471892287311245,0.0719496396996132,0.07165327403630557,0.12153949118999766,0.12186674006749397,0.0003307476808702875,0.0003312397434236566,-132.17000000000002,-132.1685963756231,3.50113768486448,79.15254410938115,-53.01605226624194,-188.0,-303.0,301.0
C/2001 K3,a,3.06886844,51.968638,77.6227826227996,0.07271310065491185,0.07271196395790745,0.11251516830168093,0.113427389969898,0.08791646434323648,0.08856514740275404,0.0009155627036709331,0.0009168538182728721,634.58,634.5629531112818,4.039334189488758,37.27755299587142,671.8405061071533,309.79,-303.0,310.0
C/2001 Q4,a,0.96047294,99.749234,12.32011357405527,0.1323313836589909,0.12660407426563955,0.14192488557021496,0.11432160174577576,0.15743604578771697,0.07863460460831721,0.07776966294757329,0.07956133905330061,-754.99,-743.8219611878576,4.462290072611528,241.20677606815158,-502.615185119706,-583.29,-301.0,293.0
C/2002 E2,a,1.47022961,92.551268,29.933120629185627,0.07187781359622682,0.0752371610027716,0.07111819465650551,0.07036734052399608,0.04468501612324699,0.04759818946833503,0.004370221619392319,0.0029274006020778205,-531.28,-468.65424938249157,4.656197503647175,88.91963619577936,-379.73461318671224,-520.32,-300.0,295.0
C/2002 Q5,a,1.25026531,149.330682,41.054726475442344,0.02984239679635324,0.029849052167723,0.11885943640503009,0.11860831564165049,0.1416594571393566,0.1414883430971875,0.0004951967794532599,0.0004824000228959943,-944.21,-944.1443199257199,1.6443461136333306,44.35487993967562,-899.7894399860443,-1266.16,-300.0,290.0
C/2002 T7,a,0.61543684,160.521009,80.57019512735297,0.14929060913082443,0.1489781029946485,0.02928809182794274,0.03378171093417057,0.12435974336429347,0.11667878388985226,0.008929578708385419,0.008406589608497913,-739.38,-639.6768001703396,1.7326054759053213,205.24916080511113,-434.4276393652284,-652.9,-300.0,293.0
C/2003 K4,a,1.02053946,134.279113,38.52173479334302,0.20477914448758477,0.20188664035463547,0.13809541976539924,0.11963304338155771,0.08361376084504711,0.0870201427907419,0.024287849945808588,0.02189028686659365,-150.54000000000002,-218.3538030222823,3.618653774847219,-50.1690613901303,-268.5228644124126,-423.86,-298.0,296.0
C/2003 T3,a,1.48623673,50.41283,132.4371716925621,0.09878522783632984,0.09878808110823473,0.0810751911543838,0.08148203317137383,0.13225184358750114,0.13282985605676903,0.0005709953002293265,0.0005794012276114073,702.42,702.4063506644048,3.8751209244699134,57.36171817280616,759.768068837211,175.57,-300.0,309.0
C/2004 B1,a,1.60641136,114.147484,82.09184635988694,0.09613999246203928,0.09471891789961728,0.027844160296204627,0.027553100520718132,0.10284608528288991,0.10221546672689119,0.0005743904576051751,0.0014737626304764232,-497.28,-516.255001552415,2.4078068617585906,51.72351923006765,-464.5314823223474,-793.27,-300.0,295.0
C/2005 E2,a,1.52138713,16.989868,155.09365297596273,1.1800798934432264,1.1791868816051465,0.032925721879438215,0.031280272862776175,1.198625972684149,1.1948924911141907,0.0028442107328229206,0.0037340057368707965,-2541.13,-2539.3565446551497,1.314368154660556,25.763600035634138,-2513.5929446195155,-89.94,-300.0,275.0
C/2006 K3,d,2.50325995,92.612447,155.4737018682359,0.04134172277110909,0.04323851044125996,0.017529833896236077,0.017782606240459475,0.025985988502456096,0.0275337866397657,0.0014257167592597439,0.0021335231533657875,-192.3,-184.9049755288363,4.28398708877776,65.6972890697795,-119.2076864590568,-342.36,-302.0,300.0
C/2006 L2,d,1.98559713,101.044452,35.7982554283485,0.26816593626220286,0.26816530572836406,0.19193967298766162,0.19181578179971245,0.08101943556815407,0.0811311362165103,0.00012389388246331661,0.0001237346980034586,-108.15,-108.14472693700553,3.354318335506488,-5.035322328548648,-113.18004926555417,-470.33,-300.0,299.0
C/2006 P1,d,0.17003705,77.653337,120.57604452896905,0.03613694519143973,0.0362234292237643,0.047246188626845875,0.04680251210220587,0.08124170221492921,0.08110085326401933,0.0007201481851415729,0.0003053211163882022,410.47999999999996,459.2963639424079,4.184117498009977,38.69058918787953,497.9869531302874,-100.92,-298.0,303.0
C/2006 Q1,d,2.76497731,59.015604,34.64539758250486,0.09497690142023271,0.09246432146342665,0.046999420163170595,0.048026468568944825,0.1355315258400217,0.13450098487534837,0.001416714943605459,0.0011363764059905306,656.36,658.2781789501385,4.110918784237471,50.57752669916182,708.8557056493003,82.77,-302.0,310.0
C/2007 N3,d,1.20594372,178.368268,17.130102294565614,0.16758881175542453,0.167292909462099,0.11451816021489046,0.11443886859903368,0.053110812855676384,0.05290029072005645,0.00012057564958062784,0.0002552092493155534,796.74,795.0115856676432,3.5992713534990677,34.756039780753426,829.7676254483966,19.12,-299.0,309.0
C/2007 O1,d,2.86341562,24.427713,62.688003802254876,0.5923109783095238,0.5922945556564186,0.41690439361198767,0.41827757450438013,0.18171841778807674,0.18028241464170097,0.0014216951572263467,0.001438166316802921,-520.18,-520.2081591760106,3.0332771123305564,5.778105928977961,-514.4300532470326,-1733.95,-302.0,296.0
C/2007 Q1,d,3.01650403,82.334247,110.04804251581689,0.11292581442755344,0.11291340175510729,0.17920589289074035,0.17920970042948584,0.06942944613392142,0.0694521312721605,4.093512449430612e-06,2.5849393848644788e-05,-504.83,-504.83434589027416,1.7673852897228288,55.118988891121894,-449.7153569991523,-1017.99,-303.0,297.0
C/2007 Q3,d,2.25546432,65.620443,63.98182449099164,0.05725944881663647,0.05725564406260313,0.023994814312436098,0.024407476189797498,0.04169913474594569,0.04204449551638493,0.0007648155608584088,0.0006843281737209819,79.82999999999998,103.36208763575038,4.096134282973977,26.149540664334406,129.5116283000848,-115.2,-301.0,302.0
C/2007 W3,d,1.77616467,78.636651,52.65403740436752,0.17530987172999418,0.1669085443180815,0.04864941125216054,0.04601861483674534,0.14706604007552496,0.1437481208932986,0.0050460984650442875,0.003410026194918095,312.51,394.5760950419298,3.736981473439639,22.05308306545441,416.62917810738423,-62.05,-300.0,305.0
C/2008 C1,d,1.26642335,61.737844,86.08381851986317,0.058246679265519,0.05824470183523023,0.04963829944147219,0.049388010575772065,0.0704996509445754,0.07034657071229257,0.00025053863661511,0.00024789058458680004,463.99,463.9809021634822,4.312458706663737,37.88979051845098,501.8706926819332,-13.0,-300.0,305.0
C/2008 J6,d,1.99507614,45.029402,90.21350076094028,0.31249236574481876,0.31249550889283745,0.24748924156610347,0.24778075693957083,0.07473006988011165,0.07445702678254822,0.0002978063503337208,0.0002945731040745747,-505.04,-505.04410498309795,3.8605627276330132,18.432307635794494,-486.6117973473035,-1124.92,-301.0,295.0
C/2008 T2,d,1.2055687,56.285125,73.49199035003241,0.046987982158440515,0.046980281775790576,0.04525039540550152,0.04416632980694921,0.041425360505190786,0.039070630176148306,0.0023589479492687727,0.0023607959682773144,263.7,263.69470921646257,3.962625699341994,-4.091348053960621,259.6033611625019,-96.58,-299.0,302.0
C/2009 K5,d,1.41933411,103.92471,50.79178414969275,0.1732300242439127,0.17323141247332965,0.10518563754493497,0.10551405727689232,0.1547789780182464,0.15420663620899544,0.0007086446527262888,0.0007073200625497395,505.25999999999993,505.21490247945,3.9428265939961102,50.25145473558124,555.4663572150313,-590.03,-300.0,306.0
C/2009 O4,d,2.55680478,95.832953,129.776453176615,0.21451847511124167,0.21447530806083348,0.16188327845231668,0.163287972359044,0.07396518246339359,0.07563723001565302,0.003413845572367226,0.003369805919430122,-115.55000000000001,-115.48552369262548,4.181662290582418,-82.9656541532271,-198.45117784585258,-517.42,-300.0,299.0
C/2009 R1,d,0.39442252,77.008392,77.64379188090138,0.42321079361182834,0.4014001506769227,0.44546839005990146,0.4445776067652041,0.036902626904859896,0.05205710328500741,0.001960602893597705,0.021042569684099722,158.27,-633.1679562903356,1.4309843508017261,-16.33337900091801,-649.5013352912537,-888.27,-297.0,291.0
C/1972 L1,g,4.2645889,79.487939,47.36592579679729,0.31697796989361904,0.3169683329334777,0.2466130870303271,0.2468918740177866,0.09941181819816322,0.09913079292058448,0.0003078246817893043,0.000317457139351059,-671.98,-671.9473723442122,2.6980830923452945,51.38935662076365,-620.5580157234485,-1488.08,-305.0,297.0
C/1973 W1,g,3.84026288,108.04993,150.70607462914163,0.09266008824849349,0.09266301451181341,0.12433089971013161,0.12466767542773126,0.05570012536038502,0.0558705762325162,0.00035184788813022975,0.00034879761467554405,-179.7,-179.6882480439624,4.041334399141166,78.98746873093772,-100.70077931302468,-165.11,-305.0,302.0
C/1974 V1,g,6.01579264,60.878468,142.56442370101453,0.1628081893138116,0.16280617236733222,0.08323701715064548,0.08537425309029811,0.08648683879360505,0.08433108614216091,0.0022366107839382242,0.002238637924505726,556.9300000000001,556.9004880940466,3.7187689798562604,18.024332236534363,574.924820330581,-649.95,-308.0,314.0
C/1976 D2,g,6.88171236,111.987797,30.170043761762596,0.04212035929483719,0.04212089587304467,0.022465682993859513,0.021338564555951553,0.021458688713156232,0.02286516077142686,0.0014075644948202484,0.0014079655355296325,-2.8000000000000043,-2.8051190023596533,6.780651719444372,58.02933618637445,55.2242171840148,-306.64,-310.0,310.0
C/1976 U1,g,5.85519975,86.663827,89.75527684911135,0.02289840002162557,0.02288567859331459,0.07968759874614344,0.07919289117120189,0.10255094236728445,0.1020452570782835,0.0005141209182554185,0.0005279129658440594,151.62,151.5977964077764,2.55129363813265,44.4088713703604,196.0066677781368,-662.64,-308.0,309.0
C/1978 A1,g,5.60844086,116.926807,28.272305381018477,0.08112076853160953,0.08111947561766852,0.08930151173318511,0.08841413168222526,0.06544426496120144,0.06531576933883253,0.0009512113810951549,0.0009506890028956574,-134.87,-134.86811824534513,4.6771265209107895,37.81388246979708,-97.05423577554805,-524.92,-307.0,306.0
C/1979 M3,g,4.69146981,92.1509,76.94619240506869,0.041944175073556696,0.04194340054914292,0.06522854158967858,0.06483833530821027,0.07333127108889916,0.07269924190150703,0.0006710247412754838,0.0006714556679736406,-185.88,-185.8795328195635,4.701305069935328,42.35196229257089,-143.52757052699263,-226.44,-306.0,303.0
C/1980 E1,g,3.16929496,1.770359,42.495183761641464,5.713574811085509,5.705698874290454,5.596628680249783,5.590401979621658,0.11703531899342112,0.11538497396112911,0.006226900406691254,0.0016503506519747358,-16064.630000000001,-16031.023879247321,0.6486883096116209,33.53316089536834,-15997.490718351954,-17020.79,-303.0,209.0
C/1983 O1,g,3.32563612,134.684921,167.80763726343366,0.04521568474854838,0.05109015996753241,0.04418444496063729,0.03993831872035302,0.08459518504335287,0.08980997489651026,0.005252680179564369,0.00830862133329621,-247.77999999999997,-239.20503993184616,4.101249889930219,59.58056596163636,-179.6244739702098,-574.59,-303.0,301.0
C/1987 F1,g,3.62427914,124.014019,38.235698929928354,0.047309582701842,0.0473098544995205,0.04520124553867889,0.04491087883789214,0.07288601122220228,0.07240118349424998,0.0005037293651992263,0.0005033201574811646,116.14,116.13166567011066,4.065602714124924,65.36447550565092,181.49614117576158,-280.12,-304.0,305.0
C/1987 H1,g,5.45109244,132.519096,41.52373478389679,0.16089477293602447,0.16089018751096737,0.0737887515024649,0.07379014899211148,0.14936221764818255,0.14966663277229525,0.00030889696729130024,0.00030521221501913056,-51.19,-51.187688342152626,4.001880326090521,42.34193014656965,-8.84575819558297,-520.67,-307.0,306.0
C/1987 W3,g,3.32264693,76.786374,168.1333857080227,0.4814101770743065,0.481368938749766,0.3325629973690791,0.33892551940396337,0.14896584832089785,0.14255392963772767,0.006372051763499664,0.006411924871441973,-386.03000000000003,-386.0108321591393,4.13425945400078,-16.29409121634429,-402.30492337548355,-1434.13,-303.0,298.0
C/1988 B1,g,5.03079825,80.573568,74.9995793387083,0.07412350004657893,0.07411868156217241,0.03886750950075967,0.03882373244404811,0.03794945502516574,0.03799315061191793,4.843473995879122e-05,4.377768791472292e-05,-129.24,-129.24334690110413,5.0290665577116895,17.429364410167594,-111.81398249093654,-493.97,-306.0,304.0
C/1993 F1,g,5.89949798,53.980307,79.73229841672058,0.09538245709046056,0.09537995209904085,0.07564514627281968,0.07578571704003496,0.04594319179088308,0.04585031411734874,0.00015564401059148036,0.00015813694607229753,-418.5,-418.46798293773946,4.584853705200321,62.71038605126989,-355.75759688646957,-974.4,-308.0,303.0
C/1993 K1,g,4.84471237,67.73539,63.47824969214643,0.07392199909860087,0.07391754133166592,0.0239526075011187,0.023289956687924985,0.06924358586849086,0.06786387644815782,0.001565905414596059,0.00157400459094049,565.6899999999999,565.6773081226534,2.8562837444236377,35.217660359707494,600.8949684823608,-48.01,-306.0,313.0
C/1997 A1,g,3.16326982,145.046895,105.57013521743687,0.08117992459984942,0.08117950364799992,0.04719614516690852,0.04776658045931272,0.08827479140601664,0.08856218102364803,0.0005733506928012435,0.0005708018071709411,-249.18,-249.17436530545683,4.0156399327426495,14.561900432388004,-234.61246487306883,-649.55,-303.0,300.0
C/1999 F1,g,5.78838144,91.973855,89.05687202059292,0.03321284603396261,0.03321377119844269,0.06272421876613266,0.06274675533968803,0.03582235173093522,0.03582276811754424,5.653241748712617e-05,5.478969299959663e-05,-6.2499999999999964,-6.252823780663782,5.2460176789866395,37.17609312454494,30.92326934388116,198.93,-307.0,307.0
C/1999 F2,g,4.72811386,56.362989,20.966289755085004,0.09583578370927022,0.09583151477212641,0.09552806206009631,0.09482946650646183,0.061918001983813024,0.06175231079842241,0.0007010637701776188,0.000697815842755302,302.60999999999996,302.6103061296897,4.819348146906371,45.741157953744164,348.3514640834339,288.75,-306.0,309.0
C/1999 J2,g,7.11363383,86.368939,40.753689945209885,0.018304004375634224,0.018302469929444797,0.024880647066855784,0.02487919281109846,0.0340006009454359,0.03399962900828133,2.280418828744571e-06,1.2290669000102605e-06,-109.11000000000001,-109.11206272965211,6.140725557552082,22.076850053346035,-87.03521267630607,-144.91,-310.0,308.0
C/1999 K5,g,3.25370073,89.488511,93.64442347997289,0.05957718869469411,0.05956952438096099,0.06476007430136953,0.06471052902050717,0.12095401747441674,0.12087468370614088,0.0001246500212898945,0.00013548740459100225,362.28,362.274435041842,2.6387369521984847,18.053994583078683,380.3284296249207,-515.82,-303.0,307.0
C/1999 N4,g,5.51393119,156.940933,40.62764947225594,0.06759456782071736,0.06759009489687509,0.11493177316801276,0.1142689403132136,0.052961006086572504,0.05237730978264538,0.0006714238251648079,0.0006672711859375402,-44.349999999999994,-44.34983664037341,2.926915518464188,73.38545136040224,29.03561472002883,-761.61,-307.0,307.0
C/1999 S2,g,6.46202592,65.872236,77.33061865865095,0.11438409019689327,0.11438289139811428,0.06166268932876177,0.0614733322231329,0.121694736650534,0.12339542257296995,0.0019255125754697399,0.0019243559911480204,-377.81,-377.77553181128656,3.359848809741117,54.446502847667745,-323.32902896361884,-1121.96,-309.0,304.0
C/1999 U1,g,4.13652185,105.825193,114.88852639392638,0.227050993526589,0.22702939286088522,0.12126365484239328,0.12061101011557857,0.1865992265452086,0.18704537509504038,0.0007846084828812869,0.0007644140534799948,499.75000000000006,499.68438512098476,2.508763086264224,31.60350971337245,531.2878948343572,-882.19,-304.0,311.0
C/1999 U4,g,4.8867074,52.06046,92.77358780267605,0.5046026663904266,0.5044886117720072,0.3954165227947636,0.39382669591683944,0.14363109854901013,0.14497396940572108,0.0016641343708305517,0.0015488768220796787,-325.05,-324.99996091043,0.9852129964514814,29.6583758063762,-295.34158510405376,-1558.83,-306.0,302.0
C/2000 A1,g,9.74094723,24.55271,87.72286382445886,0.061097434061132626,0.06110283455118575,0.1252556243796654,0.12333025373559198,0.06483450687856884,0.0628842123266586,0.001946844594211979,0.0019525234434407254,33.82999999999999,33.818722904887494,7.291520656406858,48.99858809773799,82.81731100262549,-398.56,-314.0,315.0
C/2000 K1,g,6.27823901,116.745943,37.79147761689358,0.029383712564502507,0.029381762404120756,0.06804771027059447,0.06762867791196298,0.07686897906430674,0.07629996445481144,0.0006333776581410118,0.0006346257550168171,97.59,97.58752513123889,6.09080991384966,40.171055293479945,137.75858042471884,-383.27,-308.0,309.0
C/2000 O1,g,5.9148729,148.072564,141.0508455294425,0.11506481077303257,0.11506542546332106,0.06337932565794935,0.06007164491046551,0.06732649613610878,0.07040240453070418,0.0036319598865873913,0.0036325642211151414,74.67000000000002,74.66561344904511,5.894777158088854,45.16170038774117,119.82731383678629,-117.79,-308.0,309.0
C/2000 Y1,g,7.96805733,138.029678,153.4041759343884,0.16006287836310135,0.1601459161831162,0.05652623450819552,0.04858900966957256,0.10371324303666521,0.11189860343693983,0.008150557857682792,0.008235869637403154,-58.839999999999996,-58.861819990390885,4.882571077081165,137.56492629318782,78.70310630279694,-337.19,-312.0,312.0
C/2001 C1,g,5.11002022,68.910831,52.186912949782986,0.051595391501354906,0.051591959265899705,0.06992723793576226,0.06994112129963102,0.07494289548207814,0.07496871251231174,3.048624838941641e-05,2.7194439572397942e-05,-230.41,-230.40914251144477,4.251700420405204,15.951065893963806,-214.45807661748097,17.28,-306.0,303.0
C/2001 G1,g,8.23895535,45.35794,32.97579059081934,0.04850578657235009,0.048499396121790765,0.09873755088346405,0.09876100157428606,0.050396637838100625,0.0504271257432459,2.6282307835696838e-05,3.216559056544063e-05,-145.32,-145.3127466499037,7.336792626785985,36.406911834955906,-108.90583481494778,-297.25,-312.0,310.0
C/2001 K5,g,5.18958159,72.541315,47.118114339487015,0.04847146546177208,0.04846887792053732,0.059685001123759934,0.059671561303148976,0.06010313778919212,0.060063987936845455,4.0913442284534374e-05,4.317082428826372e-05,-104.42,-104.41846453644011,5.763143018503572,9.910122763178007,-94.5083417732621,72.16,-306.0,305.0
C/2002 A3,g,5.14305257,48.065967,102.85648332908835,0.3763131749207545,0.3763102819793717,0.17586343664460344,0.17834612543517586,0.2783639925687241,0.27618341504384836,0.0028662925021111798,0.002876086404043063,6152.83,6152.827274446898,0.8562526828930658,-5.453579415699579,6147.373695031198,-1536.01,-306.0,447.0
C/2002 J4,g,3.63841226,46.492041,86.82690395135192,0.0466187336878468,0.046616993796135466,0.05527739123902934,0.055246007784615185,0.061888725420531365,0.061789324019353255,0.00011056531832476159,0.00011204482810159286,-303.93,-303.91986564025973,4.175398314516066,32.859714918066096,-271.0601507221936,-5.04,-304.0,300.0
C/2002 J5,g,5.72509311,117.213649,55.078251431596534,0.03125232877451703,0.03125353399605298,0.09639442907690086,0.09689757553984142,0.09544089838255325,0.09591743493389983,0.0005031750338081054,0.0005044119017835783,-45.92,-45.91174074658367,3.3448010548080296,68.47559168305641,22.56385093647274,-203.7,-308.0,307.0
C/2002 L9,g,7.03551955,68.399334,107.10080099479119,0.030531691327401314,0.030531642678985754,0.03777592390208708,0.03728237873731467,0.04508813691541789,0.0439940970938483,0.0011873983965829317,0.0011871357715916716,41.22,41.22287609348004,6.6635917772905,39.49507018507104,80.71794627855108,213.04,-310.0,310.0
C/2002 R3,g,3.87017657,161.179102,145.20681558573153,0.10062278576370422,0.09885603997524171,0.11720030200371469,0.11835662073150088,0.08710761364538787,0.08481414298254956,0.0027160523703851727,0.002322093557742187,-44.3,-29.110712735490342,2.544267429376651,44.968980785031974,15.858268049541632,-692.07,-304.0,304.0
C/2003 G1,g,4.92065682,66.833236,35.99418463068832,0.03969200687762597,0.03968921173833326,0.08322160263135499,0.08316475449289489,0.08310378109800153,0.0830292719400552,7.486331001188779e-05,7.696839844228023e-05,-386.35,-386.3394604878161,5.406877104964823,12.286334415594522,-374.0531260722216,-254.95,-306.0,301.0
C/2003 S3,g,8.12669499,151.51801,137.16202768039912,0.067888094951962,0.06788863347572952,0.0892526060699837,0.0908291608892645,0.14300107279229116,0.14471822575902668,0.0017175801450130524,0.0017186580435316484,-42.04,-42.048683999265,3.9185498307422324,37.494478866840986,-4.554205132424015,-175.56,-311.0,311.0
C/2004 P1,g,6.02262457,28.798128,83.21619718864824,0.08662217810300364,0.08662189746218965,0.038566205669613676,0.037241487274951406,0.05212855630137424,0.05379549152043032,0.0016679487097906952,0.0016677253112593953,-119.99000000000001,-119.97714159266008,5.628190440106772,34.75792647587373,-85.21921511678634,210.87,-308.0,306.0
C/2004 T3,g,8.86554953,71.923588,97.29457005825172,0.009175425546269463,0.00917512512128412,0.036154983264061316,0.03610713311907225,0.027082024749087552,0.027026945010761347,0.0001755262961272015,0.00017737208599094556,28.889999999999993,28.887791236602354,6.975014475624643,44.944981394644415,73.83277263124677,283.12,-313.0,313.0
C/2004 X3,g,4.38911289,81.169463,58.21110673362082,0.3943171929111327,0.394301714246161,0.28075544612874354,0.27898134300050226,0.11770422772267927,0.11949675451132383,0.0018180360343004489,0.001801550852554586,-652.9399999999999,-652.9227638836029,2.601324730824377,4.291635255148891,-648.631128628454,-1419.94,-305.0,297.0
C/2005 B1,g,3.2059358,92.497575,90.21775195047223,0.056080270460073856,0.05651127083327272,0.09236322063060037,0.09244083637003106,0.0434175566029348,0.042810525612691996,7.762182916406316e-05,0.0006184585404883962,235.1,227.22459269254307,3.0460782720624677,2.5867805272440623,229.81137321978713,-83.98,-303.0,305.0
C/2005 G1,g,4.95322048,108.385968,63.57524466190257,0.12881830553722393,0.128818196098796,0.05017648080042355,0.05061155187316649,0.1024055314758766,0.10191664877712249,0.0005640851889886066,0.0005642831011141476,31.300000000000004,31.290270401231247,2.5844092805828813,16.44922707214684,47.73949747337809,40.8,-306.0,306.0
C/2005 K1,g,3.69197608,77.810523,59.797304687953684,0.1934907465799744,0.191706664249125,0.11448663511242733,0.11324443013652893,0.12401167379946024,0.12383770012672092,0.001571088766508185,0.00021303056235293157,-88.26,-86.99721519113086,4.323372867732644,9.258782954940848,-77.73843223619001,-887.3,-303.0,302.0
C/2005 L3,g,5.58682654,139.391017,36.41948046763068,0.08343005314217823,0.08343070283048176,0.028422670888931252,0.028421993741566752,0.08872354832080243,0.08892294516934529,0.00021205673837665134,0.00021271549158023725,230.41999999999996,230.42586289338794,3.7740397424218894,60.44898951228816,290.8748524056761,16.03,-307.0,310.0
C/2005 Q1,g,6.39876801,105.254459,113.6988485278937,0.23392440425139574,0.23391763333712573,0.17050878553219634,0.17067249877636537,0.08768394512190643,0.08750821830026442,0.00018661782771220783,0.00019335861220601502,-100.2,-100.20710833680377,1.682169725683493,21.370106087398145,-78.83700224940563,-698.66,-308.0,307.0
C/2006 E1,g,6.0360765,83.188779,88.50688935336716,0.08118347712003583,0.08118283326960185,0.07013665250085659,0.07145840112628785,0.03417287393605419,0.03347309928774341,0.0014440439619971073,0.0014446821882736543,-75.8,-75.79569102206916,6.20099621938636,31.04275369977275,-44.75293732229641,-201.39,-308.0,307.0
C/2006 K1,g,4.42388653,53.87051,145.27496169094468,0.04438640913353685,0.04438299998613981,0.054766052788664206,0.05479713916574976,0.027807918141723214,0.02783389770863752,3.2356411521797867e-05,3.478190351221485e-05,-368.64,-368.62093853177714,3.5602893002174807,4.860294592410851,-363.7606439393663,-333.47,-305.0,301.0
C/2006 S2,g,3.15839357,99.006662,79.46329774856092,0.2553469324681021,0.24676656508374942,0.13796972121858564,0.13385297541016347,0.13725986890335654,0.13346141393936353,0.004224879494589982,0.004472045912054644,-83.28999999999999,-104.74957407469293,4.403316676374997,85.81119952035709,-18.938374554335844,-653.81,-303.0,302.0
C/2006 S3,g,5.13372946,166.015371,42.78076096296739,0.060755663503155415,0.0607544492926302,0.04349816464696937,0.04383158069457669,0.08480944206733011,0.08520252476164189,0.00039719869595971594,0.0004000517371338192,-44.800000000000004,-44.794732801433156,3.4145132265769473,3.92379513770397,-40.87093766372919,-684.55,-306.0,305.0
C/2006 YC,g,4.94671296,69.543022,76.2596296380762,0.16279947463721656,0.16280219306080507,0.040660051355470864,0.040571451382250844,0.17801843559178943,0.17768565079766122,0.0003439614274808154,0.00034123779913997217,391.46,391.44676491768917,4.2755877214098135,46.612545541595445,438.05931045928463,-46.85,-306.0,311.0
C/2007 D1,g,8.79200698,41.426988,63.13663577646013,0.22028538856449809,0.22029354891703115,0.020766704186189453,0.020661084204237942,0.2379133550668232,0.23780352495034152,0.0001185879180425915,0.00010983012315491774,694.41,694.4018385956635,1.888953261792249,47.90157808832231,742.3034166839858,-218.32,-313.0,322.0
C/2007 Y1,g,3.34342252,110.125744,80.83778197922777,0.029543030743057187,0.02954636456709188,0.04781865540137338,0.048327551696970575,0.06849709227457143,0.06921009174345111,0.0008316313016481688,0.0008348534802856551,250.22999999999996,250.22104953718716,4.323129378110471,31.53842135445418,281.75947089164134,-222.01,-303.0,306.0
C/2009 P2,g,6.54119059,163.445524,123.39329452192962,0.02256540971650979,0.022562663145291977,0.02061218232203067,0.02179931269697657,0.04317151515373054,0.04436006357895114,0.001229679612167494,0.001227606475391895,26.720000000000002,26.716720567201826,4.3701549967471465,19.786384309745124,46.50310487694695,-280.79,-309.0,309.0
C/2009 U5,g,6.09719567,25.459103,69.4981689971462,0.08073493126676956,0.08073166535316885,0.0345688513146506,0.03523007199034005,0.07987437497810003,0.08034787551961727,0.000751134105881401,0.0007391849667277856,-269.28000000000003,-269.262500781355,3.843730024834012,43.816415303645584,-225.44608547770946,53.38,-308.0,305.0
C/2010 D3,g,4.24846025,76.358086,68.83433532762959,0.0649799430539188,0.06498179565831788,0.030070837503855148,0.03009199253108639,0.08743528014604529,0.0874735645366049,3.997591515858725e-05,4.190872115515995e-05,170.45999999999998,170.44919797877301,5.044682628431896,19.9840998392581,190.43329781803112,102.17,-305.0,307.0
C/2010 R1,g,5.62134619,156.925538,14.926566938549312,0.06219746294218014,0.062198114307741637,0.0373462185496317,0.036240142320193264,0.02954057916061631,0.030201784633766427,0.0011293540937331445,0.0011326681879218028,32.300000000000004,32.28907459379538,3.3358486056958667,42.085637182994105,74.37471177678948,-651.84,-307.0,308.0
