desig,cat,theta,in_cap,dperi_deg,w,Om,i,w2,Om2,i2
C/1999 F1,code,89.05687202059292,False,0.14642299894585023,255.167,20.013,92.03,255.3115,20.0186,92.0058
C/1999 J2,code,40.753689945209885,True,0.2016917955895795,127.14,50.043,86.413,126.9408,50.189,86.3877
C/2002 L9,code,107.10080099479119,False,0.2707337706281296,231.432,110.457,68.446,231.6425,110.4274,68.1905
C/2004 B1,code,82.09184635988694,False,0.28549997696172263,327.9,272.802,114.097,327.9861,273.3148,113.8349
C/2004 T3,code,97.29457005825172,False,0.192379058259338,259.677,50.393,71.96,259.8545,50.3525,71.8524
C/2006 S3,code,42.78076096296739,True,0.21275680802297584,140.129,38.371,166.033,140.0431,38.5001,166.036
C/2007 D1,code,63.13663577646013,False,0.38707521403597256,340.159,171.099,41.45,339.9028,170.9347,41.5232
C/2008 S3,code,150.2645387267258,False,0.40572576271182437,39.796,54.923,162.718,40.2445,54.9678,162.7308
C/2009 F4,code,97.18878914674032,False,0.1316427282991859,260.384,53.584,79.348,260.5119,53.5136,79.2711
C/2010 S1,code,91.59253635068222,False,0.16845808851603197,118.614,93.43,125.336,118.6688,93.636,125.4216
C/2010 U3,code,76.13640709447654,False,0.02011394919124688,88.085,43.068,55.512,88.1449,42.9961,55.504
C/2012 A1,code,123.39940331118505,False,0.16416852851481956,191.935,277.971,120.91,192.0008,277.864,121.013
C/2012 K1,code,97.89311822545409,False,0.09433284813277494,203.106,317.738,142.429,203.2148,317.7937,142.683
C/2012 K8,code,64.36647912828865,False,0.1420264912334827,75.851,312.807,106.112,75.8642,312.7237,105.9502
C/2012 LP26,code,84.75016857184762,False,0.19667972401418163,145.156,153.988,25.38,145.2315,154.1185,25.3621
C/2013 E1,code,43.939077172346636,True,0.06496369049686634,311.425,134.028,158.721,311.3263,133.8735,158.7083
C/2013 P3,code,140.41654112119852,False,0.20479339876033326,177.184,177.275,93.91,177.3861,177.3291,93.84
C/2013 US10,code,25.433753689176296,True,0.148178204341441,340.358,186.145,148.878,340.187,186.1179,148.9487
C/2013 V4,code,117.76536335216142,False,0.10838853184762048,40.449,55.621,67.855,40.4911,55.5498,67.943
C/2014 B1,code,67.66311001755666,False,0.14704561578163095,345.842,161.396,28.372,345.8089,161.2774,28.3818
C/2014 OE4,code,59.988487229571945,True,0.15400491245385045,65.743,240.4,81.349,65.8698,240.4518,81.29
C/2014 UN271,code,50.42996376015133,True,0.2246341219428574,326.319,190.023,95.454,326.0935,190.0052,95.4459
C/2015 D3,code,59.10904884858967,True,0.14004762400735313,2.85,156.98,128.509,2.6734,156.8711,128.5748
C/2015 O1,code,39.92711276117641,True,100.10493309015924,89.595,299.857,127.211,89.8777,299.7018,27.1036
C/2015 V2,code,25.591652684304016,True,0.15027822056662848,164.895,69.849,49.877,164.6799,70.049,49.7844
C/2015 X5,code,101.24369850956455,False,0.13276327495848483,27.752,122.315,124.291,27.7095,122.1942,124.3812
C/2015 XY1,code,127.23843383189016,False,0.1290927178509396,196.352,281.617,148.848,196.3804,281.513,148.8553
C/2016 A1,code,89.24785465523676,False,0.15556463390166395,10.32,128.175,121.186,10.2,128.0174,121.2881
C/2016 C1,code,62.91976698886722,False,0.06869878111305648,328.57,181.781,56.179,328.5802,181.6895,56.1973
C/2016 E1,code,25.497018976515726,True,0.15186246019135935,47.319,233.037,131.892,47.2322,233.124,131.8899
C/2017 AB5,code,87.4071357935318,False,0.007826861398698162,78.395,42.69,32.431,78.4659,42.6122,32.4284
C/2017 E3,code,37.753490870441915,True,0.4779437936103269,333.664,220.759,70.665,334.1537,220.7201,70.6655
C/2017 F2,code,33.38598080382069,True,0.1595832533511377,134.917,38.668,42.508,134.7871,38.6279,42.526
C/2017 K1,code,13.687152547309523,True,0.11031688999095206,4.165,225.642,154.009,4.0784,225.6679,154.0304
C/2017 K5,code,66.14942525468733,False,0.06920300883307004,171.835,102.374,82.264,171.8365,102.4407,82.285
C/2017 M4,code,34.34239981154307,True,0.33746233392215874,167.62,65.868,105.657,167.3151,65.9531,105.6566
C/2017 T2,code,60.06552388445875,False,0.20650014693054863,92.99,64.378,57.231,92.7937,64.3596,57.2418
C/2018 U1,code,43.03565777586617,True,0.07219775726356,180.332,75.476,108.301,180.2645,75.4881,108.3302
C/2019 F1,code,84.58643566872902,False,0.18395169834777708,251.087,38.727,54.169,251.2351,38.6727,54.3045
C/2019 K7,code,81.58326088173317,False,0.15965185547347102,27.234,307.893,103.507,27.2805,308.0522,103.4595
C/2019 N1,code,32.12079005895826,True,0.19170601359976247,193.442,13.573,82.428,193.3467,13.4607,82.6385
C/2019 NJ3,code,100.71002488103902,False,0.1447900330694188,246.842,142.455,99.439,246.8633,142.4922,99.2981
C/2019 O3,code,77.11822170749937,False,0.1329430861630104,59.944,300.384,89.82,60.053,300.4838,89.7903
C/2019 Q1,code,124.62384641830019,False,0.1594623386487159,55.926,42.338,155.722,56.2088,42.4832,155.6985
C/2020 F2,code,10.56253955826863,True,0.1397608712487572,48.353,250.275,163.586,48.2238,250.286,163.5909
C/2020 H6,code,7.669910170047783,True,0.19909907646398975,20.348,213.706,79.967,20.1719,213.6482,80.0168
C/2020 K6,code,62.61436145560656,False,0.11256261941375793,44.296,291.526,103.643,44.2206,291.602,103.6286
C/2020 O2,code,45.09694154966412,True,0.191721556248861,10.295,256.756,71.747,10.1005,256.765,71.7728
C/2020 R7,code,63.659948599999204,False,0.16471406263532257,347.838,268.282,114.891,347.6784,268.2929,114.9074
C/2020 S4,code,75.20302202298099,False,0.09893247270497063,20.987,117.722,20.57,21.1281,117.6756,20.5717
C/2020 U4,code,149.8140928604835,False,0.30104094505288187,69.535,120.014,167.036,70.2113,120.4055,167.0033
C/2021 A6,code,55.79335439082586,True,0.11283322177428172,351.734,164.08,75.606,351.6925,163.9912,75.5499
C/2021 A9,code,110.68916055731516,False,0.23372590329855739,211.471,314.836,158.014,211.7164,314.8486,158.0176
C/2021 C5,code,66.30147198051381,False,0.08253375281185085,270.92,323.683,50.781,270.8468,323.6761,50.8093
C/2021 D2,code,83.44217157693465,False,0.1344944107424127,125.028,305.679,83.831,125.1309,305.6105,83.7631
C/2021 E3,code,71.0300574218861,False,0.08852519513765658,228.849,104.468,112.555,228.7722,104.4846,112.5281
C/2021 K3,code,79.56335486685155,False,0.12085240573904893,182.006,114.452,134.775,181.9398,114.517,134.7947
C/2021 Q6,code,131.02737057563874,False,0.009608985911853343,141.023,133.537,161.847,141.0485,133.5734,161.828
C/2021 Y1,code,116.08862179194384,False,0.05796041403862535,245.815,244.77,77.19,245.8626,244.7581,77.1447
C/2022 T1,code,27.996820397181068,True,0.02476717521307729,324.307,236.919,22.544,324.3127,236.8905,22.5357
C/2025 D1,code,82.17305564703653,False,0.09890600516120951,185.885,312.898,84.467,185.9831,312.9035,84.4484
C/2004 B1,warsaw,72.58343797388905,False,0.2856374623094253,327.89993,272.80192,114.096796,327.9861,273.3148,113.8349
C/1999 F1,warsaw,94.82494797849611,False,0.14670406899464314,255.166695,20.012519,92.029856,255.3115,20.0186,92.0058
C/1999 J2,warsaw,35.85393386181852,True,0.20188832916511945,127.140062,50.042583,86.412706,126.9408,50.189,86.3877
C/2002 L9,warsaw,99.76700899190979,False,0.27069535703470127,231.431509,110.457237,68.44554,231.6425,110.4274,68.1905
C/2004 T3,warsaw,96.2792441425876,False,0.19224210969196248,259.677146,50.392989,71.959969,259.8545,50.3525,71.8524
C/2006 S3,warsaw,28.815592672941506,True,0.21413693593093372,140.130169,38.370805,166.032646,140.0431,38.5001,166.036
C/2007 D1,warsaw,78.11441930951894,False,0.38693691002276775,340.159247,171.098537,41.450252,339.9028,170.9347,41.5232
