name,a,q,i,varpi0,theta,in_cap,dv_tide_obs,dv_tide_scr,dv_tide_p9
 82158 (2001 FP185),215.4,34.194,30.79,186.01000000000002,134.82690039008403,False,0.0220556074433748,0.0202339179438255,0.01868245566493234
 90377 Sedna (2003 VB12),543.7,76.185,11.93,95.61000000000001,46.60733467477908,True,0.0020269251382401916,-0.2891925409353252,-0.0005271795986656559
148209 (2000 CR105),229.3,44.169,22.71,85.24000000000001,37.003682066753605,True,-0.30577708639235224,0.03343605058210799,-0.12737374780754102
445473 (2010 VZ98),158.9,34.355,4.51,71.23000000000002,25.86384256716923,True,-0.2790221095125106,-0.36103316956290277,-0.23525903589411362
474640 Alicanto (2004 VN112),342.1,47.371,25.51,33.31999999999999,13.091124928854878,True,0.008948481920873408,0.00993975193463793,0.004348769658481767
505478 (2013 UT15),205.4,43.901,10.65,84.05000000000001,34.42644837883779,True,0.4143872208380875,0.3888804904068615,-0.3358425492238216
506479 (2003 HB57),158.6,38.053,15.5,208.46,155.03359398742995,False,0.34928899024896565,0.32176172576278406,0.34987159911083765
508338 (2015 SO20),169.1,33.197,23.4,28.730000000000018,24.662692352816723,True,-0.024494753729895704,0.05628172247003121,0.004210874529116361
523622 (2007 TG422),555.3,35.622,18.57,38.889999999999986,8.895423009201917,True,0.005208201750160701,0.005767680446038012,0.004780613580867163
527603 (2007 VJ305),195.8,35.25,11.98,3.079999999999984,46.33252996016666,True,-0.07625930667938438,-0.3120003889398455,0.1764441714595182
541132 Leleakuhonua (2015 TG387),1346.0,64.681,11.68,59.360000000000014,29.31272502904861,True,0.0006680164471557876,0.0009129871292715936,0.00013610448721137098
543735 (2014 OS394),154.8,37.083,14.12,86.0,35.32935147599346,True,-0.20842532960381796,-0.16472981160900943,-0.24317679101700845
594337 (2016 QU89),177.0,35.266,16.96,46.46999999999997,3.198529085499248,True,-0.40561309444792926,-0.36906186227008236,-0.34214857629963263
689335 (2013 FL28),374.2,32.151,15.82,159.37,104.66155710775631,False,0.012424066522554983,0.0178698172922197,0.013803682162998045
765047 (2013 RA109),480.1,46.067,12.39,8.009999999999991,40.02074546871663,True,0.006842971968050618,0.007274108889102856,0.004825010467913566
765133 (2013 SL102),321.8,38.176,6.5,0.4900000000000091,48.535963869506936,True,0.01789659253066394,0.023217506187814856,0.027932480142146117
768325 (2015 BP519),486.2,35.296,54.08,123.07,76.75953200567959,False,-0.002371480724695459,-0.002370399526139719,-0.0026604690171441302
771740 (2016 QV89),177.3,39.955,21.39,94.20999999999998,43.53457842268565,True,-0.3295640242665415,0.02415084821322291,-0.3871587862277045
       (2002 GB32),205.1,35.31,14.19,213.88,162.25137669888022,False,0.03226120347957075,-0.14530431938421257,0.0648719638488093
       (2003 SS422),192.9,39.642,16.8,358.15999999999997,51.379140446641614,True,0.035809748176754856,-0.1697777095884848,0.03754383188894194
       (2005 RH52),154.3,39.053,20.45,338.90000000000003,76.19390467480756,False,0.05386090978799856,-0.1790460760482276,0.030858103368379162
       (2012 VP113),267.5,80.642,24.0,25.180000000000007,21.10535433196814,True,0.0046769938875124714,-0.33200022536164453,-0.0032061069707246255
       (2013 FT28),288.3,43.558,17.39,258.23,152.34380937699888,False,0.019842492558986485,-0.20937757073289814,0.43583941912562546
       (2013 RF98),375.8,36.161,29.5,19.940000000000055,24.064024026350765,True,0.006292869441626906,-0.4151158098202807,0.00551038331534609
       (2013 SY99),812.9,49.906,4.23,61.790000000000006,22.98669265142819,True,0.0034824644515785495,0.002939053342270698,0.0011367719454942061
       (2014 FE72),2687.0,36.051,20.6,110.77999999999997,70.34329148507932,False,0.00030908474200539793,0.0007529561802620883,0.00017260297786339342
       (2014 SR349),304.1,47.392,17.96,16.590000000000032,32.93763150694363,True,-0.4521298746113356,0.012290924289629055,-0.18635529065952783
       (2014 SX403),376.9,35.601,42.96,324.20000000000005,84.75641181799374,False,0.0026814362519595775,0.0004298529997070303,-0.0021801984377727954
       (2014 TS115),183.4,34.85,18.25,53.31,3.14894436669577,True,0.005419432569265707,0.06082362467462753,-0.36882847850784267
       (2014 TU115),360.2,34.993,23.53,57.84000000000003,6.1014424458510295,True,0.4763504023501433,0.40636667049061326,0.469593784351735
       (2014 WB556),284.5,42.772,24.15,350.54,57.60113477588424,True,-0.002695320309178388,0.01079345352835669,0.008379297792783163
       (2015 DY248),324.8,33.943,12.92,157.57999999999993,103.32394683984256,False,0.02438415949811789,0.0240054969889969,0.015441279832275124
       (2015 DM319),278.7,39.421,6.84,209.03,156.70329569255202,False,0.03150583228045106,-0.1024690964069884,0.03393605404657292
       (2015 KG163),640.2,40.482,14.0,251.07,157.08374527275743,False,0.009835837878770229,0.004875921308363462,0.006729475601889339
       (2015 RX245),446.1,45.508,12.14,73.76,36.8668593371117,True,0.007619755513955079,0.010656701606011966,0.0024359299448040946
       (2016 EC366),161.3,38.746,37.34,171.70000000000005,104.87325889608915,False,-0.01848471485583766,0.00974433808037333,-0.024956500034004632
       (2016 SG58),244.4,35.114,13.21,55.44,8.578174759715798,True,-0.38980257091133486,0.049752266785262365,-0.41541190077565887
       (2016 SA59),252.6,39.164,21.53,15.370000000000005,35.41609376694146,True,0.028503195619685045,0.020921644024336973,0.014361745046511014
       (2016 SD106),357.5,42.686,4.81,22.54000000000002,31.880106619235193,True,-0.0008503402781332045,0.01957865480626124,0.008420683438745285
       (2017 CL54),217.8,35.997,14.9,156.98000000000002,104.64109561055758,False,0.028821579981972958,0.41876397573938107,-0.012849793115307604
       (2017 OF201),823.6,45.145,16.22,306.5999999999999,99.2300059431303,False,0.003121416145778083,0.0027582745901028514,0.0035770849388628615
       (2021 RR205),949.0,55.604,7.65,317.08,90.96852707886758,False,0.002141684470188145,0.0017715201988676849,0.0011023563050142414
       (2023 KQ14),247.4,65.923,11.0,270.78,134.2225262039066,False,0.011059082457217278,0.01078161186313841,0.0149333194871724
       (2024 FX26),253.7,40.914,15.67,192.88,142.96299583236942,False,0.016491858592642704,0.02236645881687615,0.02805594107429237
