name,a,q,e,i,varpi,theta,cls,lam_opp,sbdb_match,sbdb_varpi,dvarpi_des_sbdb
2003 SS422,190.33116553,39.58693204950057,0.79201025,16.79666443,357.84806875000004,51.68784296923043,Detached,359.50817125228536,(2003 SS422),358.15999999999997,0.3119312499999296
2013 RA109,462.87142999,46.01116342467235,0.90059623,12.39967911,7.713493350000022,40.30796741695444,Detached,345.3167249819116,765047 (2013 RA109),8.009999999999991,0.29650664999996934
2013 RC156,172.69911226,37.433357156697674,0.78324523,34.99972097,308.89321859999995,87.86533393949294,Detached,345.3167249819116,,nan,nan
2013 SL102,314.38495321,38.128117649726306,0.87872156,6.50488761,0.21413193000000774,48.798457055383984,Scattering,359.9344344256434,765133 (2013 SL102),0.4900000000000091,0.27586807000000135
2014 SX403,372.72665549,35.52067698869403,0.90470046,42.93373573,323.93127839,85.00424115820039,Scattering,359.6874198828212,(2014 SX403),324.20000000000005,0.2687216100000569
2014 TS115,178.08120742,34.85807580701691,0.80425742,18.24700809,53.17930421,3.0212552960772237,Scattering,14.42707187589599,(2014 TS115),53.31,0.1306957900000043
2014 TU115,335.25441945,34.987767557577016,0.89563816,23.53272162,57.690477259999966,5.962247139000584,Scattering,14.42707187589599,(2014 TU115),57.84000000000003,0.14952274000006582
2014 WB556,280.0916113,42.69764148379275,0.8475583,24.15750796,350.23078549,57.901872209775604,Detached,60.39193280414037,(2014 WB556),350.54,0.3092145100000039
2015 BP519,448.50388867,35.24988557718501,0.92140562,54.11066262,123.27070008999999,76.90547150653823,Scattering,122.42586963932786,768325 (2015 BP519),123.07,0.200700089999998
2015 SO20,164.76322349,33.171069181237215,0.79867431,23.4104818,28.42144367999998,24.806031315999284,Scattering,359.43634824577634,508338 (2015 SO20),28.730000000000018,0.3085563200000365
2015 UN105,185.27378652,41.40865686664495,0.77650019,37.02407055,0.7814414399999805,51.2289808714226,Detached,29.038495217529828,,nan,nan
2016 QU89,171.52597389,35.24991665871155,0.79449225,16.97565509,46.239897910000025,3.258738557641429,Scattering,330.0602513362759,594337 (2016 QU89),46.46999999999997,0.23010208999994575
2016 QV89,171.62588413,39.95536270126049,0.76719501,21.38753829,94.30144596000002,43.62829050688123,Detached,330.0602513362759,771740 (2016 QV89),94.20999999999998,0.09144596000004412
2016 SA59,244.99312657,39.093191313494515,0.84043148,21.52668557,15.01165456000001,35.772336450552295,Detached,0.15748001258646127,(2016 SA59),15.370000000000005,0.3583454399999937
2016 SD106,350.03689352,42.70457650071649,0.87799978,4.81186392,22.33922002999998,32.04964303522135,Scattering,0.15748001258646127,(2016 SD106),22.54000000000002,0.20077997000004189
2016 SG58,233.00442741,35.106906279869364,0.84932945,13.22083283,55.27371507999999,8.437922500368492,Scattering,0.15748001258646127,(2016 SG58),55.44,0.1662849200000096
