desig,cohort,q,theta,drot_cat,drot_sim,dtau_cat,dtau_unexplained,dres
C/1890 F1,code,1.9027,59.0540698817944,0.21710273073805045,0.2169487454963975,19.32207998135501,11.9592500113501,0.00015398524165294303
C/1898 L1,code,1.6934,84.99079512136034,0.14859726902888157,0.14792819078932612,14.018423689499512,-5.777899856843391,0.0006690782395554484
C/1902 R1,code,0.3975,40.87592891569073,0.15123669191700514,0.15071295601634102,29.447768395878423,5.301445239643577,0.000523735900664124
C/1902 X1,code,2.7765,89.98301632499371,0.07626250758947835,0.07587549456659108,5.618841946787125,-14.730931913511501,0.000387013022887267
C/1912 R1,code,0.7138,83.70497101177986,0.12229071678610343,0.12269057597652462,17.769310355848035,-0.654488911863151,-0.0003998591904211951
C/1913 Y1,code,1.1007,61.14240259461215,0.15400252966489653,0.14943464262332593,18.02044291029093,3.0067002515736494,0.004567887041570601
C/1914 M1,code,3.7423,60.329403075235376,0.2448898026520081,0.24548406368421694,15.540979917275925,8.983041511209583,-0.0005942610322088315
C/1916 G1,code,1.6921,88.49245079808172,0.03164871704031984,0.03439157531286472,2.9868828572483794,-29.39738425494254,-0.0027428582725448833
C/1922 U1,code,2.2566,111.99622609873275,0.050404049241061566,0.05037170275177507,4.1190855798084645,-17.417596485888616,3.2346489286495805e-05
C/1925 F1,code,4.1782,62.90459428238504,0.11702616118615647,0.11753032543693702,7.028564961816794,-0.39637894191372247,-0.0005041642507805505
C/1925 G1,code,1.1054,88.66705985802855,0.19587881681508562,0.1953970142994556,22.87151869808079,11.178523735785552,0.0004818025156300143
C/1925 W1,code,1.5653,102.16582437092381,0.06418305521828398,0.06452987587656446,6.297783272264871,-17.712386124568944,-0.00034682065828048336
C/1932 M1,code,1.6445,66.882374676358,0.12483890933258746,0.12464112654924128,11.950866562379113,-7.08690011277805,0.00019778278334617316
C/1932 M2,code,2.3125,42.38977954777538,0.21202382273638032,0.2120079664108379,17.116724216329708,7.3840158187868035,1.5856325542407124e-05
C/1935 Q1,code,4.0342,95.28520285394622,0.19215227969952745,0.19265968250591187,11.744525875772382,2.072756897945025,-0.0005074028063844216
C/1937 C1,code,1.7354,35.80665597872522,0.4749584727400513,0.47226307117927846,44.26164398493922,-1.3755348303672648,0.0026954015607728588
C/1941 K1,code,0.8786,70.51140844339899,0.20716089345600566,0.2067934701085509,27.131876641804272,14.288965261689812,0.000367423347454765
C/1942 C1,code,1.4409,68.21436022312783,0.13216591174793035,0.12974879282931984,13.516823922288175,-6.476459850544392,0.002417118918610517
C/1944 K2,code,2.2256,36.72036150256957,0.17866994613441933,0.1783202062989626,14.702749787331621,2.0552416604390906,0.0003497398354567194
C/1946 P1,code,1.1295,45.200458531874865,0.24444631049201315,0.2450037195261267,28.23638591435892,11.212858712776136,-0.000557409034113554
C/1946 U1,code,2.4109,174.5085304171846,0.03507639552414586,0.038618033546833117,2.773276746724624,0.1687191101089187,-0.0035416380226872546
C/1947 S1,code,0.7492,67.31940572912822,0.15977916009472581,0.15374969688683782,22.662067813584127,15.501240957322276,0.006029463207887997
C/1947 Y1,code,1.4914,46.97442572142734,0.24855633290376009,0.24913435503983522,24.98590167893125,13.375936566509669,-0.0005780221360751348
C/1948 E1,code,2.095,56.838093623137894,0.3363620937291337,0.33589482569751306,28.52894762028451,16.251301105498936,0.0004672680316206712
C/1948 T1,code,3.2605,139.96654391855517,0.03863227993066768,0.038297865205376876,2.626534923513531,-16.199432030809177,0.00033441472529080474
C/1950 K1,code,2.5713,20.888953764693564,0.1008082147905539,0.10064764636760516,7.7177849335499324,-0.5892718494824187,0.00016056842294873142
C/1954 O2,code,3.8671,106.88034583696285,0.15282344236328788,0.15283821554143243,9.54071728178184,6.125396938772326,-1.477317814455037e-05
C/1954 Y1,code,4.071,97.45275691715825,0.2308145347600023,0.23132317857341775,14.044071060976934,-1.6038055605525354,-0.0005086438134154492
C/1955 G1,code,4.4969,53.32350248315066,0.041376664132553004,0.04111774782203676,2.3955394135805417,-8.140697403186547,0.0002589163105162426
C/1958 R1,code,1.6287,100.3062612486421,0.09793829130342564,0.09381289096727423,9.42128106112862,-8.557694398565552,0.0041254003361514135
C/1959 X1,code,1.2586,28.665860380595625,0.6015848462073804,0.6005622145118913,65.83028912997294,16.890195077886816,0.0010226316954891068
C/1960 M1,code,4.2588,59.684210186405636,0.2080547784520801,0.20827267902374721,12.377065324866994,13.987509893025019,-0.0002179005716671234
C/1973 A1,code,2.509,35.318925922622086,0.12082813819743084,0.12049268307367603,9.36478997556736,2.200498208232262,0.00033545512375481035
C/1977 D1,code,5.7118,67.84928890129315,0.2658822145978943,0.26618874595624237,13.658148963562528,0.1345573133073632,-0.0003065313583480722
C/1978 R3,code,1.7638,135.71742713277138,0.2642531692891949,0.26430970413154015,24.426914282718126,14.381775391508079,-5.6534842345246084e-05
C/1986 P1-A,code,1.1937,46.571897659477,0.15862964131852395,0.15435880450834594,17.824110722891856,-2.587390090371784,0.004270836810178008
C/1990 M1,code,2.6799,6.406486404929726,0.1436512564958488,0.14420826024127534,10.772625180904491,0.587944783270288,-0.0005570037454265264
C/1992 A1,code,3.0079,67.594209372152,0.5153999570886594,0.5150676722872182,36.482821759676035,17.115830803923327,0.0003322848014412072
C/2003 A2,code,11.4227,73.61034296516098,0.02685734557028129,0.026310584191205463,0.9756487616451202,-1.2579805362229075,0.0005467613790758261
C/2003 WT42,code,5.1822,68.46230110855551,0.27580498226755185,0.2756211542835668,14.874253689878042,4.414068869658786,0.00018382798398502986
C/2004 YJ35,code,1.7829,87.53746056906654,0.13697178100965457,0.1370846313449802,12.59312460902103,-7.598373109871886,-0.00011285033532562605
C/2008 FK75,code,4.5055,71.32048449994934,0.10787903940032023,0.10246370393734636,6.239527517526709,-3.9427295887789313,0.005415335462973875
C/2008 S3,code,8.0157,150.2645387267258,0.03352733827351673,0.033287289438160096,1.4528746356674975,22.029581030366735,0.00024004883535663074
C/2009 F4,code,5.4516,97.18878914674032,0.09923951415005564,0.09483287993575572,5.218124238828933,5.707132944962984,0.004406634214299918
C/2010 S1,code,5.9005,91.59253635068222,0.11611898721667681,0.11183389192850161,5.868641929511057,-4.154949278117156,0.004285095288175195
C/2010 U3,code,8.4482,76.13640709447654,0.009894022951558173,0.00953861944075545,0.41793255548491337,9.279238160866822,0.0003554035108027237
C/2011 F1,code,1.8219,62.272014210947354,0.07442031139974051,0.07238084937633829,6.768814189023071,-9.46677312379204,0.0020394620234022165
C/2011 L2,code,1.9381,90.37455043861482,0.2384994350066904,0.2377888723654536,21.031186493355094,9.193329461568085,0.0007105626412368116
C/2011 L4,code,0.3014,149.99828607135487,0.11020944164676225,0.11094631237336211,24.643631822741234,8.378417504141872,-0.0007368707265998642
C/2011 R1,code,2.0833,66.14664001682877,0.10093105593437157,0.10142873810869465,8.58466183378149,-11.574095341913617,-0.000497682174323083
C/2012 A1,code,7.5994,123.39940331118505,0.05488235971561621,0.054748299251725634,2.4444483383692,4.424435150876145,0.00013406046389057708
C/2012 B3,code,3.5359,38.35984223568565,0.03826103453843425,0.038140809852529774,2.497997156214375,-8.444875405622957,0.00012022468590447422
C/2012 CH17,code,1.2965,51.581396477467194,0.07680122379306596,0.08499290792368283,8.280073580166482,-12.072593863660265,-0.00819168413061687
C/2012 F3,code,3.4509,53.80806004492072,0.09410771339121994,0.08920459662304636,6.219264710753292,-25.53233244160343,0.004903116768173579
C/2012 K1,code,1.0512,97.89311822545409,0.20392615474362222,0.19583286809660982,24.417665743181313,18.868888399329993,0.008093286647012393
C/2012 K8,code,6.4594,64.36647912828865,0.06821279494255143,0.06795641407379767,3.2950068197095166,15.157029991707319,0.00025638086875376387
C/2012 LP26,code,6.5436,84.75016857184762,0.0783471433156916,0.0785973829332211,3.760171915241556,-7.927913064003092,-0.0002502396175294991
C/2012 S3,code,2.3105,86.73090397617665,0.0093117963035681,0.01178001092505146,0.7520575871942328,-5.401695797616517,-0.0024682146214833594
C/2013 B2,code,3.7329,76.5548617751706,0.2095826527427044,0.2087685293065184,13.317250040596697,-4.630377660221431,0.0008141234361860039
C/2013 E1,code,7.7795,43.939077172346636,0.04898775182066304,0.04869470237020692,2.156253830608932,-1.290463053490619,0.0002930494504561204
C/2013 G3,code,3.8446,62.410742786980016,0.1393001238807165,0.13814805042921796,8.721599883631782,-12.76455056892918,0.0011520734514985365
C/2013 G8,code,5.1447,97.74924610872351,0.032797926221540756,0.03328759213921095,1.7752056737660085,-13.646548418418048,-0.000489665917670197
C/2013 G9,code,5.3312,32.96239184626536,0.16664061506403208,0.1662756375912631,8.860810650769674,4.297244059970984,0.0003649774727689792
C/2013 P3,code,8.6482,140.41654112119852,0.02831664371926369,0.02786258778576974,1.18216229433509,24.86205204414613,0.0004540559334939506
C/2013 US10,code,0.82,25.433753689176296,0.2097638476346467,0.20705416555413764,28.437613051459188,15.394641946932794,0.0027096820805090627
C/2013 V1,code,1.6553,99.45081757374095,0.23609775041840428,0.23163196367637875,22.528163516000372,-20.06432613323508,0.004465786742025524
C/2013 V4,code,5.1824,117.76536335216142,0.12373559001997063,0.11988045516226749,6.673315014065998,3.31667518783561,0.003855134857703141
C/2013 V5,code,0.6055,109.4750526572692,0.5366845688350196,0.5286515984787085,84.67265213638062,14.281277677626605,0.00803297035631112
C/2014 AA52,code,1.9991,125.2742724915365,0.07626387060828421,0.07631554847174091,6.621682105371984,-5.2728828569799004,-5.1677863456695006e-05
C/2014 B1,code,9.5569,67.66311001755666,0.036040997201642035,0.036871953333460515,1.4314049024818427,8.648743012603449,-0.0008309561318184805
C/2014 M1,code,5.5744,47.04669642525742,0.07253978492423985,0.07242291284112086,3.7721241445103755,-7.4916428126677275,0.00011687208311898789
C/2014 N3,code,3.8861,161.55994161307802,0.03359314331579137,0.034516270680209245,2.0920469959510473,-7.482348747858024,-0.0009231273644178736
C/2014 OE4,code,6.236,59.988487229571945,0.07288201663073167,0.07265321831952307,3.583087477729841,-46.101450348251824,0.00022879831120860283
C/2014 Q6,code,4.2279,113.14978841776136,0.07649814260879138,0.07677625833464602,4.567364817493333,-3.8354377275787694,-0.00027811572585463573
C/2014 UN271,code,10.9491,50.42996376015133,0.03475375596137365,0.034679047226736155,1.2895252580913215,24.964526716299446,7.470873463749639e-05
C/2014 W10,code,7.6561,123.23018435493685,0.05659657373709261,0.05619229427036555,2.5108340945430565,13.192409741315533,0.0004042794667270602
C/2014 W3,code,6.0608,101.10904302628613,0.0324664990422831,0.03195106755377082,1.6189329192345592,-13.501595339887437,0.0005154314885122829
C/2014 W6,code,3.0797,51.43736477901884,0.2892926072111573,0.2903067535760717,20.23829770978915,-1.3539499663898162,-0.0010141463649144256
C/2015 D3,code,8.1447,59.10904884858967,0.04126476705597433,0.04193259248568998,1.775139125457386,5.407834739509152,-0.0006678254297156488
C/2015 H2,code,4.9596,79.08243666097901,0.20475219725462693,0.19836623404837153,11.287400212588345,-3.2137507792931217,0.006385963206255396
C/2015 K7,code,9.9414,40.300099647849514,0.044596093393647444,0.04485976494274229,1.7366804822947484,-15.59895568936246,-0.000263671549094846
C/2015 O1,code,3.721,39.92711276117641,0.17997513724822878,0.17069418461251254,11.454535508786817,7.787541192375847,0.009280952635716239
C/2015 R3,code,4.9033,105.17804494226048,0.03133789171110264,0.030783956902657242,1.7374517527449658,-7.235645004494413,0.0005539348084453999
C/2015 V2,code,1.6308,25.591652684304016,0.259540615083612,0.2539084094751086,24.9503806798176,5.665107951066268,0.00563220560850336
C/2015 VL62,code,2.7226,107.57758183038138,0.39846402871568704,0.3978541317021979,29.645925040625933,-4.919788202965833,0.0006098970134891246
C/2015 X5,code,6.8046,101.24369850956455,0.043843429655882844,0.04439786613598733,2.0635223163905745,7.297825448702968,-0.0005544364801044824
C/2015 X7,code,3.6838,82.93405261545539,0.18796721577063305,0.18830704836125606,12.022819325830906,-1.7328814303986402,-0.0003398325906230071
C/2015 XY1,code,7.9355,127.23843383189016,0.0320049791048066,0.03198616551987616,1.3948202781567982,14.235237721773341,1.881358493043689e-05
C/2016 A1,code,5.328,89.24785465523676,0.07803889850830857,0.07722689221901324,4.150631910208457,4.998145855258038,0.0008120062892953278
C/2016 C1,code,8.4553,62.91976698886722,0.048728865814529926,0.048683000759292355,2.0574993202359098,-9.97111765730849,4.586505523757056e-05
C/2016 E1,code,8.1599,25.497018976515726,0.258641537445601,0.25717996346935573,11.116302501911685,-13.178886734695784,0.001461573976245245
C/2017 AB5,code,9.2197,87.4071357935318,0.004136748632407602,0.004202764782361425,0.16727348548003038,8.936476633894447,-6.601614995382313e-05
C/2017 E3,code,5.9093,37.753490870441915,0.5263144671495582,0.5261034650869859,26.579585243996497,-20.920132226038596,0.00021100206257229637
C/2017 F1,code,4.5089,104.76118052757455,0.1162809452122599,0.11564230895476658,6.722842976568455,-16.704586210940267,0.0006386362574933163
C/2017 F2,code,6.9245,33.38598080382069,0.07702706333557899,0.07696285393328543,3.5935548979969423,-8.26178738672856,6.42094022935552e-05
C/2017 K1,code,7.2757,13.687152547309523,0.04865320205068464,0.048737201025931626,2.2145337000491825,4.602128336860245,-8.399897524698913e-05
C/2017 K5,code,7.6691,66.14942525468733,0.051825025234813325,0.05143060822640657,2.297557390919006,-5.486297477948799,0.00039441700840675553
C/2017 M4,code,3.2447,34.34239981154307,0.4148697035183714,0.40632677693746777,28.2746621233742,20.088267506470633,0.00854292658090361
C/2017 S6,code,1.5473,128.39118515921504,0.15073190039262865,0.1509646334530791,14.876224507056476,-9.401833572354912,-0.00023273306045043518
C/2017 T2,code,1.6193,60.06552388445875,0.08800466726865962,0.08129079874140983,8.490254799771922,-13.018505796226847,0.006713868527249783
C/2018 C2,code,1.9516,19.373741177892324,0.42361548422980194,0.4235302584855875,37.22592057707776,10.602501315029002,8.522574421443441e-05
C/2018 S3,code,8.0047,94.8460123820467,0.002354217835288965,0.0021136375426460286,0.10211511909465025,-7.942063129610904,0.00024058029264293658
C/2018 U1,code,4.9883,43.03565777586617,0.14434842433323902,0.14702894574927305,7.936500157537322,3.180297563560706,-0.002680521416034032
C/2019 F1,code,3.5872,84.58643566872902,0.21076885646741222,0.20860155429341545,13.665389879743971,-13.488323656720539,0.0021673021739967713
C/2019 G4,code,5.8489,54.56169911941095,0.10381097060442454,0.1033667402160188,5.2702163945314195,9.723821968600223,0.0004442303884057419
C/2019 K7,code,4.4629,81.58326088173317,0.26981971157872703,0.2701836986420306,15.679374873271092,10.62718515422202,-0.00036398706330359465
C/2019 N1,code,1.7094,32.12079005895826,0.07594554098701153,0.07992236599439168,7.130957628090886,-6.829358317813825,-0.0039768250073801414
C/2019 NJ3,code,4.3507,100.71002488103902,0.15047105808281283,0.15023319769843338,8.856346366555547,8.088248779696745,0.00023786038437945134
C/2019 O3,code,8.8111,77.11822170749937,0.05847552156483947,0.05230917436242622,2.4194838966298997,0.9901787599606244,0.0061663472024132485
C/2019 Q1,code,4.9926,124.62384641830019,0.15132066836708244,0.15145233578510925,8.314114727613365,-0.9708389205040291,-0.0001316674180268096
C/2020 F2,code,8.8267,10.56253955826863,0.07150776142342276,0.07116863790485978,2.9550794472779045,1.142171438333032,0.00033912351856298095
C/2020 H6,code,4.7058,7.669910170047783,0.045828375016423104,0.04561512599247144,2.5935192280596966,-2.624566988973939,0.00021324902395166573
C/2020 K6,code,5.864,62.61436145560656,0.030571373894456154,0.030589867298128248,1.5499796299426707,-25.402999663817827,-1.849340367209365e-05
C/2020 K8,code,0.4726,134.13966958846717,0.07435347849922218,0.07432501705747853,13.277656627206692,-10.762533562917092,2.8461441743649063e-05
C/2020 N1,code,1.32,108.314950920193,0.07158615309685713,0.07194667052916634,7.648778747296415,-14.804059947435896,-0.00036051743230920696
C/2020 O2,code,4.8571,45.09694154966412,0.19626728523432002,0.19390796101576546,10.933132867175743,5.203279899933937,0.0023593242185545593
C/2020 R7,code,2.9531,63.659948599999204,0.1307454244504798,0.1280292636927709,9.340301934133606,-2.12591616927838,0.002716160757708891
C/2020 S4,code,3.3694,75.20302202298099,0.03355891837307409,0.03806564500573402,2.2444790731194653,-18.435677159829964,-0.004506726632659927
C/2020 U4,code,5.3531,149.8140928604835,0.09261663574832826,0.0923224673989866,4.91431518337581,-17.697725439963932,0.00029416834934166414
C/2021 A6,code,7.9369,55.79335439082586,0.05258576020404798,0.053047834135133407,2.291595847953161,13.578058589323271,-0.0004620739310854244
C/2021 A9,code,7.7612,110.68916055731516,0.036887455714935104,0.037926989163074916,1.6255357018926033,4.5583289427460585,-0.0010395334481398122
C/2021 C5,code,3.2497,66.30147198051381,0.007691482507415024,0.009471585654702238,0.5237974879670881,-21.79081276260543,-0.0017801031472872136
C/2021 D2,code,2.9455,83.44217157693465,0.04923405660745885,0.05407835965624179,3.5217433154406645,-14.864088666387536,-0.004844303048782937
C/2021 E3,code,1.7714,71.0300574218861,0.18521380149415917,0.18235074522054767,17.08359095524405,3.137272320132288,0.0028630562736114973
C/2021 G3,code,5.1892,67.3817104838981,0.05632898240501869,0.05654806223415285,3.0356643397906486,10.962493280390213,-0.00021907982913416113
C/2021 K3,code,5.2202,79.56335486685155,0.19829621127543848,0.19932036107228088,10.654843583484842,-4.095283343970802,-0.0010241497968423996
C/2021 Q6,code,8.7016,131.02737057563874,0.08298246076371617,0.08267726032023384,3.453650419128117,3.9272801274402487,0.0003052004434823258
C/2021 Y1,code,2.0254,116.08862179194384,0.1496838391786553,0.14427285733165093,12.911823376147408,-6.728432779698876,0.005410981847004365
C/2022 K1,code,3.983,69.15694903110875,0.23753636422016752,0.23724035554701323,14.611830302239671,0.2229130066574534,0.0002960086731542966
C/2022 T1,code,3.4517,27.996820397181068,0.08395943395198363,0.0839344805302687,5.547777539628135,-18.756855453264162,2.4953421714934976e-05
C/2025 D1,code,14.1088,82.17305564703653,0.014237070957217263,0.014157351758755739,0.4653925852725976,22.98481505824338,7.971919846152392e-05
C/1885 X1,warsaw,0.63999379,39.97957144419162,0.13155395375132534,0.12308244014540165,20.188169649579567,5.541070488665298,0.008471513605923686
C/1892 Q1,warsaw,0.97466329,66.54757675675941,0.03949660121009354,0.0321223639706488,4.911410067999532,-21.058849422480392,0.007374237239444741
C/1956 R1,warsaw,0.31732219,63.51573054381855,0.13373197269387535,0.1289542433293696,29.14388407851694,24.05677510133086,0.0047777293645057395
C/1959 Y1,warsaw,0.504209,93.70710784409417,0.23942921866339514,0.2012789642724694,41.39380853553863,27.582476231157077,0.03815025439092573
C/1974 F1,warsaw,3.01230367,79.05895209801719,0.03935823637919455,0.03829587840475985,2.7839478992286075,-22.90003084303435,0.0010623579744346995
C/1978 H1,warsaw,1.12973415,45.7927710448596,0.10550168619617918,0.10121490742847906,12.185473450182778,-12.433082185981164,0.004286778767700117
C/1986 P1,warsaw,1.19367382,46.57142915913129,0.15935662814402246,0.15435451742300196,17.9059934581399,-2.586847332788409,0.005002110721020497
C/1989 Q1,warsaw,0.64067579,107.16603130840973,0.1905742843350526,0.18307797842122012,29.229543034566703,3.3759345622081476,0.0074963059138324906
C/1989 X1,warsaw,0.34831385,83.07435291502141,0.10287923776453997,0.10221576854286976,21.399674161131802,9.880284626390607,0.0006634692216702098
C/1991 F2,warsaw,1.51348314,106.17217607597439,0.13687622342566957,0.13527386333893165,13.658621460164552,4.54080168810124,0.0016023600867379195
C/1992 J1,warsaw,3.00047429,78.91347726837249,0.23095434218405367,0.230952465836901,16.368258536490455,-10.56055545141368,1.8763471526794806e-06
C/1993 A1,warsaw,1.94259216,118.75491142908034,0.056579068526675165,0.0409414676201559,4.983926376382042,-14.401077436034209,0.015637600906519264
C/1993 Q1,warsaw,0.96693428,105.69312536908494,0.1869605215187367,0.17301558708057527,23.341033856288135,10.397089029413994,0.013944934438161444
C/1996 E1,warsaw,1.36236744,95.2393353720138,0.42303247096741725,0.4059811409922807,44.49310626929853,-0.6116508712077433,0.01705132997513653
C/1997 J2,warsaw,3.05072071,92.73991911477614,0.21272878688533986,0.2070143298262961,14.952240642113095,2.556506753290453,0.005714457059043748
C/1999 Y1,warsaw,3.08406653,150.33467254110028,0.23662464850953616,0.23211860334778353,16.541553608917205,7.197092214120875,0.004506045161752625
C/2001 B1,warsaw,2.92741701,112.89053295725837,0.18471869360326562,0.18471892287311245,13.254282733466402,0.5390292448247003,-2.292698468298049e-07
C/2001 K3,warsaw,3.06886844,77.6227826227996,0.07271310065491185,0.07271196395790745,5.095636840155925,-13.51281756045131,1.1366970043974467e-06
C/2001 Q4,warsaw,0.96047294,12.32011357405527,0.1323313836589909,0.12660407426563955,16.577077214572586,4.873030777015856,0.0057273093933513375
C/2002 E2,warsaw,1.47022961,29.933120629185627,0.07187781359622682,0.0752371610027716,7.277445954685936,-1.6570002759516589,-0.0033593474065447826
C/2002 Q5,warsaw,1.25026531,41.054726475442344,0.02984239679635324,0.029849052167723,3.2764319309481458,-31.930111357896607,-6.6553713697591055e-06
C/2002 T7,warsaw,0.61543684,80.57019512735297,0.14929060913082443,0.1489781029946485,23.362374383330675,-8.285846480385903,0.0003125061361759218
C/2003 K4,warsaw,1.02053946,38.52173479334302,0.20477914448758477,0.20188664035463547,24.884434930079536,14.516632727707183,0.0028925041329493084
C/2003 T3,warsaw,1.48623673,132.4371716925621,0.09878522783632984,0.09878808110823473,9.947633724479173,-11.066086624719272,-2.8532719048846023e-06
C/2004 B1,warsaw,1.60641136,82.09184635988694,0.09613999246203928,0.09471891789961728,9.31209162796893,-17.37471172333197,0.0014210745624219923
C/2005 E2,warsaw,1.52138713,155.09365297596273,1.1800798934432264,1.1791868816051465,117.45143201380549,56.6479395028273,0.0008930118380798824
C/2006 K3,warsaw,2.50325995,155.4737018682359,0.04134172277110909,0.04323851044125996,3.207864164739587,-5.728607838306612,-0.0018967876701508693
C/2006 L2,warsaw,1.98559713,35.7982554283485,0.26816593626220286,0.26816530572836406,23.362508684799714,9.021738793856423,6.305338388079562e-07
C/2006 P1,warsaw,0.17003705,120.57604452896905,0.03613694519143973,0.0362234292237643,10.758281138586552,-4.108750468477165,-8.648403232457136e-05
C/2006 Q1,warsaw,2.76497731,34.64539758250486,0.09497690142023271,0.09246432146342665,7.012129269511222,-10.599555995514006,0.002512579956806066
C/2007 N3,warsaw,1.20594372,17.130102294565614,0.16758881175542453,0.167292909462099,18.73477885790811,11.040872883609303,0.0002959022933255451
C/2007 O1,warsaw,2.86341562,62.688003802254876,0.5923109783095238,0.5922945556564186,42.97064795772057,12.696266505117496,1.642265310519697e-05
C/2007 Q1,warsaw,3.01650403,110.04804251581689,0.11292581442755344,0.11291340175510729,7.98218608621534,-31.13382116746245,1.2412672446143747e-05
C/2007 Q3,warsaw,2.25546432,63.98182449099164,0.05725944881663647,0.05725564406260313,4.6805631055981465,-7.857936063085389,3.804754033338853e-06
C/2007 W3,warsaw,1.77616467,52.65403740436752,0.17530987172999418,0.1669085443180815,16.148475538976317,-1.6942753275162215,0.008401327411912685
C/2008 C1,warsaw,1.26642335,86.08381851986317,0.058246679265519,0.05824470183523023,6.354032686252833,-9.144738803223094,1.977430288770121e-06
C/2008 J6,warsaw,1.99507614,90.21350076094028,0.31249236574481876,0.31249550889283745,27.159776137840325,6.379011881338009,-3.143148018691644e-06
C/2008 T2,warsaw,1.2055687,73.49199035003241,0.046987982158440515,0.046980281775790576,5.253549110553965,-12.150103527958919,7.700382649938886e-06
C/2009 K5,warsaw,1.41933411,50.79178414969275,0.1732300242439127,0.17323141247332965,17.850529737746683,4.801089091557943,-1.3882294169487164e-06
C/2009 O4,warsaw,2.55680478,129.776453176615,0.21451847511124167,0.21447530806083348,16.468551602081245,8.199233940034127,4.3167050408188246e-05
C/2009 R1,warsaw,0.39442252,77.64379188090138,0.42321079361182834,0.4014001506769227,82.72517660671843,30.602978273255474,0.021810642934905644
C/1972 L1,warsaw,4.2645889,47.36592579679729,0.31697796989361904,0.3169683329334777,18.84416108133627,-8.034696908558438,9.63696014133486e-06
C/1973 W1,warsaw,3.84026288,150.70607462914163,0.09266008824849349,0.09266301451181341,5.805073026536164,-2.421550534510759,-2.9262633199217403e-06
C/1974 V1,warsaw,6.01579264,142.56442370101453,0.1628081893138116,0.16280617236733222,8.148996082774877,-10.172451867695488,2.0169464793884373e-06
C/1976 D2,warsaw,6.88171236,30.170043761762596,0.04212035929483719,0.04212089587304467,1.971286238266541,20.388388223128153,-5.365782074773229e-07
C/1976 U1,warsaw,5.85519975,89.75527684911135,0.02289840002162557,0.02288567859331459,1.161783040317614,-22.2294774127142,1.2721428310977223e-05
C/1978 A1,warsaw,5.60844086,28.272305381018477,0.08112076853160953,0.08111947561766852,4.205295612501029,2.964152881332735,1.2929139410061685e-06
C/1979 M3,warsaw,4.69146981,76.94619240506869,0.041944175073556696,0.04194340054914292,2.3773946830835584,-2.9859206937681875,7.745244137782881e-07
C/1980 E1,warsaw,3.16929496,42.495183761641464,5.713574811085509,5.705698874290454,394.00401379781607,305.98787451358453,0.00787593679505516
C/1983 O1,warsaw,3.32563612,167.80763726343366,0.04521568474854838,0.05109015996753241,3.0439378500562047,-1.9311262181250566,-0.005874475218984029
C/1987 F1,warsaw,3.62427914,38.235698929928354,0.047309582701842,0.0473098544995205,3.050889926052571,-2.0637196145334586,-2.717976785027165e-07
C/1987 H1,warsaw,5.45109244,41.52373478389679,0.16089477293602447,0.16089018751096737,8.460338542787635,6.699297318462861,4.585425057102022e-06
C/1987 W3,warsaw,3.32264693,168.1333857080227,0.4814101770743065,0.481368938749766,32.421254128342696,18.910712664391518,4.123832454050458e-05
C/1988 B1,warsaw,5.03079825,74.9995793387083,0.07412350004657893,0.07411868156217241,4.057042027327746,0.28773359221657735,4.818484406518553e-06
C/1993 F1,warsaw,5.89949798,79.73229841672058,0.09538245709046056,0.09537995209904085,4.821294582316963,-7.446582182504687,2.5049914197106116e-06
C/1993 K1,warsaw,4.84471237,63.47824969214643,0.07392199909860087,0.07391754133166592,4.123070381878663,-21.83789930931432,4.457766934945484e-06
C/1997 A1,warsaw,3.16326982,105.57013521743687,0.08117992459984942,0.08117950364799992,5.603353796284923,0.7232376593550134,4.209518495029707e-07
C/1999 F1,warsaw,5.78838144,89.05687202059292,0.03321284603396261,0.03321377119844269,1.6947802914124321,7.863864359097947,-9.251644800811754e-07
C/1999 F2,warsaw,4.72811386,20.966289755085004,0.09583578370927022,0.09583151477212641,5.410902852153619,-4.823812943795593,4.268937143808715e-06
C/1999 J2,warsaw,7.11363383,40.753689945209885,0.018304004375634224,0.018302469929444797,0.842519435847592,5.147371130902911,1.534446189426636e-06
C/1999 K5,warsaw,3.25370073,93.64442347997289,0.05957718869469411,0.05956952438096099,4.054712821598989,-21.230740505214072,7.66431373312032e-06
C/1999 N4,warsaw,5.51393119,40.62764947225594,0.06759456782071736,0.06759009489687509,3.534171181847936,-4.204485466741714,4.472923842271936e-06
C/1999 S2,warsaw,6.46202592,77.33061865865095,0.11438409019689327,0.11438289139811428,5.524360310129902,-14.092262369152625,1.1987987789952026e-06
C/1999 U1,warsaw,4.13652185,114.88852639392638,0.227050993526589,0.22702939286088522,13.705107870816219,-11.419356561275652,2.1600665703780386e-05
C/1999 U4,warsaw,4.8867074,92.77358780267605,0.5046026663904266,0.5044886117720072,28.023322725811393,-30.52989805032471,0.00011405461841940134
C/2000 A1,warsaw,9.74094723,87.72286382445886,0.061097434061132626,0.06110283455118575,2.403459024045236,8.089863679323061,-5.400490053125706e-06
C/2000 K1,warsaw,6.27823901,37.79147761689358,0.029383712564502507,0.029381762404120756,1.4397187066753991,9.179262786206024,1.95016038175011e-06
C/2000 O1,warsaw,5.9148729,141.0508455294425,0.11506481077303257,0.11506542546332106,5.80846454361761,16.947700201379476,-6.146902884890393e-07
C/2000 Y1,warsaw,7.96805733,153.4041759343884,0.16006287836310135,0.1601459161831162,6.962993006623505,12.689485109346817,-8.303782001484183e-05
C/2001 C1,warsaw,5.11002022,52.186912949782986,0.051595391501354906,0.051591959265899705,2.8020183279761977,-8.804758552720468,3.4322354552016043e-06
C/2001 G1,warsaw,8.23895535,32.97579059081934,0.04850578657235009,0.048499396121790765,2.0746869025849333,6.432172030149745,6.390450559327909e-06
C/2001 K5,warsaw,5.18958159,47.118114339487015,0.04847146546177208,0.04846887792053732,2.61208966419624,2.5083425204428265,2.5875412347567406e-06
C/2002 A3,warsaw,5.14305257,102.85648332908835,0.3763131749207545,0.3763102819793717,20.37034644256768,-49.79032698819675,2.892941382781622e-06
C/2002 J4,warsaw,3.63841226,86.82690395135192,0.0466187336878468,0.046616993796135466,3.000405958244765,-13.283231117340383,1.7398917113373158e-06
C/2002 J5,warsaw,5.72509311,55.078251431596534,0.03125232877451703,0.03125353399605298,1.6036005416575219,-7.077101517067927,-1.2052215359534268e-06
C/2002 L9,warsaw,7.03551955,107.10080099479119,0.030531691327401314,0.030531642678985754,1.4131734384427799,8.180077522497214,4.864841555984878e-08
C/2002 R3,warsaw,3.87017657,145.20681558573153,0.10062278576370422,0.09885603997524171,6.279316339274844,-5.019374081895399,0.0017667457884625037
C/2003 G1,warsaw,4.92065682,35.99418463068832,0.03969200687762597,0.03968921173833326,2.196648671939365,-3.7684365984164754,2.7951392927091923e-06
C/2003 S3,warsaw,8.12669499,137.16202768039912,0.067888094951962,0.06788863347572952,2.9236962188633195,4.587074660970358,-5.385237675098464e-07
C/2004 P1,warsaw,6.02262457,83.21619718864824,0.08662217810300364,0.08662189746218965,4.333326892765922,-1.8983333639769953,2.806408139904848e-07
C/2004 T3,warsaw,8.86554953,97.29457005825172,0.009175425546269463,0.00917512512128412,0.37833730923226644,10.6182430678531,3.004249853437446e-07
C/2004 X3,warsaw,4.38911289,58.21110673362082,0.3943171929111327,0.394301714246161,23.105847452516258,-4.534600344443213,1.5478664971702027e-05
C/2005 B1,warsaw,3.2059358,90.21775195047223,0.056080270460073856,0.05651127083327272,3.8449979093756443,-15.634441367662397,-0.00043100037319886153
C/2005 G1,warsaw,4.95322048,63.57524466190257,0.12881830553722393,0.128818196098796,7.105671360590689,-9.884274192978989,1.0943842793098568e-07
C/2005 K1,warsaw,3.69197608,59.797304687953684,0.1934907465799744,0.191706664249125,12.362234890251296,3.918495672220942,0.0017840823308493958
C/2005 L3,warsaw,5.58682654,36.41948046763068,0.08343005314217823,0.08343070283048176,4.333503139509813,-1.8246277653968939,-6.496883035306267e-07
C/2005 Q1,warsaw,6.39876801,113.6988485278937,0.23392440425139574,0.23391763333712573,11.35284518355098,-20.99408184641145,6.770914270010087e-06
C/2006 E1,warsaw,6.0360765,88.50688935336716,0.08118347712003583,0.08118283326960185,4.056702358643767,8.62630146687744,6.438504339817408e-07
C/2006 K1,warsaw,4.42388653,145.27496169094468,0.04438640913353685,0.04438299998613981,2.5906746509771965,-17.658008765571815,3.409147397041845e-06
C/2006 S2,warsaw,3.15839357,79.46329774856092,0.2553469324681021,0.24676656508374942,17.639629884511965,11.234328478564372,0.008580367384352666
C/2006 S3,warsaw,5.13372946,42.78076096296739,0.060755663503155415,0.0607544492926302,3.2918117021947704,1.1182586777012853,1.2142105252146984e-06
C/2006 YC,warsaw,4.94671296,76.2596296380762,0.16279947463721656,0.16280219306080507,8.986326603618163,-3.7091672901359,-2.718423588510266e-06
C/2007 D1,warsaw,8.79200698,63.13663577646013,0.22028538856449809,0.22029354891703115,9.121156951755125,-31.233053681497417,-8.160352533065351e-06
C/2007 Y1,warsaw,3.34342252,80.83778197922777,0.029543030743057187,0.02954636456709188,1.9835053785022718,-4.9733512337627825,-3.333824034692373e-06
C/2009 P2,warsaw,6.54119059,123.39329452192962,0.02256540971650979,0.022562663145291977,1.0831569562672216,7.841113545269891,2.74657121781402e-06
C/2009 U5,warsaw,6.09719567,69.4981689971462,0.08073493126676956,0.08073166535316885,4.0140977171289025,-15.973705613668148,3.2659136007112677e-06
C/2010 D3,warsaw,4.24846025,68.83433532762959,0.0649799430539188,0.06498179565831788,3.8702167110701238,-1.346302596279212,-1.8526043990829688e-06
C/2010 R1,warsaw,5.62134619,14.926566938549312,0.06219746294218014,0.062198114307741637,3.2206290827639124,0.19544142768068617,-6.513655614950875e-07
